,Depth,GR,ILD_log10,DeltaPHI,PHIND,PE,Well Name,Facies,NM_M
0,2808.0,66.27600000000001,0.63,3.3,10.65,3.591,STUART,2,1
1,2808.5,77.252,0.585,6.5,11.95,3.341,STUART,2,1
2,2809.0,82.899,0.5660000000000001,9.4,13.6,3.0639999999999996,STUART,2,1
3,2809.5,80.671,0.593,9.5,13.25,2.977,STUART,2,1
4,2810.0,75.971,0.638,8.7,12.35,3.02,STUART,2,1
5,2810.5,73.955,0.667,6.9,12.25,3.0860000000000003,STUART,2,1
6,2811.0,77.962,0.674,6.5,12.45,3.092,STUART,2,1
7,2811.5,83.89399999999999,0.667,6.3,12.65,3.123,STUART,2,1
8,2812.0,84.42399999999999,0.653,6.7,13.05,3.1210000000000004,STUART,2,1
9,2812.5,83.16,0.642,7.3,12.95,3.127,STUART,2,1
10,2813.0,79.063,0.6509999999999999,7.3,12.05,3.147,STUART,2,1
11,2813.5,69.002,0.677,6.2,10.8,3.096,STUART,2,1
12,2814.0,63.983000000000004,0.69,4.4,9.7,3.103,STUART,2,1
13,2814.5,61.797,0.675,3.5,9.15,3.1010000000000004,STUART,2,1
14,2815.0,61.372,0.6459999999999999,2.8,9.3,3.065,STUART,2,1
15,2815.5,63.535,0.621,2.8,9.8,2.9819999999999998,STUART,2,1
16,2816.0,65.126,0.6,3.3,10.55,2.9139999999999997,STUART,2,1
17,2816.5,75.93,0.5760000000000001,3.4,11.9,2.845,STUART,2,1
18,2817.0,85.07700000000001,0.584,4.4,12.9,2.8539999999999996,STUART,2,1
19,2817.5,89.459,0.598,6.6,13.5,2.986,STUART,2,1
20,2818.0,88.619,0.61,7.2,14.8,2.988,STUART,2,1
21,2818.5,81.593,0.636,6.4,13.9,2.998,STUART,2,1
22,2819.0,66.595,0.7020000000000001,2.8,11.4,2.988,STUART,2,1
23,2819.5,55.081,0.789,2.7,8.15,3.028,STUART,2,1
24,2820.0,48.111999999999995,0.84,1.0,7.5,3.073,STUART,2,1
25,2820.5,43.73,0.846,0.4,7.1,3.1460000000000004,STUART,2,1
26,2821.0,44.097,0.84,0.7,6.65,3.205,STUART,2,1
27,2821.5,46.839,0.8420000000000001,0.8,6.6,3.2539999999999996,STUART,2,1
28,2822.0,50.348,0.843,1.1,6.75,3.23,STUART,2,1
29,2822.5,57.129,0.8220000000000001,2.2,7.3,3.237,STUART,2,1
30,2823.0,64.465,0.777,4.4,8.4,3.259,STUART,2,1
31,2823.5,70.267,0.7290000000000001,7.1,9.85,3.2889999999999997,STUART,2,1
32,2824.0,76.566,0.664,10.7,11.55,3.3810000000000002,STUART,2,1
33,2824.5,76.778,0.643,10.7,12.25,3.452,STUART,2,1
34,2825.0,73.971,0.632,9.7,12.55,3.3960000000000004,STUART,2,1
35,2825.5,74.314,0.622,8.8,13.1,3.1439999999999997,STUART,3,1
36,2826.0,77.031,0.583,4.8,16.2,3.034,STUART,3,1
37,2826.5,74.469,0.517,4.8,19.2,2.931,STUART,3,1
38,2827.0,73.327,0.489,6.3,20.35,2.88,STUART,3,1
39,2827.5,74.575,0.526,4.9,19.25,2.795,STUART,3,1
40,2828.0,70.536,0.5579999999999999,6.5,17.05,3.009,STUART,3,1
41,2828.5,62.93899999999999,0.528,7.6,18.8,3.073,STUART,3,1
42,2829.0,57.137,0.511,10.9,19.15,3.313,STUART,3,1
43,2829.5,47.345,0.584,7.0,16.3,3.5269999999999997,STUART,8,2
44,2830.0,35.733000000000004,0.73,6.4,10.2,3.928,STUART,8,2
45,2830.5,29.326999999999998,0.873,2.7,7.85,4.33,STUART,8,2
46,2831.0,28.241999999999997,0.963,1.4,6.3,4.413,STUART,8,2
47,2831.5,34.558,1.018,1.8,5.6,4.511,STUART,6,2
48,2832.0,43.754,1.054,1.8,5.2,4.412,STUART,6,2
49,2832.5,53.611999999999995,1.067,1.5,5.05,4.226,STUART,6,2
50,2833.0,60.718999999999994,1.0390000000000001,1.9,4.85,3.931,STUART,6,2
51,2833.5,66.538,0.94,2.7,5.45,3.7030000000000003,STUART,6,2
52,2834.0,75.52199999999999,0.8009999999999999,4.0,7.3,3.5010000000000003,STUART,6,2
53,2834.5,95.979,0.6920000000000001,6.5,9.55,3.346,STUART,6,2
54,2835.0,130.26,0.644,8.3,11.15,3.242,STUART,6,2
55,2835.5,160.167,0.643,9.3,12.15,3.2939999999999996,STUART,6,2
56,2836.0,176.528,0.6729999999999999,9.1,12.05,3.298,STUART,6,2
57,2836.5,175.622,0.72,8.9,12.15,3.3489999999999998,STUART,6,2
58,2837.0,153.965,0.7559999999999999,7.6,11.9,3.31,STUART,6,2
59,2837.5,120.07600000000001,0.7659999999999999,7.2,12.2,3.365,STUART,6,2
60,2838.0,91.434,0.787,7.1,12.15,3.392,STUART,6,2
61,2838.5,69.312,0.8740000000000001,4.6,10.4,3.293,STUART,6,2
62,2839.0,54.828,1.0290000000000001,0.8,8.2,3.395,STUART,6,2
63,2839.5,50.854,1.149,0.3,6.85,3.5,STUART,6,2
64,2840.0,54.632,1.09,1.0,7.4,3.576,STUART,6,2
65,2840.5,56.835,0.924,4.1,8.45,3.555,STUART,6,2
66,2841.0,60.393,0.7879999999999999,7.1,10.05,3.591,STUART,6,2
67,2841.5,58.94,0.733,8.1,11.15,3.576,STUART,6,2
68,2842.0,49.718999999999994,0.754,6.1,10.75,3.6689999999999996,STUART,6,2
69,2842.5,41.403999999999996,0.8190000000000001,3.5,9.55,3.872,STUART,6,2
70,2843.0,36.084,0.882,1.6,8.2,4.125,STUART,6,2
71,2843.5,29.344,0.897,0.1,7.25,4.23,STUART,8,2
72,2844.0,24.072,0.841,-0.6,6.8,4.302,STUART,8,2
73,2844.5,22.62,0.733,-2.5,7.65,4.348,STUART,8,2
74,2845.0,22.408,0.597,-3.8,9.5,4.29,STUART,8,2
75,2845.5,21.184,0.469,-2.7,11.05,4.255,STUART,8,2
76,2846.0,21.796,0.375,-2.3,13.35,4.213,STUART,8,2
77,2846.5,23.925,0.314,-1.8,15.1,4.363,STUART,8,2
78,2847.0,24.464000000000002,0.278,-1.3,16.15,4.495,STUART,8,2
79,2847.5,26.039,0.257,-1.9,16.55,4.602,STUART,9,2
80,2848.0,27.491,0.247,-2.5,16.45,4.544,STUART,9,2
81,2848.5,28.193,0.249,-2.4,16.3,4.587,STUART,9,2
82,2849.0,28.634,0.265,-1.9,16.15,4.678,STUART,9,2
83,2849.5,29.809,0.299,-1.0,15.2,4.8660000000000005,STUART,9,2
84,2850.0,31.171999999999997,0.349,-1.5,14.15,4.783,STUART,9,2
85,2850.5,33.448,0.418,-1.1,12.65,4.688,STUART,8,2
86,2851.0,33.514,0.503,-1.2,11.3,4.628,STUART,8,2
87,2851.5,35.146,0.593,-0.5,10.05,4.387,STUART,8,2
88,2852.0,35.953,0.6709999999999999,-0.7,9.45,4.291,STUART,8,2
89,2852.5,35.178000000000004,0.7290000000000001,-0.6,9.0,4.178,STUART,8,2
90,2853.0,36.109,0.773,0.1,8.35,4.203,STUART,8,2
91,2853.5,38.769,0.82,1.3,7.55,4.262,STUART,8,2
92,2854.0,39.510999999999996,0.873,1.3,7.05,4.387,STUART,8,2
93,2854.5,40.523,0.927,2.6,6.5,4.006,STUART,8,2
94,2855.0,42.693999999999996,0.9640000000000001,2.8,6.8,3.718,STUART,6,2
95,2855.5,45.297,0.9590000000000001,3.0,7.3,3.594,STUART,6,2
96,2856.0,48.145,0.915,3.8,8.2,3.46,STUART,6,2
97,2856.5,51.041000000000004,0.862,5.9,8.75,3.333,STUART,6,2
98,2857.0,56.125,0.825,7.4,9.3,3.3360000000000003,STUART,6,2
99,2857.5,62.205,0.807,6.4,9.9,3.362,STUART,6,2
100,2858.0,64.865,0.794,4.7,10.25,3.2439999999999998,STUART,6,2
101,2858.5,68.186,0.7709999999999999,4.1,10.25,3.174,STUART,6,2
102,2859.0,72.421,0.743,4.1,10.55,3.174,STUART,6,2
103,2859.5,74.322,0.73,4.5,10.65,3.187,STUART,6,2
104,2860.0,72.543,0.748,4.1,10.35,3.359,STUART,6,2
105,2860.5,65.672,0.8140000000000001,3.5,9.05,3.6180000000000003,STUART,6,2
106,2861.0,57.153,0.951,1.7,6.75,3.9019999999999997,STUART,6,2
107,2861.5,46.056000000000004,1.148,0.1,4.55,4.221,STUART,6,2
108,2862.0,37.961,1.324,0.0,3.3,4.561,STUART,6,2
109,2862.5,33.579,1.402,-0.2,2.8,4.7989999999999995,STUART,6,2
110,2863.0,31.212,1.439,-0.4,2.7,4.874,STUART,6,2
111,2863.5,30.176,1.486,-0.5,2.55,4.787,STUART,6,2
112,2864.0,29.858,1.507,-0.7,2.75,4.622,STUART,6,2
113,2864.5,29.923000000000002,1.433,-0.6,3.3,4.375,STUART,6,2
114,2865.0,34.428000000000004,1.2790000000000001,0.0,4.0,4.115,STUART,6,2
115,2865.5,39.935,1.1340000000000001,0.8,4.6,3.9789999999999996,STUART,6,2
116,2866.0,39.935,1.1340000000000001,0.8,4.6,3.9789999999999996,STUART,6,2
117,2866.5,46.823,1.05,1.3,5.15,3.727,STUART,8,2
118,2867.0,57.968999999999994,1.01,2.0,5.2,3.537,STUART,8,2
119,2867.5,71.24600000000001,0.9540000000000001,2.3,5.65,3.4819999999999998,STUART,8,2
120,2868.0,82.54799999999999,0.843,3.2,7.2,3.532,STUART,3,1
121,2868.5,92.119,0.718,4.9,8.95,3.484,STUART,3,1
122,2869.0,93.564,0.635,7.0,11.1,3.4019999999999997,STUART,3,1
123,2869.5,86.26,0.615,9.0,11.9,3.486,STUART,3,1
124,2870.0,77.097,0.637,9.5,11.25,3.56,STUART,3,1
125,2870.5,67.68,0.6509999999999999,9.2,10.7,3.4730000000000003,STUART,3,1
126,2871.0,64.04899999999999,0.639,8.5,10.65,3.4010000000000002,STUART,3,1
127,2871.5,67.566,0.621,7.5,11.45,3.307,STUART,2,1
128,2872.0,69.72800000000001,0.604,7.1,12.45,3.28,STUART,2,1
129,2872.5,67.96600000000001,0.5820000000000001,8.3,13.45,3.253,STUART,2,1
130,2873.0,65.803,0.565,9.6,13.5,3.284,STUART,2,1
131,2873.5,62.351000000000006,0.575,10.1,11.85,3.405,STUART,2,1
132,2874.0,59.512,0.621,10.1,9.65,3.5039999999999996,STUART,2,1
133,2874.5,61.176,0.691,9.9,8.15,3.5869999999999997,STUART,2,1
134,2875.0,65.75399999999999,0.7509999999999999,9.6,7.7,3.605,STUART,2,1
135,2875.5,66.66,0.768,9.0,8.2,3.505,STUART,2,1
136,2876.0,64.604,0.742,8.0,8.9,3.411,STUART,2,1
137,2876.5,61.699,0.696,7.0,9.2,3.319,STUART,2,1
138,2877.0,58.353,0.657,5.6,9.3,3.265,STUART,2,1
139,2877.5,55.928999999999995,0.64,4.2,9.2,3.167,STUART,2,1
140,2878.0,57.413999999999994,0.64,4.0,9.1,3.181,STUART,2,1
141,2878.5,60.393,0.64,3.8,9.3,3.133,STUART,2,1
142,2879.0,65.90100000000001,0.636,4.2,9.9,3.1630000000000003,STUART,2,1
143,2879.5,71.385,0.635,5.8,10.8,3.1310000000000002,STUART,2,1
144,2880.0,75.816,0.625,4.9,13.55,2.997,STUART,2,1
145,2880.5,75.334,0.5870000000000001,5.6,15.9,2.938,STUART,3,1
146,2881.0,72.69,0.5579999999999999,4.8,18.5,2.969,STUART,3,1
147,2881.5,68.635,0.5579999999999999,6.9,19.45,3.1039999999999996,STUART,3,1
148,2882.0,60.695,0.52,7.5,21.25,3.147,STUART,3,1
149,2882.5,51.645,0.501,5.6,18.1,3.3539999999999996,STUART,3,1
150,2883.0,41.918,0.5479999999999999,7.0,10.9,3.764,STUART,8,2
151,2883.5,32.991,0.633,7.7,6.35,4.109,STUART,8,2
152,2884.0,28.258000000000003,0.705,5.0,6.1,4.154,STUART,8,2
153,2884.5,26.635,0.769,4.1,5.35,4.321000000000001,STUART,8,2
154,2885.0,25.541,0.847,3.6,4.8,4.476,STUART,6,2
155,2885.5,23.795,0.948,2.3,4.45,4.565,STUART,6,2
156,2886.0,20.719,1.061,2.2,3.5,4.615,STUART,6,2
157,2886.5,18.499000000000002,1.139,2.4,3.2,4.696000000000001,STUART,6,2
158,2887.0,19.445999999999998,1.1179999999999999,1.5,4.65,4.668,STUART,6,2
159,2887.5,21.388,1.0190000000000001,1.0,7.1,4.579,STUART,6,2
160,2888.0,24.178,0.9079999999999999,1.2,9.2,4.292,STUART,6,2
161,2888.5,27.638,0.812,0.0,11.1,4.046,STUART,6,2
162,2889.0,31.669,0.7240000000000001,0.9,11.45,3.822,STUART,6,2
163,2889.5,39.389,0.627,3.4,11.2,3.6289999999999996,STUART,6,2
164,2890.0,49.385,0.535,6.4,11.5,3.517,STUART,6,2
165,2890.5,58.516000000000005,0.488,9.0,11.4,3.4739999999999998,STUART,6,2
166,2891.0,66.619,0.511,9.2,10.8,3.613,STUART,6,2
167,2891.5,67.296,0.602,6.4,9.5,3.862,STUART,6,2
168,2892.0,57.798,0.745,3.7,8.25,4.052,STUART,6,2
169,2892.5,48.169,0.912,1.1,7.45,4.2410000000000005,STUART,6,2
170,2893.0,41.437,1.045,0.4,6.3,4.476,STUART,6,2
171,2893.5,39.348,1.117,0.1,5.35,4.712,STUART,6,2
172,2894.0,49.312,1.1440000000000001,1.0,4.5,4.56,STUART,6,2
173,2894.5,61.983999999999995,1.143,0.7,4.85,4.605,STUART,6,2
174,2895.0,73.506,1.122,0.9,5.75,4.574,STUART,6,2
175,2895.5,74.208,1.095,0.3,6.85,4.478,STUART,6,2
176,2896.0,67.819,1.072,-0.7,7.55,4.444,STUART,6,2
177,2896.5,61.625,1.057,-1.2,7.4,4.439,STUART,6,2
178,2897.0,61.625,1.057,-1.2,7.4,4.439,STUART,6,2
179,2897.5,55.481,1.041,-0.9,6.55,4.335,STUART,8,2
180,2898.0,57.251000000000005,0.98,-0.1,5.75,3.907,STUART,8,2
181,2898.5,67.28,0.84,-0.6,7.1,3.58,STUART,8,2
182,2899.0,76.02,0.6859999999999999,0.7,9.45,3.23,STUART,3,1
183,2899.5,84.45700000000001,0.603,2.5,12.45,2.967,STUART,3,1
184,2900.0,89.01899999999999,0.595,4.6,14.9,2.7939999999999996,STUART,3,1
185,2900.5,89.93299999999999,0.591,3.9,18.55,2.7889999999999997,STUART,3,1
186,2901.0,89.38600000000001,0.539,4.5,22.55,2.861,STUART,3,1
187,2901.5,89.427,0.479,6.2,25.4,2.935,STUART,3,1
188,2902.0,87.51700000000001,0.461,7.6,24.4,3.128,STUART,3,1
189,2902.5,83.74700000000001,0.485,8.7,23.15,3.284,STUART,3,1
190,2903.0,78.304,0.541,6.1,21.25,3.332,STUART,3,1
191,2903.5,71.858,0.635,8.5,15.95,3.485,STUART,3,1
192,2904.0,64.70100000000001,0.737,5.0,15.7,3.471,STUART,3,1
193,2904.5,64.293,0.752,1.7,17.15,3.45,STUART,3,1
194,2905.0,67.158,0.6859999999999999,-0.3,19.95,3.2760000000000002,STUART,3,1
195,2905.5,72.47800000000001,0.631,0.2,20.4,3.1710000000000003,STUART,3,1
196,2906.0,78.068,0.614,5.0,18.1,3.252,STUART,3,1
197,2906.5,73.008,0.5920000000000001,2.4,20.1,3.175,STUART,3,1
198,2907.0,64.64399999999999,0.5429999999999999,1.7,22.35,3.302,STUART,3,1
199,2907.5,49.801,0.5379999999999999,0.0,20.8,3.551,STUART,3,1
200,2908.0,35.937,0.628,-2.8,16.8,3.96,STUART,8,2
201,2908.5,24.203000000000003,0.743,-0.3,12.35,4.454,STUART,8,2
202,2909.0,15.985999999999999,0.777,-0.2,11.5,4.657,STUART,8,2
203,2909.5,12.036,0.773,-0.5,10.55,4.593999999999999,STUART,8,2
204,2910.0,12.745999999999999,0.787,-1.2,9.2,4.437,STUART,8,2
205,2910.5,14.843,0.809,-1.6,7.7,4.351,STUART,8,2
206,2911.0,17.087,0.8059999999999999,-1.0,6.8,4.242,STUART,6,2
207,2911.5,17.977,0.765,0.3,6.45,4.105,STUART,6,2
208,2912.0,18.834,0.701,-0.1,7.15,4.279,STUART,6,2
209,2912.5,19.258,0.644,0.4,7.4,4.669,STUART,6,2
210,2913.0,19.062,0.61,0.6,7.8,5.19,STUART,6,2
211,2913.5,18.637999999999998,0.6,1.8,7.6,5.527,STUART,8,2
212,2914.0,19.462,0.598,3.4,6.8,6.321000000000001,STUART,8,2
213,2914.5,19.552,0.581,3.1,6.95,6.16,STUART,8,2
214,2915.0,20.653000000000002,0.529,0.9,8.65,5.865,STUART,8,2
215,2915.5,23.371,0.45,-1.0,11.3,5.315,STUART,8,2
216,2916.0,25.468000000000004,0.391,-1.3,13.75,4.918,STUART,8,2
217,2916.5,26.291999999999998,0.377,-2.3,14.85,4.521,STUART,8,2
218,2917.0,27.736,0.41100000000000003,-3.6,14.1,4.4430000000000005,STUART,8,2
219,2917.5,29.784000000000002,0.48200000000000004,-3.1,11.85,4.3469999999999995,STUART,8,2
220,2918.0,31.041,0.578,-2.2,9.4,4.416,STUART,8,2
221,2918.5,30.837,0.6829999999999999,-0.4,7.4,4.394,STUART,8,2
222,2919.0,32.64,0.807,1.0,5.6,4.343,STUART,8,2
223,2919.5,33.571,0.9420000000000001,1.6,4.5,4.086,STUART,8,2
224,2920.0,39.56,1.003,1.9,4.55,3.8110000000000004,STUART,8,2
225,2920.5,47.475,0.9309999999999999,1.5,6.15,3.625,STUART,8,2
226,2921.0,56.443000000000005,0.821,2.3,8.05,3.3930000000000002,STUART,8,2
227,2921.5,64.79899999999999,0.7509999999999999,3.4,9.6,3.12,STUART,3,1
228,2922.0,69.72,0.711,3.0,12.4,3.03,STUART,3,1
229,2922.5,72.51100000000001,0.637,3.5,16.35,2.984,STUART,3,1
230,2923.0,74.69800000000001,0.525,5.4,20.8,2.915,STUART,3,1
231,2923.5,74.69800000000001,0.525,5.4,20.8,2.915,STUART,3,1
232,2924.0,73.425,0.45799999999999996,5.2,21.6,2.92,STUART,3,1
233,2924.5,71.328,0.486,3.1,17.35,2.995,STUART,3,1
234,2925.0,68.937,0.5870000000000001,4.1,13.25,3.122,STUART,2,1
235,2925.5,66.562,0.6709999999999999,1.3,13.25,3.2430000000000003,STUART,2,1
236,2926.0,64.63600000000001,0.6629999999999999,3.2,13.3,3.324,STUART,2,1
237,2926.5,66.619,0.625,4.0,13.6,3.33,STUART,2,1
238,2927.0,66.619,0.625,4.0,13.6,3.33,STUART,2,1
239,2927.5,65.624,0.635,3.2,12.4,3.3089999999999997,STUART,2,1
240,2928.0,65.322,0.68,3.3,9.65,3.315,STUART,2,1
241,2928.5,67.035,0.7070000000000001,2.4,8.6,3.2319999999999998,STUART,2,1
242,2929.0,68.194,0.693,3.0,8.8,3.157,STUART,2,1
243,2929.5,69.149,0.6459999999999999,3.0,10.4,3.034,STUART,2,1
244,2930.0,72.20100000000001,0.588,3.2,13.2,3.052,STUART,2,1
245,2930.5,73.77600000000001,0.542,4.4,16.0,3.1319999999999997,STUART,2,1
246,2931.0,72.609,0.525,5.5,17.55,3.31,STUART,3,1
247,2931.5,66.86399999999999,0.55,5.3,16.55,3.625,STUART,3,1
248,2932.0,53.702,0.62,5.7,13.75,4.003,STUART,3,1
249,2932.5,40.474000000000004,0.713,4.7,11.15,4.2780000000000005,STUART,8,2
250,2933.0,28.12,0.774,2.2,10.5,4.537,STUART,8,2
251,2933.5,20.213,0.769,-1.1,10.95,4.6819999999999995,STUART,8,2
252,2934.0,19.192999999999998,0.732,-1.0,11.1,4.546,STUART,8,2
253,2934.5,20.449,0.6990000000000001,-0.7,10.65,4.386,STUART,8,2
254,2935.0,21.355,0.679,-0.1,9.95,4.28,STUART,8,2
255,2935.5,21.641,0.6679999999999999,1.3,8.95,4.221,STUART,8,2
256,2936.0,24.203000000000003,0.653,2.6,8.3,4.099,STUART,8,2
257,2936.5,34.574,0.613,2.4,9.0,3.66,STUART,8,2
258,2937.0,45.231,0.5479999999999999,2.3,10.45,3.4960000000000004,STUART,8,2
259,2937.5,56.427,0.498,2.9,11.35,3.338,STUART,3,1
260,2938.0,67.06,0.504,1.7,11.65,3.135,STUART,3,1
261,2938.5,70.83800000000001,0.5579999999999999,2.0,10.8,3.012,STUART,2,1
262,2939.0,69.932,0.612,3.3,10.05,3.0660000000000003,STUART,2,1
263,2939.5,74.52600000000001,0.633,4.1,10.25,3.109,STUART,2,1
264,2940.0,77.611,0.626,5.0,11.0,3.063,STUART,2,1
265,2940.5,78.59,0.605,5.9,11.55,3.092,STUART,2,1
266,2941.0,76.729,0.591,5.7,11.95,3.051,STUART,2,1
267,2941.5,74.11,0.608,3.7,10.95,3.07,STUART,2,1
268,2942.0,66.407,0.653,2.2,9.6,2.997,STUART,2,1
269,2942.5,64.081,0.693,1.4,8.6,3.093,STUART,2,1
270,2943.0,65.885,0.705,0.9,8.55,3.1060000000000003,STUART,2,1
271,2943.5,70.29899999999999,0.696,1.4,9.0,3.085,STUART,2,1
272,2944.0,70.29899999999999,0.696,1.4,9.0,3.085,STUART,2,1
273,2944.5,74.551,0.677,3.1,9.65,3.0660000000000003,STUART,3,1
274,2945.0,79.65899999999999,0.643,3.4,12.5,2.9019999999999997,STUART,3,1
275,2945.5,80.402,0.573,-2.8,19.3,2.9819999999999998,STUART,3,1
276,2946.0,74.649,0.483,-0.5,23.95,3.14,STUART,3,1
277,2946.5,63.428999999999995,0.461,0.2,24.2,3.3939999999999997,STUART,3,1
278,2947.0,47.916000000000004,0.598,-7.6,18.9,3.762,STUART,8,2
279,2947.5,32.469,0.912,-1.4,9.8,4.314,STUART,8,2
280,2948.0,20.718000000000004,1.222,-2.9,7.85,4.863,STUART,8,2
281,2948.5,15.015,1.2329999999999999,-1.6,6.4,4.813,STUART,8,2
282,2949.0,14.084000000000001,1.084,-1.1,6.55,4.644,STUART,8,2
283,2949.5,15.937000000000001,0.9620000000000001,-0.4,7.4,4.6339999999999995,STUART,8,2
284,2950.0,19.348,0.9009999999999999,-1.0,7.9,4.545,STUART,8,2
285,2950.5,21.469,0.9059999999999999,-1.1,6.75,4.5760000000000005,STUART,8,2
286,2951.0,22.587,0.9690000000000001,-1.4,5.5,4.527,STUART,8,2
287,2951.5,25.721,1.079,-0.9,4.45,4.512,STUART,8,2
288,2952.0,29.45,1.2,0.0,4.0,4.437,STUART,8,2
289,2952.5,36.313,1.169,-3.3,6.95,3.97,STUART,8,2
290,2953.0,49.49100000000001,0.909,-8.9,13.85,3.695,STUART,8,2
291,2953.5,69.222,0.469,-6.0,27.9,3.3510000000000004,STUART,3,1
292,2954.0,70.968,0.444,-2.5,28.85,3.49,STUART,3,1
293,2954.5,65.37899999999999,0.501,-0.3,22.75,3.9,STUART,3,1
294,2955.0,54.093,0.56,-0.5,16.75,4.126,STUART,3,1
295,2955.5,41.633,0.541,3.9,11.55,4.482,STUART,8,2
296,2956.0,33.644,0.439,3.8,11.7,4.707,STUART,8,2
297,2956.5,28.976999999999997,0.321,1.3,14.45,4.447,STUART,8,2
298,2957.0,24.611,0.23199999999999998,-1.1,17.25,4.481,STUART,8,2
299,2957.5,24.154,0.184,-2.9,19.65,4.327,STUART,8,2
300,2958.0,25.639,0.17300000000000001,-2.4,20.5,4.302,STUART,8,2
301,2958.5,25.956999999999997,0.191,-2.4,19.9,4.294,STUART,8,2
302,2959.0,38.965,0.266,-2.1,17.05,4.228,STUART,8,2
303,2959.5,45.354,0.301,0.2,14.8,4.127,STUART,8,2
304,2960.0,53.645,0.327,2.6,12.6,3.908,STUART,6,2
305,2960.5,60.163999999999994,0.33799999999999997,3.8,12.2,3.74,STUART,6,2
306,2961.0,64.032,0.33399999999999996,5.5,13.15,3.5380000000000003,STUART,6,2
307,2961.5,66.774,0.32299999999999995,7.9,14.75,3.5580000000000003,STUART,6,2
308,2962.0,68.423,0.313,8.1,15.75,3.4760000000000004,STUART,6,2
309,2962.5,63.501999999999995,0.318,6.1,14.75,3.682,STUART,6,2
310,2963.0,57.903999999999996,0.349,2.8,12.9,3.937,STUART,6,2
311,2963.5,52.935,0.415,2.3,10.25,4.133,STUART,6,2
312,2964.0,45.125,0.507,2.3,8.45,4.248,STUART,6,2
313,2964.5,39.927,0.605,3.5,6.75,4.468,STUART,6,2
314,2965.0,36.215,0.703,2.4,6.0,4.575,STUART,6,2
315,2965.5,31.253,0.787,2.3,4.45,4.5569999999999995,STUART,6,2
316,2966.0,28.445999999999998,0.8320000000000001,2.2,3.4,4.573,STUART,6,2
317,2966.5,27.296,0.821,1.2,4.4,4.79,STUART,6,2
318,2967.0,28.944000000000003,0.755,-0.4,7.3,4.887,STUART,6,2
319,2967.5,31.596,0.659,-1.6,11.0,4.824,STUART,8,2
320,2968.0,33.211999999999996,0.574,-3.1,14.45,4.765,STUART,8,2
321,2968.5,34.689,0.517,-3.0,16.4,4.766,STUART,6,2
322,2969.0,39.266,0.493,-1.9,16.15,4.705,STUART,6,2
323,2969.5,50.103,0.499,-2.0,14.6,4.453,STUART,6,2
324,2970.0,65.167,0.525,-1.6,13.1,4.3660000000000005,STUART,6,2
325,2970.5,76.436,0.557,-0.6,11.7,4.289,STUART,6,2
326,2971.0,92.88600000000001,0.628,-0.2,9.4,4.272,STUART,6,2
327,2971.5,99.64299999999999,0.6829999999999999,-0.3,7.95,4.395,STUART,6,2
328,2972.0,101.585,0.757,0.0,6.5,4.51,STUART,6,2
329,2972.5,95.775,0.85,1.6,4.9,4.53,STUART,6,2
330,2973.0,87.036,0.951,2.1,3.95,4.456,STUART,6,2
331,2973.5,72.331,1.0190000000000001,2.6,3.6,4.056,STUART,6,2
332,2974.0,58.858999999999995,0.991,3.4,3.9,3.7119999999999997,STUART,8,2
333,2974.5,60.931999999999995,0.857,1.3,7.35,3.3710000000000004,STUART,8,2
334,2975.0,67.655,0.675,-0.8,14.4,3.1310000000000002,STUART,3,1
335,2975.5,77.219,0.528,6.8,20.9,3.008,STUART,3,1
336,2976.0,82.115,0.45899999999999996,10.6,24.2,2.988,STUART,3,1
337,2976.5,84.865,0.446,9.4,23.7,3.134,STUART,3,1
338,2977.0,84.384,0.449,13.3,21.45,3.409,STUART,3,1
339,2977.5,81.77199999999999,0.44299999999999995,14.8,20.9,3.483,STUART,3,1
340,2978.0,78.998,0.444,16.5,20.65,3.438,STUART,3,1
341,2978.5,79.896,0.457,14.9,20.15,3.423,STUART,3,1
342,2979.0,79.194,0.462,14.8,19.9,3.45,STUART,3,1
343,2979.5,78.99,0.451,13.5,19.65,3.3930000000000002,STUART,3,1
344,2980.0,79.21,0.441,15.1,18.95,3.475,STUART,3,1
345,2980.5,78.1,0.451,15.6,17.5,3.478,STUART,3,1
346,2981.0,78.59,0.489,14.3,16.75,3.505,STUART,3,1
347,2981.5,79.439,0.544,12.7,15.25,3.478,STUART,3,1
348,2982.0,81.29899999999999,0.5760000000000001,11.5,14.65,3.4530000000000003,STUART,3,1
349,2982.5,78.933,0.494,11.9,14.85,3.4789999999999996,STUART,3,1
350,2983.0,79.471,0.441,13.4,16.3,3.4939999999999998,STUART,3,1
351,2983.5,81.895,0.431,14.2,16.8,3.4410000000000003,STUART,3,1
352,2984.0,82.76799999999999,0.46799999999999997,14.3,16.05,3.4930000000000003,STUART,2,1
353,2984.5,79.02199999999999,0.537,12.9,15.05,3.5,STUART,2,1
354,2985.0,76.74600000000001,0.601,11.4,13.8,3.4410000000000003,STUART,2,1
355,2985.5,73.066,0.638,11.1,13.25,3.426,STUART,2,1
356,2986.0,70.35600000000001,0.6509999999999999,11.0,13.1,3.447,STUART,2,1
357,2986.5,74.608,0.621,10.5,14.85,3.3989999999999996,STUART,2,1
358,2987.0,73.008,0.585,11.1,15.15,3.3930000000000002,STUART,2,1
359,2987.5,70.438,0.546,12.1,15.15,3.4389999999999996,STUART,2,1
360,2988.0,68.08,0.5,13.5,14.65,3.478,STUART,2,1
361,2988.5,66.75,0.46,13.6,15.2,3.4610000000000003,STUART,2,1
362,2989.0,69.45100000000001,0.455,13.4,14.8,3.4939999999999998,STUART,2,1
363,2989.5,75.946,0.494,14.2,14.0,3.5410000000000004,STUART,2,1
364,2990.0,80.344,0.556,11.8,13.6,3.522,STUART,2,1
365,2990.5,83.772,0.616,10.4,12.9,3.4760000000000004,STUART,3,1
366,2991.0,84.76700000000001,0.618,10.7,12.55,3.39,STUART,3,1
367,2991.5,84.09,0.616,9.4,13.4,3.2889999999999997,STUART,3,1
368,2992.0,86.62799999999999,0.601,8.8,14.4,3.19,STUART,3,1
369,2992.5,90.43,0.556,2.0,21.4,3.045,STUART,3,1
370,2993.0,87.07700000000001,0.498,2.0,26.4,3.088,STUART,3,1
371,2993.5,76.623,0.479,5.3,28.45,3.2239999999999998,STUART,3,1
372,2994.0,62.768,0.546,3.2,26.3,3.3339999999999996,STUART,3,1
373,2994.5,43.738,0.703,1.8,19.3,3.8760000000000003,STUART,8,2
374,2995.0,27.859,0.855,6.9,11.75,4.508,STUART,8,2
375,2995.5,18.034000000000002,0.879,5.3,9.55,4.815,STUART,8,2
376,2996.0,13.203,0.83,3.0,9.1,4.863,STUART,8,2
377,2996.5,12.762,0.767,2.0,8.9,5.024,STUART,8,2
378,2997.0,14.843,0.7020000000000001,1.8,9.2,4.6160000000000005,STUART,8,2
379,2997.5,19.087,0.644,0.4,10.4,4.172,STUART,8,2
380,2998.0,19.087,0.644,0.4,10.4,4.172,STUART,6,2
381,2998.5,25.206999999999997,0.601,-0.2,10.7,3.97,STUART,6,2
382,2999.0,27.997,0.5870000000000001,1.1,10.25,3.9330000000000003,STUART,6,2
383,2999.5,28.822,0.602,2.2,10.0,3.875,STUART,6,2
384,3000.0,28.618000000000002,0.622,1.9,10.35,3.969,STUART,6,2
385,3000.5,24.815,0.612,0.7,11.15,4.118,STUART,6,2
386,3001.0,23.371,0.575,0.2,11.8,4.243,STUART,6,2
387,3001.5,23.052,0.542,0.1,12.35,4.196000000000001,STUART,6,2
388,3002.0,23.109,0.522,-0.1,12.15,4.192,STUART,6,2
389,3002.5,24.138,0.511,-0.3,12.05,3.978,STUART,6,2
390,3003.0,24.448,0.511,-0.1,11.75,3.975,STUART,6,2
391,3003.5,25.419,0.523,0.0,11.6,3.9619999999999997,STUART,6,2
392,3004.0,26.724,0.56,-0.7,11.35,3.99,STUART,6,2
393,3004.5,29.213,0.623,-0.8,10.7,3.885,STUART,6,2
394,3005.0,34.036,0.6859999999999999,0.4,9.4,3.8160000000000003,STUART,6,2
395,3005.5,38.157,0.716,1.7,7.75,3.66,STUART,6,2
396,3006.0,40.45,0.701,1.8,6.8,3.5439999999999996,STUART,6,2
397,3006.5,41.576,0.662,3.5,6.45,3.392,STUART,6,2
398,3007.0,40.123000000000005,0.633,3.7,7.35,3.24,STUART,6,2
399,3007.5,36.663000000000004,0.632,3.4,8.1,3.2119999999999997,STUART,6,2
400,3008.0,32.705999999999996,0.65,3.8,8.3,3.253,STUART,6,2
401,3008.5,30.323,0.672,3.4,8.7,3.2889999999999997,STUART,6,2
402,3009.0,28.601,0.6940000000000001,3.0,9.4,3.3139999999999996,STUART,6,2
403,3009.5,28.169,0.721,2.4,9.7,3.262,STUART,6,2
404,3010.0,29.441999999999997,0.7559999999999999,1.4,9.8,3.31,STUART,6,2
405,3010.5,30.878,0.795,0.7,9.55,3.359,STUART,6,2
406,3011.0,32.150999999999996,0.8320000000000001,0.1,9.35,3.409,STUART,6,2
407,3011.5,33.677,0.856,0.4,9.1,3.417,STUART,6,2
408,3012.0,33.701,0.872,1.1,8.95,3.444,STUART,6,2
409,3012.5,35.105,0.889,1.5,8.75,3.466,STUART,6,2
410,3013.0,37.104,0.914,1.6,8.6,3.49,STUART,6,2
411,3013.5,37.349000000000004,0.9390000000000001,2.1,7.95,3.418,STUART,6,2
412,3014.0,37.936,0.9520000000000001,2.4,7.7,3.5039999999999996,STUART,6,2
413,3014.5,39.086999999999996,0.953,2.1,7.75,3.511,STUART,6,2
414,3015.0,38.059,0.951,1.7,7.55,3.55,STUART,6,2
415,3015.5,37.202,0.9520000000000001,2.2,7.3,3.603,STUART,6,2
416,3016.0,37.218,0.951,1.8,7.5,3.675,STUART,6,2
417,3016.5,37.781,0.9490000000000001,1.4,7.6,3.741,STUART,6,2
418,3017.0,40.164,0.948,1.5,7.35,3.735,STUART,6,2
419,3017.5,40.955999999999996,0.95,1.6,7.3,3.747,STUART,6,2
420,3018.0,41.013000000000005,0.9520000000000001,1.5,7.25,3.64,STUART,6,2
421,3018.5,42.547,0.95,1.9,7.15,3.6830000000000003,STUART,6,2
422,3019.0,41.192,0.945,2.0,7.0,3.6439999999999997,STUART,6,2
423,3019.5,42.726000000000006,0.941,2.3,7.15,3.7039999999999997,STUART,6,2
424,3020.0,44.407,0.9420000000000001,3.4,7.0,3.695,STUART,6,2
425,3020.5,45.387,0.946,3.8,6.8,3.7880000000000003,STUART,6,2
426,3021.0,45.052,0.945,2.6,7.5,3.917,STUART,6,2
427,3021.5,46.129,0.935,2.4,7.4,3.948,STUART,6,2
428,3022.0,47.826,0.925,2.5,7.05,4.016,STUART,6,2
429,3022.5,50.053999999999995,0.925,2.3,6.75,3.935,STUART,6,2
430,3023.0,55.562,0.9329999999999999,1.8,6.9,3.9739999999999998,STUART,6,2
431,3023.5,63.028999999999996,0.9470000000000001,2.0,6.8,3.859,STUART,6,2
432,3024.0,75.399,0.966,1.9,6.45,3.681,STUART,6,2
433,3024.5,102.116,0.987,0.2,6.9,3.5610000000000004,STUART,6,2
434,3025.0,140.778,0.993,-0.4,7.0,3.513,STUART,6,2
435,3025.5,183.358,0.981,-0.3,7.35,3.437,STUART,6,2
436,3026.0,213.99900000000002,0.977,0.2,7.8,3.412,STUART,6,2
437,3026.5,220.41299999999998,1.004,0.0,8.0,3.528,STUART,6,2
438,3027.0,200.30599999999998,1.0270000000000001,0.0,8.0,3.6710000000000003,STUART,6,2
439,3027.5,162.149,0.9990000000000001,-0.2,8.5,3.7460000000000004,STUART,6,2
440,3028.0,121.20200000000001,0.95,0.2,9.2,3.892,STUART,6,2
441,3028.5,92.805,0.9159999999999999,1.3,9.95,3.924,STUART,6,2
442,3029.0,77.758,0.894,1.9,10.65,3.9530000000000003,STUART,6,2
443,3029.5,67.623,0.879,2.9,10.85,3.889,STUART,6,2
444,3030.0,62.376000000000005,0.873,2.5,11.45,3.799,STUART,6,2
445,3030.5,59.463,0.873,2.1,11.25,3.773,STUART,6,2
446,3031.0,55.211000000000006,0.872,2.7,10.45,3.784,STUART,6,2
447,3031.5,51.727,0.866,2.3,10.35,3.787,STUART,6,2
448,3032.0,52.38,0.858,2.1,10.75,3.7760000000000002,STUART,6,2
449,3032.5,53.122,0.851,2.5,11.05,3.7239999999999998,STUART,6,2
450,3033.0,51.245,0.8440000000000001,2.7,11.25,3.697,STUART,6,2
451,3033.5,52.208,0.836,1.5,11.75,3.653,STUART,6,2
452,3034.0,54.95,0.826,1.3,12.05,3.647,STUART,6,2
453,3034.5,54.43600000000001,0.8170000000000001,2.0,12.0,3.65,STUART,6,2
454,3035.0,54.81100000000001,0.81,1.8,12.1,3.678,STUART,6,2
455,3035.5,55.603,0.8009999999999999,1.6,12.2,3.6439999999999997,STUART,6,2
456,3036.0,54.288999999999994,0.785,1.3,12.75,3.656,STUART,6,2
457,3036.5,52.38,0.768,2.0,13.0,3.5980000000000003,STUART,6,2
458,3037.0,53.645,0.758,2.0,13.7,3.582,STUART,6,2
459,3037.5,53.93,0.757,2.1,13.75,3.5810000000000004,STUART,6,2
460,3038.0,56.071999999999996,0.755,2.9,13.75,3.645,STUART,4,2
461,3038.5,59.016999999999996,0.75,4.0,13.7,3.694,STUART,4,2
462,3039.0,62.144,0.742,4.4,14.1,3.65,STUART,4,2
463,3039.5,64.814,0.73,4.8,14.2,3.66,STUART,4,2
464,3040.0,66.705,0.7140000000000001,5.6,14.6,3.6889999999999996,STUART,4,2
465,3040.5,67.568,0.695,6.5,15.45,3.674,STUART,4,2
466,3041.0,67.683,0.6759999999999999,6.7,15.65,3.603,STUART,4,2
467,3041.5,67.683,0.662,6.0,15.4,3.562,STUART,4,2
468,3042.0,67.683,0.6659999999999999,5.7,15.25,3.57,STUART,4,2
469,3042.5,67.683,0.701,6.0,15.2,3.603,STUART,4,2
470,3043.0,67.683,0.778,5.1,15.65,3.537,STUART,4,2
471,3043.5,67.683,0.882,4.9,15.75,3.5469999999999997,STUART,6,2
472,3044.0,67.683,0.973,4.4,15.8,3.533,STUART,6,2
473,3044.5,67.683,1.0170000000000001,3.5,16.25,3.495,STUART,6,2
474,2972.5,49.675,0.845,3.905,11.175,3.265,CRAWFORD,6,2
475,2973.0,34.435,0.879,3.085,8.175,3.8310000000000004,CRAWFORD,6,2
476,2973.5,26.178,0.92,2.615,4.945,4.306,CRAWFORD,6,2
477,2974.0,19.463,0.9670000000000001,0.82,3.82,4.578,CRAWFORD,6,2
478,2974.5,19.26,0.995,0.32,3.63,4.643,CRAWFORD,6,2
479,2975.0,19.985,1.008,0.06,4.32,4.614,CRAWFORD,6,2
480,2975.5,22.298000000000002,1.002,-0.01,5.5,4.4910000000000005,CRAWFORD,6,2
481,2976.0,24.611,0.956,0.05,6.87,4.369,CRAWFORD,6,2
482,2976.5,24.677,0.8240000000000001,0.31,6.94,4.047,CRAWFORD,6,2
483,2977.0,24.945999999999998,0.667,0.965,5.915,3.8930000000000002,CRAWFORD,6,2
484,2977.5,29.31,0.5589999999999999,2.11,6.15,3.52,CRAWFORD,6,2
485,2978.0,37.321999999999996,0.522,3.375,8.445,3.125,CRAWFORD,6,2
486,2978.5,42.141999999999996,0.51,3.985,10.785,2.843,CRAWFORD,6,2
487,2979.0,52.434,0.49200000000000005,4.42,13.15,2.674,CRAWFORD,6,2
488,2979.5,63.181000000000004,0.473,5.18,14.13,2.6439999999999997,CRAWFORD,4,2
489,2980.0,69.405,0.465,5.52,14.56,2.6630000000000003,CRAWFORD,4,2
490,2980.5,77.785,0.475,5.82,14.94,2.68,CRAWFORD,4,2
491,2981.0,83.57700000000001,0.469,5.965,15.395,2.6660000000000004,CRAWFORD,4,2
492,2981.5,84.05799999999999,0.513,6.025,15.855,2.622,CRAWFORD,4,2
493,2982.0,81.82,0.544,5.95,16.05,2.609,CRAWFORD,4,2
494,2982.5,80.257,0.563,5.74,16.1,2.6260000000000003,CRAWFORD,6,2
495,2983.0,79.833,0.579,5.135,15.715,2.662,CRAWFORD,6,2
496,2983.5,80.32300000000001,0.583,4.565,15.275,2.693,CRAWFORD,6,2
497,2984.0,84.704,0.59,4.365,15.165,2.7110000000000003,CRAWFORD,6,2
498,2984.5,96.67399999999999,0.596,4.725,15.565,2.7439999999999998,CRAWFORD,4,2
499,2985.0,112.662,0.609,4.88,15.71,2.824,CRAWFORD,6,2
500,2985.5,131.484,0.634,5.11,15.6,2.935,CRAWFORD,6,2
501,2986.0,138.16899999999998,0.659,5.33,15.1,3.0,CRAWFORD,6,2
502,2986.5,135.045,0.682,5.1,14.46,3.048,CRAWFORD,6,2
503,2987.0,117.726,0.7070000000000001,4.415,13.315,3.097,CRAWFORD,6,2
504,2987.5,98.382,0.7290000000000001,3.395,11.695,3.193,CRAWFORD,6,2
505,2988.0,91.348,0.7709999999999999,3.235,10.985,3.3080000000000003,CRAWFORD,6,2
506,2988.5,87.05,0.831,3.21,10.64,3.4930000000000003,CRAWFORD,6,2
507,2989.0,82.98,0.9279999999999999,2.835,10.115,3.5260000000000002,CRAWFORD,6,2
508,2989.5,67.264,1.0190000000000001,0.475,8.435,3.217,CRAWFORD,6,2
509,2990.0,57.068999999999996,1.047,-2.385,7.115,3.157,CRAWFORD,6,2
510,2990.5,46.873999999999995,1.0659999999999998,-3.97,6.6,3.159,CRAWFORD,6,2
511,2991.0,39.325,1.06,-3.69,7.15,3.2239999999999998,CRAWFORD,6,2
512,2991.5,43.946000000000005,1.042,-2.73,7.29,3.272,CRAWFORD,6,2
513,2992.0,51.73,1.005,-0.9,7.98,3.29,CRAWFORD,6,2
514,2992.5,58.373999999999995,0.956,1.46,9.41,3.2769999999999997,CRAWFORD,6,2
515,2993.0,67.75399999999999,0.904,3.985,11.545,3.2960000000000003,CRAWFORD,6,2
516,2993.5,71.206,0.8740000000000001,5.045,12.915,3.3280000000000003,CRAWFORD,6,2
517,2994.0,69.188,0.852,4.86,12.85,3.33,CRAWFORD,6,2
518,2994.5,58.452,0.841,3.455,11.265,3.332,CRAWFORD,6,2
519,2995.0,38.715,0.816,2.185,9.855,3.365,CRAWFORD,6,2
520,2995.5,30.541,0.8009999999999999,0.96,8.76,3.4760000000000004,CRAWFORD,6,2
521,2996.0,21.684,0.792,-0.04,8.28,3.7739999999999996,CRAWFORD,6,2
522,2996.5,21.252,0.7929999999999999,-0.505,9.225,4.041,CRAWFORD,6,2
523,2997.0,23.116999999999997,0.7929999999999999,-0.555,9.895,4.292,CRAWFORD,6,2
524,2997.5,28.85,0.7909999999999999,-0.46,9.89,4.371,CRAWFORD,6,2
525,2998.0,36.226,0.7879999999999999,-0.085,9.175,4.112,CRAWFORD,6,2
526,2998.5,42.83,0.8009999999999999,0.41,8.49,3.91,CRAWFORD,6,2
527,2999.0,46.846000000000004,0.82,1.255,8.275,3.793,CRAWFORD,6,2
528,2999.5,48.133,0.845,1.77,8.29,3.486,CRAWFORD,6,2
529,3000.0,43.162,0.8740000000000001,1.35,8.64,3.263,CRAWFORD,6,2
530,3000.5,36.586,0.92,1.01,8.74,3.187,CRAWFORD,6,2
531,3001.0,32.746,0.955,0.625,8.535,3.173,CRAWFORD,6,2
532,3001.5,30.956999999999997,0.9740000000000001,0.565,8.555,3.315,CRAWFORD,6,2
533,3002.0,30.765,0.981,0.545,8.575,3.4410000000000003,CRAWFORD,6,2
534,3002.5,31.265,0.987,0.625,8.425,3.6180000000000003,CRAWFORD,6,2
535,3003.0,33.124,0.9940000000000001,0.755,8.045,3.943,CRAWFORD,6,2
536,3003.5,35.211,0.997,0.635,7.555,4.07,CRAWFORD,6,2
537,3004.0,36.385999999999996,0.988,0.125,7.135,3.885,CRAWFORD,6,2
538,3004.5,38.016999999999996,0.951,-0.175,6.875,3.654,CRAWFORD,6,2
539,3005.0,41.016000000000005,0.903,0.055,6.825,3.438,CRAWFORD,6,2
540,3005.5,49.653999999999996,0.8540000000000001,1.52,7.51,3.33,CRAWFORD,6,2
541,3006.0,62.068000000000005,0.799,3.1,9.13,3.2089999999999996,CRAWFORD,6,2
542,3006.5,71.222,0.74,4.0,10.98,3.0869999999999997,CRAWFORD,6,2
543,3007.0,73.309,0.691,4.015,12.425,2.98,CRAWFORD,6,2
544,3007.5,69.469,0.627,3.19,13.37,2.904,CRAWFORD,6,2
545,3008.0,65.857,0.5589999999999999,2.1,14.08,2.859,CRAWFORD,6,2
546,3008.5,58.369,0.504,0.715,14.235,2.83,CRAWFORD,6,2
547,3009.0,56.125,0.435,-0.775,13.415,2.786,CRAWFORD,6,2
548,3009.5,56.769,0.37799999999999995,-1.155,12.805,2.7260000000000004,CRAWFORD,4,2
549,3010.0,62.586999999999996,0.298,-0.18,12.87,2.588,CRAWFORD,4,2
550,3010.5,64.67399999999999,0.252,0.24,14.42,2.465,CRAWFORD,4,2
551,3011.0,64.253,0.212,0.24,16.36,2.374,CRAWFORD,4,2
552,3011.5,61.553000000000004,0.166,-0.295,18.395,2.329,CRAWFORD,4,2
553,3012.0,60.221000000000004,0.114,-0.59,19.27,2.315,CRAWFORD,4,2
554,3012.5,59.11600000000001,0.09300000000000001,-0.655,19.655,2.302,CRAWFORD,4,2
555,3013.0,57.997,0.081,-0.8,19.69,2.258,CRAWFORD,4,2
556,3013.5,57.363,0.091,-1.105,19.095,2.2430000000000003,CRAWFORD,4,2
557,3014.0,57.863,0.14400000000000002,-1.27,18.12,2.261,CRAWFORD,4,2
558,3014.5,59.038000000000004,0.20600000000000002,-1.26,17.03,2.326,CRAWFORD,4,2
559,3015.0,60.213,0.29,-1.04,16.68,2.4090000000000003,CRAWFORD,4,2
560,3015.5,61.16,0.368,-0.14,16.68,2.781,CRAWFORD,6,2
561,3016.0,58.46,0.46799999999999997,-0.25,15.21,3.327,CRAWFORD,6,2
562,3016.5,53.48,0.564,0.36,11.47,3.7960000000000003,CRAWFORD,6,2
563,3017.0,51.692,0.657,0.825,8.125,4.062,CRAWFORD,6,2
564,3017.5,67.238,0.807,1.7,7.13,4.173,CRAWFORD,6,2
565,3018.0,74.796,0.89,2.905,7.335,4.19,CRAWFORD,6,2
566,3018.5,75.743,0.925,3.055,7.765,4.302,CRAWFORD,6,2
567,3019.0,70.991,0.9279999999999999,2.325,7.785,4.444,CRAWFORD,6,2
568,3019.5,57.348,0.929,1.355,7.395,4.492,CRAWFORD,6,2
569,3020.0,46.213,0.929,0.67,7.43,4.385,CRAWFORD,6,2
570,3020.5,42.11600000000001,0.9259999999999999,0.19,7.17,4.2010000000000005,CRAWFORD,6,2
571,3021.0,44.925,0.9179999999999999,-0.19,6.69,4.093,CRAWFORD,6,2
572,3021.5,55.903,0.912,0.07,5.72,4.034,CRAWFORD,6,2
573,3022.0,66.196,0.9059999999999999,0.495,5.375,3.958,CRAWFORD,6,2
574,3022.5,73.52600000000001,0.894,1.44,5.26,3.82,CRAWFORD,6,2
575,3032.0,72.392,0.7090000000000001,-0.74,18.41,2.6289999999999996,CRAWFORD,3,1
576,3032.5,69.928,0.792,-0.69,19.32,2.616,CRAWFORD,3,1
577,3033.0,64.72,0.8490000000000001,-0.96,16.33,2.9139999999999997,CRAWFORD,6,2
578,3033.5,52.445,0.892,0.91,11.35,3.292,CRAWFORD,6,2
579,3034.0,43.361999999999995,0.93,-0.02,6.92,3.571,CRAWFORD,6,2
580,3034.5,42.06399999999999,0.9740000000000001,0.015,5.495,3.435,CRAWFORD,6,2
581,3035.0,45.641999999999996,0.956,0.005,5.475,3.375,CRAWFORD,6,2
582,3035.5,53.266000000000005,0.932,-0.105,5.545,3.299,CRAWFORD,6,2
583,3036.0,59.043,0.894,0.17,6.99,3.114,CRAWFORD,6,2
584,3036.5,62.331,0.8340000000000001,-0.245,9.835,2.813,CRAWFORD,6,2
585,3037.0,60.946000000000005,0.884,-1.69,16.08,2.745,CRAWFORD,6,2
586,3037.5,53.913999999999994,0.9179999999999999,-0.72,19.54,3.1519999999999997,CRAWFORD,6,2
587,3038.0,45.287,0.922,-0.86,18.44,3.9619999999999997,CRAWFORD,6,2
588,3038.5,30.049,0.925,0.445,13.565,4.571000000000001,CRAWFORD,6,2
589,3039.0,23.017,0.9470000000000001,0.54,9.59,4.806,CRAWFORD,6,2
590,3039.5,21.228,0.973,-0.03,7.57,4.824,CRAWFORD,6,2
591,3040.0,20.109,0.985,0.225,6.725,4.81,CRAWFORD,6,2
592,3040.5,19.256,0.995,0.415,6.505,4.859,CRAWFORD,6,2
593,3041.0,18.38,0.9990000000000001,0.44,6.29,4.8919999999999995,CRAWFORD,6,2
594,3041.5,17.275,0.987,0.185,6.075,4.91,CRAWFORD,6,2
595,3042.0,16.39,0.975,0.015,5.815,4.88,CRAWFORD,6,2
596,3042.5,16.197,0.963,-0.205,5.445,4.834,CRAWFORD,6,2
597,3043.0,16.469,0.9570000000000001,-0.225,5.335,4.76,CRAWFORD,6,2
598,3043.5,20.38,0.973,-0.295,5.255,4.669,CRAWFORD,6,2
599,3044.0,31.86,1.005,-0.185,5.045,4.547,CRAWFORD,6,2
600,3044.5,39.608000000000004,1.0390000000000001,0.44,5.16,4.5169999999999995,CRAWFORD,6,2
601,3045.0,43.291000000000004,1.064,0.96,5.09,4.488,CRAWFORD,6,2
602,3045.5,44.001000000000005,1.089,1.295,4.875,4.396,CRAWFORD,6,2
603,3046.0,38.574,1.112,0.7,4.09,4.275,CRAWFORD,6,2
604,3046.5,35.19,1.128,0.195,3.575,4.245,CRAWFORD,6,2
605,3047.0,32.946,1.131,-0.215,3.205,4.434,CRAWFORD,6,2
606,3047.5,31.613000000000003,1.128,-0.095,3.545,4.405,CRAWFORD,6,2
607,3048.0,32.113,1.092,-0.005,4.715,4.329,CRAWFORD,6,2
608,3048.5,32.368,1.052,0.29,5.42,4.285,CRAWFORD,6,2
609,3049.0,31.506999999999998,0.978,0.405,5.865,4.224,CRAWFORD,6,2
610,3049.5,30.849,0.88,0.445,6.595,4.04,CRAWFORD,6,2
611,3050.0,29.953000000000003,0.772,0.91,7.82,3.451,CRAWFORD,6,2
612,3050.5,28.875999999999998,0.723,1.24,9.64,3.141,CRAWFORD,6,2
613,3051.0,28.228,0.705,1.21,10.47,3.2060000000000004,CRAWFORD,6,2
614,3051.5,28.263,0.693,1.005,10.355,3.38,CRAWFORD,6,2
615,3052.0,28.754,0.693,0.47,9.35,3.6460000000000004,CRAWFORD,6,2
616,3052.5,34.26,0.6940000000000001,0.34,7.94,3.9739999999999998,CRAWFORD,6,2
617,3053.0,45.01,0.6940000000000001,0.485,6.185,4.2410000000000005,CRAWFORD,6,2
618,3053.5,55.98,0.7070000000000001,0.665,5.945,4.093,CRAWFORD,6,2
619,3054.0,67.146,0.7170000000000001,0.965,6.695,3.67,CRAWFORD,6,2
620,3054.5,80.0,0.708,1.965,8.815,3.361,CRAWFORD,3,1
621,3055.0,85.05,0.69,3.215,10.515,3.16,CRAWFORD,3,1
622,3055.5,83.946,0.659,3.965,11.115,3.178,CRAWFORD,2,1
623,3056.0,80.973,0.623,4.61,10.99,3.2110000000000003,CRAWFORD,2,1
624,3056.5,78.782,0.5920000000000001,4.845,10.905,3.213,CRAWFORD,2,1
625,3057.0,76.082,0.574,4.82,10.73,3.2310000000000003,CRAWFORD,2,1
626,3057.5,72.925,0.562,4.535,10.405,3.217,CRAWFORD,2,1
627,3058.0,72.04899999999999,0.55,4.24,10.55,3.187,CRAWFORD,2,1
628,3058.5,71.391,0.535,4.115,11.005,3.128,CRAWFORD,2,1
629,3059.0,70.751,0.527,4.055,11.765,3.036,CRAWFORD,2,1
630,3059.5,71.26100000000001,0.5329999999999999,4.235,12.565,3.0069999999999997,CRAWFORD,2,1
631,3060.0,73.11,0.518,4.44,12.8,2.978,CRAWFORD,2,1
632,3060.5,75.425,0.491,3.815,12.085,2.903,CRAWFORD,2,1
633,3061.0,76.828,0.47,3.265,11.525,2.687,CRAWFORD,2,1
634,3061.5,75.04,0.45799999999999996,3.16,11.69,2.58,CRAWFORD,1,1
635,3062.0,70.288,0.449,3.695,12.535,2.5340000000000003,CRAWFORD,1,1
636,3062.5,66.266,0.44299999999999995,4.505,13.995,2.553,CRAWFORD,2,1
637,3063.0,60.79,0.441,6.07,16.34,2.679,CRAWFORD,2,1
638,3063.5,54.67,0.444,6.25,16.74,3.35,CRAWFORD,3,1
639,3064.0,48.093999999999994,0.445,5.995,16.615,3.865,CRAWFORD,3,1
640,3064.5,41.062,0.445,3.425,13.955,4.24,CRAWFORD,6,2
641,3065.0,39.046,0.455,1.725,12.915,4.507,CRAWFORD,6,2
642,3065.5,38.169000000000004,0.45799999999999996,1.1,12.79,4.354,CRAWFORD,8,2
643,3066.0,40.493,0.465,0.895,13.365,4.293,CRAWFORD,8,2
644,3066.5,43.948,0.45899999999999996,0.68,13.98,4.248,CRAWFORD,8,2
645,3067.0,46.49100000000001,0.423,0.57,14.45,4.266,CRAWFORD,8,2
646,3067.5,47.21,0.392,0.565,14.945,4.331,CRAWFORD,8,2
647,3068.0,46.788999999999994,0.34600000000000003,0.765,15.325,4.395,CRAWFORD,8,2
648,3068.5,45.912,0.325,0.985,15.625,4.397,CRAWFORD,9,2
649,3069.0,45.70399999999999,0.304,1.205,15.925,4.383,CRAWFORD,9,2
650,3069.5,45.527,0.295,1.27,15.89,4.276,CRAWFORD,8,2
651,3070.0,44.887,0.289,1.155,15.315,4.123,CRAWFORD,8,2
652,3070.5,44.23,0.29,0.815,14.205,3.95,CRAWFORD,8,2
653,3071.0,44.273999999999994,0.281,0.55,12.84,3.785,CRAWFORD,6,2
654,3071.5,45.221000000000004,0.247,0.545,11.605,3.647,CRAWFORD,6,2
655,3072.0,46.396,0.16699999999999998,1.685,11.385,3.431,CRAWFORD,6,2
656,3072.5,46.888000000000005,0.11800000000000001,2.92,12.76,3.2,CRAWFORD,6,2
657,3073.0,46.475,0.069,4.4,16.76,2.968,CRAWFORD,4,2
658,3073.5,46.738,0.042,5.065,20.085,2.815,CRAWFORD,4,2
659,3074.0,47.913999999999994,0.033,4.815,20.915,2.8480000000000003,CRAWFORD,4,2
660,3074.5,51.596000000000004,0.04,4.485,20.755,2.99,CRAWFORD,4,2
661,3075.0,62.89,0.102,4.42,17.02,3.4739999999999998,CRAWFORD,6,2
662,3075.5,80.38,0.22,3.955,12.965,4.067,CRAWFORD,6,2
663,3076.0,105.725,0.34700000000000003,2.42,7.33,4.271,CRAWFORD,6,2
664,3076.5,131.069,0.524,1.655,5.355,3.838,CRAWFORD,6,2
665,3077.0,145.018,0.636,-0.905,7.135,3.2030000000000003,CRAWFORD,6,2
666,3077.5,131.376,0.726,-1.94,12.26,2.8160000000000003,CRAWFORD,6,2
667,3078.0,110.21,0.792,0.27,14.14,2.678,CRAWFORD,6,2
668,3078.5,89.045,0.826,3.14,13.7,2.773,CRAWFORD,3,1
669,3079.0,73.807,0.8079999999999999,4.795,11.855,3.3710000000000004,CRAWFORD,3,1
670,3079.5,73.158,0.7809999999999999,4.755,10.905,3.4930000000000003,CRAWFORD,2,1
671,3080.0,73.195,0.763,3.975,10.205,3.432,CRAWFORD,2,1
672,3080.5,72.325,0.748,3.68,10.0,3.387,CRAWFORD,2,1
673,3081.0,71.221,0.742,3.33,9.69,3.3739999999999997,CRAWFORD,2,1
674,3081.5,70.563,0.742,2.76,9.25,3.3289999999999997,CRAWFORD,2,1
675,3082.0,71.51899999999999,0.733,1.75,10.04,3.145,CRAWFORD,2,1
676,3082.5,74.062,0.722,2.32,12.64,2.945,CRAWFORD,2,1
677,3083.0,77.061,0.71,2.765,15.055,2.7760000000000002,CRAWFORD,2,1
678,3083.5,78.693,0.695,3.04,15.66,2.793,CRAWFORD,2,1
679,3084.0,79.192,0.6829999999999999,2.505,14.075,2.951,CRAWFORD,2,1
680,3084.5,79.192,0.6829999999999999,2.505,14.075,2.951,CRAWFORD,2,1
681,3085.0,78.999,0.662,2.395,12.335,2.984,CRAWFORD,2,1
682,3085.5,78.11399999999999,0.64,2.395,11.095,2.909,CRAWFORD,2,1
683,3086.0,77.24600000000001,0.625,2.705,12.075,2.708,CRAWFORD,2,1
684,3086.5,76.369,0.62,2.305,15.615,2.6010000000000004,CRAWFORD,2,1
685,3087.0,72.301,0.633,0.98,21.27,2.759,CRAWFORD,3,1
686,3087.5,61.107,0.667,-1.74,21.21,3.8489999999999998,CRAWFORD,3,1
687,3088.0,41.148999999999994,0.68,-2.295,18.875,4.854,CRAWFORD,6,2
688,3088.5,28.419,0.6859999999999999,-0.92,14.54,5.0360000000000005,CRAWFORD,8,2
689,3089.0,22.526999999999997,0.687,0.36,10.24,5.044,CRAWFORD,8,2
690,3089.5,18.459,0.684,2.27,8.16,4.931,CRAWFORD,8,2
691,3090.0,17.345,0.679,2.67,8.23,4.547,CRAWFORD,8,2
692,3090.5,17.617,0.6759999999999999,2.855,8.725,4.328,CRAWFORD,6,2
693,3091.0,19.292,0.664,2.695,9.465,4.2989999999999995,CRAWFORD,6,2
694,3091.5,21.572,0.655,2.535,9.705,4.301,CRAWFORD,6,2
695,3092.0,22.975,0.653,1.95,9.21,4.319,CRAWFORD,6,2
696,3092.5,23.921999999999997,0.65,1.34,8.59,4.305,CRAWFORD,6,2
697,3093.0,24.869,0.657,0.63,7.42,4.291,CRAWFORD,6,2
698,3093.5,27.64,0.669,0.42,6.02,4.216,CRAWFORD,6,2
699,3094.0,34.058,0.67,0.44,4.4,4.109,CRAWFORD,6,2
700,3094.5,41.489,0.652,1.11,4.03,3.815,CRAWFORD,6,2
701,3095.0,51.235,0.631,1.73,5.19,3.444,CRAWFORD,6,2
702,3095.5,55.601000000000006,0.61,2.42,7.82,3.1460000000000004,CRAWFORD,6,2
703,3096.0,59.512,0.601,3.715,10.375,2.935,CRAWFORD,3,1
704,3096.5,62.055,0.598,4.13,12.01,2.844,CRAWFORD,2,1
705,3097.0,64.37,0.5920000000000001,3.83,12.15,2.7680000000000002,CRAWFORD,2,1
706,3097.5,65.773,0.5870000000000001,3.32,11.31,2.708,CRAWFORD,2,1
707,3098.0,66.036,0.593,2.635,9.895,2.6630000000000003,CRAWFORD,1,1
708,3098.5,64.712,0.597,2.65,9.32,2.616,CRAWFORD,1,1
709,3099.0,64.039,0.6,2.545,8.775,2.603,CRAWFORD,1,1
710,3099.5,64.332,0.61,2.57,8.69,2.589,CRAWFORD,1,1
711,3100.0,68.247,0.601,2.545,9.105,2.531,CRAWFORD,1,1
712,3100.5,75.809,0.583,2.99,10.63,2.4859999999999998,CRAWFORD,2,1
713,3101.0,84.73899999999999,0.5589999999999999,3.69,12.42,2.488,CRAWFORD,2,1
714,3101.5,95.76799999999999,0.541,4.595,14.775,2.52,CRAWFORD,2,1
715,3102.0,94.175,0.529,4.575,15.465,2.6,CRAWFORD,2,1
716,3102.5,89.427,0.529,4.575,15.555,2.7880000000000003,CRAWFORD,2,1
717,3103.0,84.90799999999999,0.527,4.35,14.27,3.148,CRAWFORD,2,1
718,3103.5,81.3,0.53,3.17,11.82,3.103,CRAWFORD,2,1
719,3104.0,82.251,0.534,1.84,10.85,2.6910000000000003,CRAWFORD,2,1
720,3104.5,83.20299999999999,0.568,0.12,16.21,2.235,CRAWFORD,2,1
721,3105.0,82.88799999999999,0.647,-0.305,24.225,2.113,CRAWFORD,3,1
722,3105.5,70.52600000000001,0.731,-3.475,31.335,2.301,CRAWFORD,3,1
723,3106.0,59.858000000000004,0.7929999999999999,-2.585,25.825,3.3289999999999997,CRAWFORD,6,2
724,3106.5,43.933,0.815,-2.425,18.585,4.2330000000000005,CRAWFORD,6,2
725,3107.0,30.523000000000003,0.828,-0.505,13.435,4.53,CRAWFORD,8,2
726,3107.5,21.444000000000003,0.867,-0.83,7.75,4.734,CRAWFORD,8,2
727,3108.0,18.52,0.948,0.5,5.3,4.86,CRAWFORD,6,2
728,3108.5,20.668000000000003,1.034,0.725,4.655,4.986000000000001,CRAWFORD,6,2
729,3109.0,23.396,1.077,0.945,4.055,4.9719999999999995,CRAWFORD,6,2
730,3109.5,25.715999999999998,1.112,1.0,3.38,4.974,CRAWFORD,6,2
731,3110.0,28.035,1.131,1.335,2.125,4.9910000000000005,CRAWFORD,6,2
732,3110.5,31.494,1.128,1.565,1.855,5.024,CRAWFORD,6,2
733,3111.0,42.743,1.145,0.74,2.92,4.996,CRAWFORD,6,2
734,3111.5,47.021,1.158,0.415,2.815,4.874,CRAWFORD,6,2
735,3112.0,49.443000000000005,1.158,0.265,2.475,4.72,CRAWFORD,6,2
736,3112.5,48.343,1.072,0.175,2.025,4.435,CRAWFORD,6,2
737,3113.0,47.243,0.993,0.305,2.325,4.07,CRAWFORD,6,2
738,3113.5,47.738,0.9359999999999999,0.625,3.575,3.745,CRAWFORD,6,2
739,3114.0,55.757,0.9,2.86,7.09,3.514,CRAWFORD,6,2
740,3114.5,67.815,0.8759999999999999,4.345,9.295,3.406,CRAWFORD,3,1
741,3115.0,68.904,0.852,4.72,9.57,3.455,CRAWFORD,2,1
742,3115.5,64.085,0.8340000000000001,3.905,7.665,3.565,CRAWFORD,2,1
743,3116.0,53.913000000000004,0.828,3.37,5.72,3.645,CRAWFORD,2,1
744,3116.5,50.715,0.841,2.665,4.465,3.615,CRAWFORD,2,1
745,3117.0,51.22,0.8540000000000001,2.43,3.86,3.714,CRAWFORD,2,1
746,3119.0,65.99,0.794,3.075,6.985,3.5,CRAWFORD,2,1
747,3119.5,74.325,0.764,1.485,11.995,3.159,CRAWFORD,2,1
748,3120.0,77.227,0.718,1.095,15.315,2.865,CRAWFORD,2,1
749,3120.5,78.863,0.687,1.285,17.905,2.696,CRAWFORD,2,1
750,3121.0,79.13,0.669,2.755,19.325,2.6510000000000002,CRAWFORD,2,1
751,3121.5,76.89,0.657,4.55,19.53,2.6710000000000003,CRAWFORD,3,1
752,3122.0,69.179,0.6920000000000001,6.11,19.22,3.114,CRAWFORD,3,1
753,3122.5,59.998999999999995,0.732,4.62,16.19,4.1339999999999995,CRAWFORD,6,2
754,3123.0,41.912,0.7609999999999999,1.64,10.98,4.726,CRAWFORD,6,2
755,3123.5,26.221999999999998,0.805,0.755,7.955,4.899,CRAWFORD,6,2
756,3124.0,22.615,0.845,1.58,6.02,4.854,CRAWFORD,6,2
757,3124.5,20.83,0.8490000000000001,1.97,4.39,4.7780000000000005,CRAWFORD,6,2
758,3125.0,21.326,0.836,2.77,4.39,4.655,CRAWFORD,6,2
759,3125.5,23.645,0.725,3.665,5.185,4.408,CRAWFORD,6,2
760,3126.0,29.02,0.5870000000000001,4.805,7.455,3.97,CRAWFORD,6,2
761,3126.5,35.588,0.461,5.255,11.615,3.6060000000000003,CRAWFORD,6,2
762,3127.0,39.503,0.325,5.335,18.395,3.3089999999999997,CRAWFORD,6,2
763,3127.5,41.138999999999996,0.239,4.545,21.765,3.342,CRAWFORD,4,2
764,3128.0,41.861999999999995,0.184,2.77,21.54,3.4219999999999997,CRAWFORD,6,2
765,3128.5,42.586000000000006,0.16899999999999998,-0.02,19.0,3.485,CRAWFORD,6,2
766,3129.0,44.221000000000004,0.139,2.425,18.905,3.378,CRAWFORD,4,2
767,3129.5,47.395,0.121,3.7,20.04,3.2089999999999996,CRAWFORD,4,2
768,3130.0,54.79600000000001,0.10300000000000001,4.59,22.87,3.133,CRAWFORD,4,2
769,3130.5,58.255,0.091,5.19,25.77,3.1660000000000004,CRAWFORD,4,2
770,3131.0,60.347,0.076,4.065,26.095,3.1180000000000003,CRAWFORD,4,2
771,3131.5,61.754,0.048,3.235,25.165,3.06,CRAWFORD,4,2
772,3132.0,61.794,0.002,2.74,22.4,3.14,CRAWFORD,4,2
773,3132.5,61.833,-0.047,3.65,21.13,3.437,CRAWFORD,4,2
774,3133.0,62.358000000000004,-0.096,4.43,21.27,3.6719999999999997,CRAWFORD,4,2
775,3133.5,63.062,-0.147,4.895,22.325,3.782,CRAWFORD,4,2
776,3134.0,63.33,-0.20600000000000002,5.245,22.895,3.737,CRAWFORD,7,2
777,3134.5,62.685,-0.218,5.035,22.725,3.5839999999999996,CRAWFORD,4,2
778,3135.0,60.217,-0.23,4.57,21.84,3.444,CRAWFORD,4,2
779,3135.5,55.926,-0.217,5.185,20.385,3.352,CRAWFORD,4,2
780,3136.0,52.318000000000005,-0.185,5.795,18.665,3.4960000000000004,CRAWFORD,4,2
781,3136.5,47.244,-0.16,5.445,15.725,3.855,CRAWFORD,6,2
782,3137.0,45.786,-0.138,4.165,11.765,3.966,CRAWFORD,6,2
783,3137.5,46.975,-0.11599999999999999,5.55,10.25,3.765,CRAWFORD,6,2
784,3138.0,51.907,-0.10300000000000001,7.385,11.675,3.44,CRAWFORD,4,2
785,3138.5,58.336000000000006,-0.09300000000000001,6.61,13.74,3.162,CRAWFORD,4,2
786,3139.0,64.995,-0.09,5.94,16.68,3.0239999999999996,CRAWFORD,4,2
787,3139.5,67.543,-0.08900000000000001,5.7,17.72,3.057,CRAWFORD,4,2
788,3140.0,68.041,-0.10400000000000001,5.755,18.395,3.1710000000000003,CRAWFORD,4,2
789,3140.5,66.186,-0.14400000000000002,5.995,19.265,3.2310000000000003,CRAWFORD,4,2
790,3141.0,62.184,-0.187,6.54,20.72,3.264,CRAWFORD,4,2
791,3141.5,57.883,-0.239,6.0,21.62,3.2969999999999997,CRAWFORD,4,2
792,3142.0,54.038999999999994,-0.297,5.725,22.245,3.282,CRAWFORD,4,2
793,3142.5,53.153999999999996,-0.371,5.745,23.065,3.222,CRAWFORD,4,2
794,3143.0,60.506,-0.43200000000000005,5.78,23.96,3.115,CRAWFORD,4,2
795,3143.5,68.99,-0.456,6.14,25.32,2.977,CRAWFORD,4,2
796,3144.0,88.891,-0.46799999999999997,7.025,27.595,2.9160000000000004,CRAWFORD,4,2
797,3144.5,114.955,-0.455,6.925,28.395,2.924,CRAWFORD,4,2
798,3145.0,139.876,-0.405,6.245,28.025,3.215,CRAWFORD,4,2
799,3145.5,157.72899999999998,-0.353,4.685,26.015,3.373,CRAWFORD,4,2
800,3146.0,167.803,-0.21899999999999997,4.27,23.37,3.81,CRAWFORD,4,2
801,3146.5,151.183,-0.057,0.925,17.125,4.1530000000000005,CRAWFORD,6,2
802,3147.0,123.264,0.067,0.285,14.215,4.404,CRAWFORD,6,2
803,3147.5,108.569,0.23399999999999999,0.705,12.225,4.499,CRAWFORD,8,2
804,3148.0,101.072,0.42700000000000005,1.15,10.76,4.3919999999999995,CRAWFORD,6,2
805,3148.5,91.74799999999999,0.625,1.135,9.605,4.254,CRAWFORD,6,2
806,3149.0,83.794,0.7490000000000001,2.075,7.845,4.023,CRAWFORD,6,2
807,3149.5,83.794,0.7490000000000001,2.075,7.845,4.023,CRAWFORD,6,2
808,3150.0,79.722,0.7709999999999999,2.89,6.64,4.04,CRAWFORD,6,2
809,3150.5,76.334,0.8,2.96,6.29,3.997,CRAWFORD,6,2
810,3151.0,73.631,0.8,2.68,6.69,3.8280000000000003,CRAWFORD,6,2
811,3151.5,76.865,0.772,2.42,8.6,3.535,CRAWFORD,6,2
812,3152.0,79.92399999999999,0.752,2.62,11.51,3.148,CRAWFORD,3,1
813,3152.5,82.199,0.728,3.725,14.555,2.964,CRAWFORD,3,1
814,3153.0,79.953,0.7,5.61,16.93,2.793,CRAWFORD,3,1
815,3153.5,75.881,0.6729999999999999,6.3,17.57,2.969,CRAWFORD,3,1
816,3154.0,67.47,0.652,4.775,15.795,3.282,CRAWFORD,3,1
817,3154.5,58.832,0.64,4.315,13.575,3.642,CRAWFORD,3,1
818,3155.0,57.946000000000005,0.631,3.595,11.305,3.8930000000000002,CRAWFORD,2,1
819,3155.5,65.755,0.625,3.465,10.355,3.911,CRAWFORD,2,1
820,3156.0,69.445,0.617,3.39,11.54,3.82,CRAWFORD,2,1
821,3156.5,73.389,0.608,3.625,12.775,3.62,CRAWFORD,2,1
822,3157.0,77.115,0.605,4.14,13.42,3.467,CRAWFORD,2,1
823,3157.5,79.84,0.596,4.875,13.825,3.36,CRAWFORD,3,1
824,3158.0,82.616,0.5770000000000001,5.235,14.845,3.207,CRAWFORD,3,1
825,3158.5,86.07799999999999,0.5539999999999999,5.04,16.15,3.161,CRAWFORD,3,1
826,3159.0,88.855,0.539,5.56,16.75,3.1180000000000003,CRAWFORD,3,1
827,3159.5,90.49,0.53,6.36,16.78,3.168,CRAWFORD,3,1
828,3160.0,90.975,0.522,7.035,16.995,3.154,CRAWFORD,3,1
829,3160.5,90.10799999999999,0.513,7.505,17.595,3.125,CRAWFORD,3,1
