Formation,Well Name,Depth,GR,ILD_log10,DeltaPHI,PHIND,PE,NM_M,RELPOS,smooth_PE,smooth_GR,enc_formation,Facies
A1 SH,STUART,2808.0,66.27600000000001,0.63,3.3,10.65,3.591,1,1.0,3.0683999999999996,73.63232,0,2
A1 SH,STUART,2808.5,77.252,0.585,6.5,11.95,3.341,1,0.978,3.0683999999999996,73.63232,0,3
A1 SH,STUART,2809.0,82.899,0.5660000000000001,9.4,13.6,3.0639999999999996,1,0.956,3.0683999999999996,73.63232,0,2
A1 SH,STUART,2809.5,80.671,0.593,9.5,13.25,2.977,1,0.9329999999999999,3.0683999999999996,73.63232,0,2
A1 SH,STUART,2810.0,75.971,0.638,8.7,12.35,3.02,1,0.9109999999999999,3.0683999999999996,73.63232,0,2
A1 SH,STUART,2810.5,73.955,0.667,6.9,12.25,3.0860000000000003,1,0.889,3.0683999999999996,73.63232,0,3
A1 SH,STUART,2811.0,77.962,0.674,6.5,12.45,3.092,1,0.867,3.0683999999999996,73.63232,0,3
A1 SH,STUART,2811.5,83.89399999999999,0.667,6.3,12.65,3.123,1,0.8440000000000001,3.0683999999999996,73.63232,0,3
A1 SH,STUART,2812.0,84.42399999999999,0.653,6.7,13.05,3.1210000000000004,1,0.8220000000000001,3.0683999999999996,73.63232,0,3
A1 SH,STUART,2812.5,83.16,0.642,7.3,12.95,3.127,1,0.8,3.0683999999999996,73.63232,0,2
A1 SH,STUART,2813.0,79.063,0.6509999999999999,7.3,12.05,3.147,1,0.778,3.0683999999999996,73.63232,0,2
A1 SH,STUART,2813.5,69.002,0.677,6.2,10.8,3.096,1,0.7559999999999999,3.0683999999999996,73.63232,0,2
A1 SH,STUART,2814.0,63.983000000000004,0.69,4.4,9.7,3.103,1,0.733,3.0683999999999996,73.63232,0,2
A1 SH,STUART,2814.5,61.797,0.675,3.5,9.15,3.1010000000000004,1,0.711,3.0683999999999996,73.63232,0,2
A1 SH,STUART,2815.0,61.372,0.6459999999999999,2.8,9.3,3.065,1,0.6890000000000001,3.0683999999999996,73.63232,0,1
A1 SH,STUART,2815.5,63.535,0.621,2.8,9.8,2.9819999999999998,1,0.667,3.0683999999999996,73.63232,0,2
A1 SH,STUART,2816.0,65.126,0.6,3.3,10.55,2.9139999999999997,1,0.644,3.0683999999999996,73.63232,0,2
A1 SH,STUART,2816.5,75.93,0.5760000000000001,3.4,11.9,2.845,1,0.6,3.0683999999999996,73.63232,0,2
A1 SH,STUART,2817.0,85.07700000000001,0.584,4.4,12.9,2.8539999999999996,1,0.578,3.0683999999999996,73.63232,0,2
A1 SH,STUART,2817.5,89.459,0.598,6.6,13.5,2.986,1,0.556,3.0683999999999996,73.63232,0,3
A1 SH,STUART,2818.0,88.619,0.61,7.2,14.8,2.988,1,0.5329999999999999,3.0683999999999996,73.63232,0,2
A1 SH,STUART,2818.5,81.593,0.636,6.4,13.9,2.998,1,0.511,3.0683999999999996,73.63232,0,2
A1 SH,STUART,2819.0,66.595,0.7020000000000001,2.8,11.4,2.988,1,0.489,3.0683999999999996,73.63232,0,2
A1 SH,STUART,2819.5,55.081,0.789,2.7,8.15,3.028,1,0.467,3.0683999999999996,73.63232,0,1
A1 SH,STUART,2820.0,48.111999999999995,0.84,1.0,7.5,3.073,1,0.444,3.0683999999999996,73.63232,0,1
A1 SH,STUART,2820.5,43.73,0.846,0.4,7.1,3.1460000000000004,1,0.42200000000000004,3.0506,72.73048,0,1
A1 SH,STUART,2821.0,44.097,0.84,0.7,6.65,3.205,1,0.4,3.04516,71.40428000000001,0,1
A1 SH,STUART,2821.5,46.839,0.8420000000000001,0.8,6.6,3.2539999999999996,1,0.37799999999999995,3.0527600000000006,69.96188000000001,0,1
A1 SH,STUART,2822.0,50.348,0.843,1.1,6.75,3.23,1,0.35600000000000004,3.0628800000000007,68.74896,0,1
A1 SH,STUART,2822.5,57.129,0.8220000000000001,2.2,7.3,3.237,1,0.33299999999999996,3.0715600000000007,67.99528,0,2
A1 SH,STUART,2823.0,64.465,0.777,4.4,8.4,3.259,1,0.311,3.0784800000000008,67.61568,0,2
A1 SH,STUART,2823.5,70.267,0.7290000000000001,7.1,9.85,3.2889999999999997,1,0.289,3.086360000000001,67.30788,0,2
A1 SH,STUART,2824.0,76.566,0.664,10.7,11.55,3.3810000000000002,1,0.244,3.0966800000000005,67.01476,0,2
A1 SH,STUART,2824.5,76.778,0.643,10.7,12.25,3.452,1,0.222,3.1099200000000007,66.70891999999999,0,2
A1 SH,STUART,2825.0,73.971,0.632,9.7,12.55,3.3960000000000004,1,0.2,3.120680000000001,66.34136,0,2
A1 SH,STUART,2825.5,74.314,0.622,8.8,13.1,3.1439999999999997,1,0.17800000000000002,3.120560000000001,66.1514,0,2
A1 SH,STUART,2826.0,77.031,0.583,4.8,16.2,3.034,1,0.156,3.118080000000001,66.47255999999999,0,2
A1 SH,STUART,2826.5,74.469,0.517,4.8,19.2,2.931,1,0.133,3.111200000000001,66.892,0,2
A1 SH,STUART,2827.0,73.327,0.489,6.3,20.35,2.88,1,0.111,3.102360000000001,67.3532,0,2
A1 SH,STUART,2827.5,74.575,0.526,4.9,19.25,2.795,1,0.08900000000000001,3.091560000000001,67.88132,0,3
A1 SH,STUART,2828.0,70.536,0.5579999999999999,6.5,17.05,3.009,1,0.067,3.092640000000001,68.16136,0,3
A1 SH,STUART,2828.5,62.93899999999999,0.528,7.6,18.8,3.073,1,0.044000000000000004,3.099000000000001,68.07388,0,3
A1 SH,STUART,2829.0,57.137,0.511,10.9,19.15,3.313,1,0.022000000000000002,3.117720000000001,67.32216,0,2
A1 LM,STUART,2829.5,47.345,0.584,7.0,16.3,3.5269999999999997,2,1.0,3.144640000000001,65.81287999999999,1,8
A1 LM,STUART,2830.0,35.733000000000004,0.73,6.4,10.2,3.928,2,0.987,3.1823200000000007,63.66383999999999,1,8
A1 LM,STUART,2830.5,29.326999999999998,0.873,2.7,7.85,4.33,2,0.9740000000000001,3.2360000000000007,61.292159999999996,1,8
A1 LM,STUART,2831.0,28.241999999999997,0.963,1.4,6.3,4.413,2,0.961,3.2926000000000006,59.15811999999999,1,8
A1 LM,STUART,2831.5,34.558,1.018,1.8,5.6,4.511,2,0.9470000000000001,3.3535200000000005,57.87663999999999,1,8
A1 LM,STUART,2832.0,43.754,1.054,1.8,5.2,4.412,2,0.934,3.4088800000000004,57.42355999999999,1,8
A1 LM,STUART,2832.5,53.611999999999995,1.067,1.5,5.05,4.226,2,0.9209999999999999,3.4550000000000005,57.64355999999999,1,6
A1 LM,STUART,2833.0,60.718999999999994,1.0390000000000001,1.9,4.85,3.931,2,0.9079999999999999,3.4864000000000006,58.32311999999999,1,8
A1 LM,STUART,2833.5,66.538,0.94,2.7,5.45,3.7030000000000003,2,0.895,3.5063200000000005,59.22075999999999,1,6
A1 LM,STUART,2834.0,75.52199999999999,0.8009999999999999,4.0,7.3,3.5010000000000003,2,0.882,3.5162000000000004,60.36807999999999,1,6
A1 LM,STUART,2834.5,95.979,0.6920000000000001,6.5,9.55,3.346,2,0.868,3.5208400000000006,62.19331999999999,1,4
A1 LM,STUART,2835.0,130.26,0.644,8.3,11.15,3.242,2,0.855,3.521040000000001,65.11856,1,4
A1 LM,STUART,2835.5,160.167,0.643,9.3,12.15,3.2939999999999996,2,0.8420000000000001,3.522440000000001,68.94664,1,4
A1 LM,STUART,2836.0,176.528,0.6729999999999999,9.1,12.05,3.298,2,0.8290000000000001,3.522800000000001,73.19708,1,4
A1 LM,STUART,2836.5,175.622,0.72,8.9,12.15,3.3489999999999998,2,0.816,3.521520000000001,77.15932,1,4
A1 LM,STUART,2837.0,153.965,0.7559999999999999,7.6,11.9,3.31,2,0.8029999999999999,3.515840000000001,80.2468,1,4
A1 LM,STUART,2837.5,120.07600000000001,0.7659999999999999,7.2,12.2,3.365,2,0.789,3.514600000000001,82.09099999999998,1,4
A1 LM,STUART,2838.0,91.434,0.787,7.1,12.15,3.392,2,0.7759999999999999,3.5245200000000008,82.7758,1,4
A1 LM,STUART,2838.5,69.312,0.8740000000000001,4.6,10.4,3.293,2,0.763,3.5348800000000007,82.46704,1,4
A1 LM,STUART,2839.0,54.828,1.0290000000000001,0.8,8.2,3.395,2,0.75,3.5534400000000006,81.6814,1,6
A1 LM,STUART,2839.5,50.854,1.149,0.3,6.85,3.5,2,0.737,3.5782400000000005,80.78247999999999,1,6
A1 LM,STUART,2840.0,54.632,1.09,1.0,7.4,3.576,2,0.7240000000000001,3.6094800000000005,79.98475999999998,1,8
A1 LM,STUART,2840.5,56.835,0.924,4.1,8.45,3.555,2,0.711,3.6313200000000005,79.43671999999997,1,6
A1 LM,STUART,2841.0,60.393,0.7879999999999999,7.1,10.05,3.591,2,0.6970000000000001,3.652040000000001,79.33487999999997,1,4
A1 LM,STUART,2841.5,58.94,0.733,8.1,11.15,3.576,2,0.684,3.6625600000000005,79.40699999999997,1,4
A1 LM,STUART,2842.0,49.718999999999994,0.754,6.1,10.75,3.6689999999999996,2,0.6709999999999999,3.66824,79.50195999999997,1,4
A1 LM,STUART,2842.5,41.403999999999996,0.8190000000000001,3.5,9.55,3.872,2,0.6579999999999999,3.6660000000000004,79.72879999999998,1,8
A1 LM,STUART,2843.0,36.084,0.882,1.6,8.2,4.125,2,0.645,3.6578000000000004,79.99907999999998,1,8
A1 LM,STUART,2843.5,29.344,0.897,0.1,7.25,4.23,2,0.632,3.6504800000000004,80.04315999999999,1,8
A1 LM,STUART,2844.0,24.072,0.841,-0.6,6.8,4.302,2,0.618,3.642120000000001,79.62371999999998,1,8
A1 LM,STUART,2844.5,22.62,0.733,-2.5,7.65,4.348,2,0.605,3.639560000000001,78.77835999999998,1,8
A1 LM,STUART,2845.0,22.408,0.597,-3.8,9.5,4.29,2,0.5920000000000001,3.642120000000001,77.53019999999997,1,8
A1 LM,STUART,2845.5,21.184,0.469,-2.7,11.05,4.255,2,0.579,3.6550800000000008,75.94879999999996,1,8
A1 LM,STUART,2846.0,21.796,0.375,-2.3,13.35,4.213,2,0.5660000000000001,3.6754800000000007,74.15911999999997,1,8
A1 LM,STUART,2846.5,23.925,0.314,-1.8,15.1,4.363,2,0.5529999999999999,3.7099600000000006,72.09523999999996,1,8
A1 LM,STUART,2847.0,24.464000000000002,0.278,-1.3,16.15,4.495,2,0.539,3.7559200000000006,69.23463999999996,1,8
A1 LM,STUART,2847.5,26.039,0.257,-1.9,16.55,4.602,2,0.526,3.8103200000000004,65.06579999999997,1,8
A1 LM,STUART,2848.0,27.491,0.247,-2.5,16.45,4.544,2,0.513,3.86032,59.75875999999997,1,8
A1 LM,STUART,2848.5,28.193,0.249,-2.4,16.3,4.587,2,0.5,3.9118800000000005,53.82535999999996,1,8
A1 LM,STUART,2849.0,28.634,0.265,-1.9,16.15,4.678,2,0.48700000000000004,3.96504,47.94583999999996,1,8
A1 LM,STUART,2849.5,29.809,0.299,-1.0,15.2,4.8660000000000005,2,0.474,4.02728,42.97959999999996,1,8
A1 LM,STUART,2850.0,31.171999999999997,0.349,-1.5,14.15,4.783,2,0.461,4.0840000000000005,39.423439999999964,1,8
A1 LM,STUART,2850.5,33.448,0.418,-1.1,12.65,4.688,2,0.447,4.135840000000001,37.103999999999964,1,8
A1 LM,STUART,2851.0,33.514,0.503,-1.2,11.3,4.628,2,0.434,4.189240000000001,35.672079999999966,1,8
A1 LM,STUART,2851.5,35.146,0.593,-0.5,10.05,4.387,2,0.42100000000000004,4.2289200000000005,34.88479999999996,1,6
A1 LM,STUART,2852.0,35.953,0.6709999999999999,-0.7,9.45,4.291,2,0.408,4.260560000000001,34.28875999999996,1,6
A1 LM,STUART,2852.5,35.178000000000004,0.7290000000000001,-0.6,9.0,4.178,2,0.395,4.2846400000000004,33.51059999999996,1,6
A1 LM,STUART,2853.0,36.109,0.773,0.1,8.35,4.203,2,0.382,4.310560000000001,32.68155999999996,1,6
A1 LM,STUART,2853.5,38.769,0.82,1.3,7.55,4.262,2,0.368,4.337400000000001,31.816599999999962,1,6
A1 LM,STUART,2854.0,39.510999999999996,0.873,1.3,7.05,4.387,2,0.355,4.369840000000001,31.03943999999996,1,6
A1 LM,STUART,2854.5,40.523,0.927,2.6,6.5,4.006,2,0.342,4.383320000000001,30.671599999999962,1,6
A1 LM,STUART,2855.0,42.693999999999996,0.9640000000000001,2.8,6.8,3.718,2,0.32899999999999996,4.377160000000001,30.72319999999996,1,6
A1 LM,STUART,2855.5,45.297,0.9590000000000001,3.0,7.3,3.594,2,0.316,4.355920000000001,31.09171999999996,1,6
A1 LM,STUART,2856.0,48.145,0.915,3.8,8.2,3.46,2,0.303,4.325120000000001,31.843759999999957,1,6
A1 LM,STUART,2856.5,51.041000000000004,0.862,5.9,8.75,3.333,2,0.289,4.286360000000001,32.922519999999956,1,6
A1 LM,STUART,2857.0,56.125,0.825,7.4,9.3,3.3360000000000003,2,0.276,4.2458800000000005,34.26271999999996,1,6
A1 LM,STUART,2857.5,62.205,0.807,6.4,9.9,3.362,2,0.263,4.208760000000001,35.85459999999996,1,6
A1 LM,STUART,2858.0,64.865,0.794,4.7,10.25,3.2439999999999998,2,0.25,4.1683200000000005,37.60183999999996,1,6
A1 LM,STUART,2858.5,68.186,0.7709999999999999,4.1,10.25,3.174,2,0.237,4.126760000000001,39.45743999999996,1,6
A1 LM,STUART,2859.0,72.421,0.743,4.1,10.55,3.174,2,0.22399999999999998,4.079200000000001,41.39727999999997,1,6
A1 LM,STUART,2859.5,74.322,0.73,4.5,10.65,3.187,2,0.21100000000000002,4.026880000000001,43.39159999999996,1,6
A1 LM,STUART,2860.0,72.543,0.748,4.1,10.35,3.359,2,0.19699999999999998,3.9771600000000005,45.25175999999997,1,4
A1 LM,STUART,2860.5,65.672,0.8140000000000001,3.5,9.05,3.6180000000000003,2,0.184,3.9401200000000007,46.77899999999997,1,4
A1 LM,STUART,2861.0,57.153,0.951,1.7,6.75,3.9019999999999997,2,0.171,3.9127200000000006,47.93739999999997,1,6
A1 LM,STUART,2861.5,46.056000000000004,1.148,0.1,4.55,4.221,2,0.158,3.894440000000001,48.63427999999997,1,6
A1 LM,STUART,2862.0,37.961,1.324,0.0,3.3,4.561,2,0.145,3.8822400000000012,48.96035999999997,1,6
A1 LM,STUART,2862.5,33.579,1.402,-0.2,2.8,4.7989999999999995,2,0.132,3.8828800000000006,49.05663999999997,1,6
A1 LM,STUART,2863.0,31.212,1.439,-0.4,2.7,4.874,2,0.11800000000000001,3.8903200000000004,48.96719999999996,1,6
A1 LM,STUART,2863.5,30.176,1.486,-0.5,2.55,4.787,2,0.105,3.896680000000001,48.833679999999966,1,6
A1 LM,STUART,2864.0,29.858,1.507,-0.7,2.75,4.622,2,0.092,3.9060800000000007,48.622159999999965,1,6
A1 LM,STUART,2864.5,29.923000000000002,1.433,-0.6,3.3,4.375,2,0.079,3.909440000000001,48.380959999999966,1,6
A1 LM,STUART,2865.0,34.428000000000004,1.2790000000000001,0.0,4.0,4.115,2,0.066,3.906920000000001,48.350959999999965,1,6
A1 LM,STUART,2865.5,39.935,1.1340000000000001,0.8,4.6,3.9789999999999996,2,0.053,3.8979600000000003,48.50399999999997,1,6
A1 LM,STUART,2866.0,39.935,1.1340000000000001,0.8,4.6,3.9789999999999996,2,0.053,3.8866400000000003,48.550639999999966,1,6
A1 LM,STUART,2866.5,46.823,1.05,1.3,5.15,3.727,2,0.039,3.8602400000000006,48.84311999999997,1,8
A1 LM,STUART,2867.0,57.968999999999994,1.01,2.0,5.2,3.537,2,0.026000000000000002,3.8414800000000007,49.54095999999998,1,8
A1 LM,STUART,2867.5,71.24600000000001,0.9540000000000001,2.3,5.65,3.4819999999999998,2,0.013000000000000001,3.8320400000000006,50.683039999999984,1,8
B1 SH,STUART,2868.0,82.54799999999999,0.843,3.2,7.2,3.532,1,1.0,3.8295600000000007,52.173079999999985,2,2
B1 SH,STUART,2868.5,92.119,0.718,4.9,8.95,3.484,1,0.968,3.830520000000001,53.93203999999998,2,2
B1 SH,STUART,2869.0,93.564,0.635,7.0,11.1,3.4019999999999997,1,0.935,3.8332800000000007,55.63295999999998,2,3
B1 SH,STUART,2869.5,86.26,0.615,9.0,11.9,3.486,1,0.903,3.839280000000001,56.83835999999999,2,3
B1 SH,STUART,2870.0,77.097,0.637,9.5,11.25,3.56,1,0.871,3.8472000000000013,57.43403999999999,2,2
B1 SH,STUART,2870.5,67.68,0.6509999999999999,9.2,10.7,3.4730000000000003,1,0.8390000000000001,3.8563600000000013,57.54663999999999,2,2
B1 SH,STUART,2871.0,64.04899999999999,0.639,8.5,10.65,3.4010000000000002,1,0.8059999999999999,3.865440000000001,57.381159999999994,2,2
B1 SH,STUART,2871.5,67.566,0.621,7.5,11.45,3.307,1,0.774,3.8707600000000006,57.18695999999999,2,2
B1 SH,STUART,2872.0,69.72800000000001,0.604,7.1,12.45,3.28,1,0.742,3.874480000000001,57.0032,2,2
B1 SH,STUART,2872.5,67.96600000000001,0.5820000000000001,8.3,13.45,3.253,1,0.71,3.8702400000000012,56.82011999999999,2,2
B1 SH,STUART,2873.0,65.803,0.565,9.6,13.5,3.284,1,0.677,3.8568800000000016,56.82535999999998,2,2
B1 SH,STUART,2873.5,62.351000000000006,0.575,10.1,11.85,3.405,1,0.645,3.8370000000000015,57.03327999999998,2,2
B1 SH,STUART,2874.0,59.512,0.621,10.1,9.65,3.5039999999999996,1,0.613,3.8083200000000015,57.571519999999985,2,2
B1 SH,STUART,2874.5,61.176,0.691,9.9,8.15,3.5869999999999997,1,0.581,3.7693600000000016,58.50011999999998,2,2
B1 SH,STUART,2875.0,65.75399999999999,0.7509999999999999,9.6,7.7,3.605,1,0.5479999999999999,3.721600000000002,59.78711999999998,2,2
B1 SH,STUART,2875.5,66.66,0.768,9.0,8.2,3.505,1,0.516,3.666840000000002,61.20503999999998,2,2
B1 SH,STUART,2876.0,64.604,0.742,8.0,8.9,3.411,1,0.484,3.611800000000002,62.58215999999999,2,2
B1 SH,STUART,2876.5,61.699,0.696,7.0,9.2,3.319,1,0.452,3.559680000000002,63.85579999999999,2,2
B1 SH,STUART,2877.0,58.353,0.657,5.6,9.3,3.265,1,0.419,3.515280000000002,64.993,2,2
B1 SH,STUART,2877.5,55.928999999999995,0.64,4.2,9.2,3.167,1,0.387,3.4773600000000022,65.85304,2,2
B1 SH,STUART,2878.0,57.413999999999994,0.64,4.0,9.1,3.181,1,0.355,3.4454400000000023,66.5522,2,2
B1 SH,STUART,2878.5,60.393,0.64,3.8,9.3,3.133,1,0.32299999999999995,3.4116000000000017,67.37052,2,2
B1 SH,STUART,2879.0,65.90100000000001,0.636,4.2,9.9,3.1630000000000003,1,0.29,3.389040000000002,68.13364,2,2
B1 SH,STUART,2879.5,71.385,0.635,5.8,10.8,3.1310000000000002,1,0.258,3.3728000000000016,68.67027999999999,2,2
B1 SH,STUART,2880.0,75.816,0.625,4.9,13.55,2.997,1,0.226,3.3534000000000015,68.85307999999999,2,2
B1 SH,STUART,2880.5,75.334,0.5870000000000001,5.6,15.9,2.938,1,0.19399999999999998,3.3296400000000017,68.56451999999999,2,2
B1 SH,STUART,2881.0,72.69,0.5579999999999999,4.8,18.5,2.969,1,0.129,3.3090400000000018,67.78735999999999,2,3
B1 SH,STUART,2881.5,68.635,0.5579999999999999,6.9,19.45,3.1039999999999996,1,0.09699999999999999,3.2971200000000014,66.7902,2,3
B1 SH,STUART,2882.0,60.695,0.52,7.5,21.25,3.147,1,0.065,3.283560000000002,65.76759999999999,2,2
B1 SH,STUART,2882.5,51.645,0.501,5.6,18.1,3.3539999999999996,1,0.032,3.2753200000000016,64.74951999999999,2,2
B1 LM,STUART,2883.0,41.918,0.5479999999999999,7.0,10.9,3.764,2,1.0,3.2869600000000014,63.719039999999985,3,8
B1 LM,STUART,2883.5,32.991,0.633,7.7,6.35,4.109,2,0.968,3.3152800000000013,62.476719999999986,3,8
B1 LM,STUART,2884.0,28.258000000000003,0.705,5.0,6.1,4.154,2,0.935,3.3491600000000012,60.90439999999999,3,8
B1 LM,STUART,2884.5,26.635,0.769,4.1,5.35,4.321000000000001,2,0.903,3.390800000000001,59.18067999999998,3,8
B1 LM,STUART,2885.0,25.541,0.847,3.6,4.8,4.476,2,0.871,3.4397200000000008,57.483679999999985,3,8
B1 LM,STUART,2885.5,23.795,0.948,2.3,4.45,4.565,2,0.8390000000000001,3.4909600000000007,55.80335999999999,3,8
B1 LM,STUART,2886.0,20.719,1.061,2.2,3.5,4.615,2,0.8059999999999999,3.5393600000000003,54.13807999999999,3,8
B1 LM,STUART,2886.5,18.499000000000002,1.139,2.4,3.2,4.696000000000001,2,0.774,3.58704,52.49755999999999,3,8
B1 LM,STUART,2887.0,19.445999999999998,1.1179999999999999,1.5,4.65,4.668,2,0.742,3.6302800000000004,50.828359999999996,3,8
B1 LM,STUART,2887.5,21.388,1.0190000000000001,1.0,7.1,4.579,2,0.71,3.66924,49.05371999999999,3,8
B1 LM,STUART,2888.0,24.178,0.9079999999999999,1.2,9.2,4.292,2,0.677,3.70072,47.35444,3,8
B1 LM,STUART,2888.5,27.638,0.812,0.0,11.1,4.046,2,0.645,3.7261200000000003,45.87579999999999,3,8
B1 LM,STUART,2889.0,31.669,0.7240000000000001,0.9,11.45,3.822,2,0.613,3.7462400000000002,44.67459999999999,3,8
B1 LM,STUART,2889.5,39.389,0.627,3.4,11.2,3.6289999999999996,2,0.581,3.7608000000000006,43.91603999999998,3,7
B1 LM,STUART,2890.0,49.385,0.535,6.4,11.5,3.517,2,0.5479999999999999,3.7748000000000004,43.65427999999998,3,7
B1 LM,STUART,2890.5,58.516000000000005,0.488,9.0,11.4,3.4739999999999998,2,0.516,3.7865200000000003,43.69835999999999,3,7
B1 LM,STUART,2891.0,66.619,0.511,9.2,10.8,3.613,2,0.484,3.8057200000000004,43.94739999999998,3,7
B1 LM,STUART,2891.5,67.296,0.602,6.4,9.5,3.862,2,0.452,3.8336800000000006,44.00319999999998,3,6
B1 LM,STUART,2892.0,57.798,0.745,3.7,8.25,4.052,2,0.419,3.8705200000000004,43.459719999999976,3,6
B1 LM,STUART,2892.5,48.169,0.912,1.1,7.45,4.2410000000000005,2,0.387,3.92028,42.353839999999984,3,6
B1 LM,STUART,2893.0,41.437,1.045,0.4,6.3,4.476,2,0.355,3.9818000000000002,40.99795999999998,3,6
B1 LM,STUART,2893.5,39.348,1.117,0.1,5.35,4.712,2,0.32299999999999995,4.05152,39.66427999999997,3,6
B1 LM,STUART,2894.0,49.312,1.1440000000000001,1.0,4.5,4.56,2,0.29,4.1097600000000005,38.89135999999997,3,6
B1 LM,STUART,2894.5,61.983999999999995,1.143,0.7,4.85,4.605,2,0.258,4.168080000000001,38.942919999999965,3,6
B1 LM,STUART,2895.0,73.506,1.122,0.9,5.75,4.574,2,0.226,4.216880000000001,39.817359999999965,3,6
B1 LM,STUART,2895.5,74.208,1.095,0.3,6.85,4.478,2,0.19399999999999998,4.24544,41.10895999999997,3,6
B1 LM,STUART,2896.0,67.819,1.072,-0.7,7.55,4.444,2,0.161,4.258840000000001,42.50207999999997,3,6
B1 LM,STUART,2896.5,61.625,1.057,-1.2,7.4,4.439,2,0.129,4.270240000000001,43.83675999999997,3,6
B1 LM,STUART,2897.0,61.625,1.057,-1.2,7.4,4.439,2,0.129,4.274960000000001,45.23635999999997,3,6
B1 LM,STUART,2897.5,55.481,1.041,-0.9,6.55,4.335,2,0.09699999999999999,4.2693200000000004,46.43395999999997,3,6
B1 LM,STUART,2898.0,57.251000000000005,0.98,-0.1,5.75,3.907,2,0.065,4.243,47.77219999999997,3,6
B1 LM,STUART,2898.5,67.28,0.84,-0.6,7.1,3.58,2,0.032,4.201600000000001,49.63463999999996,3,8
B2 SH,STUART,2899.0,76.02,0.6859999999999999,0.7,9.45,3.23,1,1.0,4.142960000000001,51.93547999999996,4,3
B2 SH,STUART,2899.5,84.45700000000001,0.603,2.5,12.45,2.967,1,0.9470000000000001,4.0749200000000005,54.53591999999997,4,2
B2 SH,STUART,2900.0,89.01899999999999,0.595,4.6,14.9,2.7939999999999996,1,0.895,4.003520000000001,57.24115999999997,4,2
B2 SH,STUART,2900.5,89.93299999999999,0.591,3.9,18.55,2.7889999999999997,1,0.8420000000000001,3.943400000000001,59.87135999999997,4,3
B2 SH,STUART,2901.0,89.38600000000001,0.539,4.5,22.55,2.861,1,0.789,3.896000000000001,62.34127999999997,4,3
B2 SH,STUART,2901.5,89.427,0.479,6.2,25.4,2.935,1,0.737,3.8605200000000006,64.65159999999996,4,3
B2 SH,STUART,2902.0,87.51700000000001,0.461,7.6,24.4,3.128,1,0.684,3.840480000000001,66.57671999999997,4,3
B2 SH,STUART,2902.5,83.74700000000001,0.485,8.7,23.15,3.284,1,0.632,3.831160000000001,67.95119999999997,4,3
B2 SH,STUART,2903.0,78.304,0.541,6.1,21.25,3.332,1,0.579,3.8254800000000007,68.74271999999998,4,3
B2 SH,STUART,2903.5,71.858,0.635,8.5,15.95,3.485,1,0.526,3.8203600000000004,68.95227999999997,4,2
B2 SH,STUART,2904.0,64.70100000000001,0.737,5.0,15.7,3.471,1,0.474,3.804720000000001,68.84847999999997,4,2
B2 SH,STUART,2904.5,64.293,0.752,1.7,17.15,3.45,1,0.42100000000000004,3.780640000000001,69.10827999999997,4,2
B2 SH,STUART,2905.0,67.158,0.6859999999999999,-0.3,19.95,3.2760000000000002,1,0.368,3.7420400000000007,69.86783999999996,4,3
B2 SH,STUART,2905.5,72.47800000000001,0.631,0.2,20.4,3.1710000000000003,1,0.316,3.689840000000001,71.10947999999996,4,3
B2 SH,STUART,2906.0,78.068,0.614,5.0,18.1,3.252,1,0.21100000000000002,3.6314400000000004,72.65827999999996,4,2
B2 SH,STUART,2906.5,73.008,0.5920000000000001,2.4,20.1,3.175,1,0.158,3.5760400000000003,73.60611999999998,4,2
B2 SH,STUART,2907.0,64.64399999999999,0.5429999999999999,1.7,22.35,3.302,1,0.105,3.5239200000000004,73.71251999999998,4,2
B2 SH,STUART,2907.5,49.801,0.5379999999999999,0.0,20.8,3.551,1,0.053,3.4830000000000005,72.76431999999997,4,2
B2 LM,STUART,2908.0,35.937,0.628,-2.8,16.8,3.96,2,1.0,3.4622800000000007,71.23347999999996,5,8
B2 LM,STUART,2908.5,24.203000000000003,0.743,-0.3,12.35,4.454,2,0.963,3.46268,69.48883999999997,5,8
B2 LM,STUART,2909.0,15.985999999999999,0.777,-0.2,11.5,4.657,2,0.9259999999999999,3.4714,67.66327999999997,5,8
B2 LM,STUART,2909.5,12.036,0.773,-0.5,10.55,4.593999999999999,2,0.889,3.4776,65.67971999999997,5,8
B2 LM,STUART,2910.0,12.745999999999999,0.787,-1.2,9.2,4.437,2,0.852,3.48168,63.97031999999997,5,8
B2 LM,STUART,2910.5,14.843,0.809,-1.6,7.7,4.351,2,0.815,3.4994400000000003,62.27399999999998,5,8
B2 LM,STUART,2911.0,17.087,0.8059999999999999,-1.0,6.8,4.242,2,0.778,3.5259200000000006,60.26627999999998,5,8
B2 LM,STUART,2911.5,17.977,0.765,0.3,6.45,4.105,2,0.741,3.5609200000000003,57.94455999999998,5,8
B2 LM,STUART,2912.0,18.834,0.701,-0.1,7.15,4.279,2,0.7040000000000001,3.6134000000000004,55.31963999999998,5,8
B2 LM,STUART,2912.5,19.258,0.644,0.4,7.4,4.669,2,0.667,3.6884,52.52919999999998,5,8
B2 LM,STUART,2913.0,19.062,0.61,0.6,7.8,5.19,2,0.63,3.78444,49.69435999999998,5,8
B2 LM,STUART,2913.5,18.637999999999998,0.6,1.8,7.6,5.527,2,0.593,3.89108,46.86443999999997,5,8
B2 LM,STUART,2914.0,19.462,0.598,3.4,6.8,6.321000000000001,2,0.556,4.02652,44.06583999999998,5,8
B2 LM,STUART,2914.5,19.552,0.581,3.1,6.95,6.16,2,0.519,4.1478,41.34723999999997,5,8
B2 LM,STUART,2915.0,20.653000000000002,0.529,0.9,8.65,5.865,2,0.48100000000000004,4.25104,38.823479999999975,5,8
B2 LM,STUART,2915.5,23.371,0.45,-1.0,11.3,5.315,2,0.444,4.33036,36.62615999999997,5,9
B2 LM,STUART,2916.0,25.468000000000004,0.391,-1.3,13.75,4.918,2,0.40700000000000003,4.38768,34.77055999999997,5,8
B2 LM,STUART,2916.5,26.291999999999998,0.377,-2.3,14.85,4.521,2,0.37,4.429679999999999,33.234199999999966,5,8
B2 LM,STUART,2917.0,27.736,0.41100000000000003,-3.6,14.1,4.4430000000000005,2,0.33299999999999996,4.469399999999999,31.77191999999997,5,8
B2 LM,STUART,2917.5,29.784000000000002,0.48200000000000004,-3.1,11.85,4.3469999999999995,2,0.29600000000000004,4.512239999999999,30.276959999999967,5,8
B2 LM,STUART,2918.0,31.041,0.578,-2.2,9.4,4.416,2,0.259,4.562039999999999,28.619479999999967,5,6
B2 LM,STUART,2918.5,30.837,0.6829999999999999,-0.4,7.4,4.394,2,0.222,4.60772,26.730239999999966,5,6
B2 LM,STUART,2919.0,32.64,0.807,1.0,5.6,4.343,2,0.185,4.654439999999999,25.115519999999965,5,6
B2 LM,STUART,2919.5,33.571,0.9420000000000001,1.6,4.5,4.086,2,0.14800000000000002,4.6857999999999995,23.872599999999967,5,6
B2 LM,STUART,2920.0,39.56,1.003,1.9,4.55,3.8110000000000004,2,0.111,4.696199999999999,23.462959999999963,5,6
B2 LM,STUART,2920.5,47.475,0.9309999999999999,1.5,6.15,3.625,2,0.07400000000000001,4.682799999999999,23.924479999999964,5,6
B2 LM,STUART,2921.0,56.443000000000005,0.821,2.3,8.05,3.3930000000000002,2,0.037000000000000005,4.64036,25.214079999999964,5,2
B3 SH,STUART,2921.5,64.79899999999999,0.7509999999999999,3.4,9.6,3.12,1,1.0,4.578880000000001,27.166599999999963,6,2
B3 SH,STUART,2922.0,69.72,0.711,3.0,12.4,3.03,1,0.95,4.51632,29.473959999999966,6,2
B3 SH,STUART,2922.5,72.51100000000001,0.637,3.5,16.35,2.984,1,0.9,4.458200000000001,31.864559999999965,6,3
B3 SH,STUART,2923.0,74.69800000000001,0.525,5.4,20.8,2.915,1,0.85,4.400760000000001,34.25875999999997,6,3
B3 SH,STUART,2923.5,74.69800000000001,0.525,5.4,20.8,2.915,1,0.85,4.34768,36.563199999999966,6,3
B3 SH,STUART,2924.0,73.425,0.45799999999999996,5.2,21.6,2.92,1,0.8,4.300280000000001,38.781119999999966,6,3
B3 SH,STUART,2924.5,71.328,0.486,3.1,17.35,2.995,1,0.75,4.248920000000001,40.88087999999996,6,3
B3 SH,STUART,2925.0,68.937,0.5870000000000001,4.1,13.25,3.122,1,0.7,4.187040000000001,42.868039999999965,6,2
B3 SH,STUART,2925.5,66.562,0.6709999999999999,1.3,13.25,3.2430000000000003,1,0.65,4.109160000000001,44.768039999999964,6,2
B3 SH,STUART,2926.0,64.63600000000001,0.6629999999999999,3.2,13.3,3.324,1,0.6,4.021040000000001,46.60795999999996,6,2
B3 SH,STUART,2926.5,66.619,0.625,4.0,13.6,3.33,1,0.55,3.901400000000001,48.49423999999996,6,2
B3 SH,STUART,2927.0,66.619,0.625,4.0,13.6,3.33,1,0.55,3.788200000000001,50.37691999999996,6,2
B3 SH,STUART,2927.5,65.624,0.635,3.2,12.4,3.3089999999999997,1,0.5,3.685960000000001,52.17575999999996,6,2
B3 SH,STUART,2928.0,65.322,0.68,3.3,9.65,3.315,1,0.45,3.6059600000000014,53.85379999999996,6,2
B3 SH,STUART,2928.5,67.035,0.7070000000000001,2.4,8.6,3.2319999999999998,1,0.4,3.538520000000001,55.51647999999996,6,2
B3 SH,STUART,2929.0,68.194,0.693,3.0,8.8,3.157,1,0.35,3.4839600000000006,57.19255999999996,6,2
B3 SH,STUART,2929.5,69.149,0.6459999999999999,3.0,10.4,3.034,1,0.3,3.427600000000001,58.84907999999995,6,2
B3 SH,STUART,2930.0,72.20100000000001,0.588,3.2,13.2,3.052,1,0.25,3.3758000000000017,60.545759999999945,6,2
B3 SH,STUART,2930.5,73.77600000000001,0.542,4.4,16.0,3.1319999999999997,1,0.2,3.324440000000002,62.255159999999954,6,2
B3 SH,STUART,2931.0,72.609,0.525,5.5,17.55,3.31,1,0.15,3.2810800000000016,63.92603999999995,6,2
B3 SH,STUART,2931.5,66.86399999999999,0.55,5.3,16.55,3.625,1,0.1,3.2523600000000017,65.29499999999994,6,3
B3 SH,STUART,2932.0,53.702,0.62,5.7,13.75,4.003,1,0.05,3.2490400000000017,66.10023999999994,6,3
B3 LM,STUART,2932.5,40.474000000000004,0.713,4.7,11.15,4.2780000000000005,2,1.0,3.2677200000000015,66.13679999999995,7,8
B3 LM,STUART,2933.0,28.12,0.774,2.2,10.5,4.537,2,0.9,3.304200000000002,65.36259999999994,7,8
B3 LM,STUART,2933.5,20.213,0.769,-1.1,10.95,4.6819999999999995,2,0.8,3.355760000000002,63.913399999999946,7,8
B3 LM,STUART,2934.0,19.192999999999998,0.732,-1.0,11.1,4.546,2,0.7,3.412800000000002,62.08915999999995,7,8
B3 LM,STUART,2934.5,20.449,0.6990000000000001,-0.7,10.65,4.386,2,0.6,3.4670400000000017,60.11831999999995,7,8
B3 LM,STUART,2935.0,21.355,0.679,-0.1,9.95,4.28,2,0.5,3.518880000000002,58.07207999999995,7,8
B3 LM,STUART,2935.5,21.641,0.6679999999999999,1.3,8.95,4.221,2,0.4,3.571120000000002,55.949799999999954,7,8
B3 LM,STUART,2936.0,24.203000000000003,0.653,2.6,8.3,4.099,2,0.3,3.6184800000000017,53.92999999999994,7,8
B3 LM,STUART,2936.5,34.574,0.613,2.4,9.0,3.66,2,0.2,3.6480800000000015,52.37595999999995,7,8
B3 LM,STUART,2937.0,45.231,0.5479999999999999,2.3,10.45,3.4960000000000004,2,0.1,3.6681200000000014,51.33207999999995,7,6
B4 SH,STUART,2937.5,56.427,0.498,2.9,11.35,3.338,1,1.0,3.676760000000001,50.83167999999995,8,2
B4 SH,STUART,2938.0,67.06,0.504,1.7,11.65,3.135,1,0.9440000000000001,3.6724400000000013,50.851599999999955,8,2
B4 SH,STUART,2938.5,70.83800000000001,0.5579999999999999,2.0,10.8,3.012,1,0.889,3.6599600000000017,51.09967999999995,8,2
B4 SH,STUART,2939.0,69.932,0.612,3.3,10.05,3.0660000000000003,1,0.833,3.6494000000000018,51.232199999999956,8,2
B4 SH,STUART,2939.5,74.52600000000001,0.633,4.1,10.25,3.109,1,0.778,3.6405600000000016,51.54847999999996,8,2
B4 SH,STUART,2940.0,77.611,0.626,5.0,11.0,3.063,1,0.722,3.630720000000002,52.027959999999965,8,2
B4 SH,STUART,2940.5,78.59,0.605,5.9,11.55,3.092,1,0.667,3.6218000000000017,52.55867999999997,8,2
B4 SH,STUART,2941.0,76.729,0.591,5.7,11.95,3.051,1,0.611,3.6145600000000018,52.94643999999997,8,2
B4 SH,STUART,2941.5,74.11,0.608,3.7,10.95,3.07,1,0.556,3.6110800000000016,53.18307999999996,8,2
B4 SH,STUART,2942.0,66.407,0.653,2.2,9.6,2.997,1,0.5,3.6096000000000017,53.073399999999964,8,2
B4 SH,STUART,2942.5,64.081,0.693,1.4,8.6,3.093,1,0.444,3.6112400000000013,52.74859999999996,8,2
B4 SH,STUART,2943.0,65.885,0.705,0.9,8.55,3.1060000000000003,1,0.389,3.6102000000000007,52.43295999999996,8,2
B4 SH,STUART,2943.5,70.29899999999999,0.696,1.4,9.0,3.085,1,0.33299999999999996,3.6012000000000004,52.34055999999996,8,2
B4 SH,STUART,2944.0,70.29899999999999,0.696,1.4,9.0,3.085,1,0.33299999999999996,3.5796000000000006,52.47795999999996,8,2
B4 SH,STUART,2944.5,74.551,0.677,3.1,9.65,3.0660000000000003,1,0.278,3.5421200000000006,53.31191999999996,8,2
B4 SH,STUART,2945.0,79.65899999999999,0.643,3.4,12.5,2.9019999999999997,1,0.222,3.48708,54.879319999999964,8,2
B4 SH,STUART,2945.5,80.402,0.573,-2.8,19.3,2.9819999999999998,1,0.16699999999999998,3.42488,56.97059999999997,8,3
B4 SH,STUART,2946.0,74.649,0.483,-0.5,23.95,3.14,1,0.111,3.3632,59.14803999999997,8,3
B4 SH,STUART,2946.5,63.428999999999995,0.461,0.2,24.2,3.3939999999999997,1,0.055999999999999994,3.31712,60.917479999999976,8,3
B4 LM,STUART,2947.0,47.916000000000004,0.598,-7.6,18.9,3.762,2,1.0,3.29216,62.01615999999997,9,8
B4 LM,STUART,2947.5,32.469,0.912,-1.4,9.8,4.314,2,0.929,3.2935199999999996,62.460719999999974,9,8
B4 LM,STUART,2948.0,20.718000000000004,1.222,-2.9,7.85,4.863,2,0.857,3.3191999999999995,62.42379999999997,9,8
B4 LM,STUART,2948.5,15.015,1.2329999999999999,-1.6,6.4,4.813,2,0.7859999999999999,3.3477599999999996,62.05627999999998,9,8
B4 LM,STUART,2949.0,14.084000000000001,1.084,-1.1,6.55,4.644,2,0.7140000000000001,3.38712,61.23667999999998,9,8
B4 LM,STUART,2949.5,15.937000000000001,0.9620000000000001,-0.4,7.4,4.6339999999999995,2,0.643,3.43264,60.06491999999997,9,8
B4 LM,STUART,2950.0,19.348,0.9009999999999999,-1.0,7.9,4.545,2,0.5710000000000001,3.4809200000000002,58.581759999999974,9,8
B4 LM,STUART,2950.5,21.469,0.9059999999999999,-1.1,6.75,4.5760000000000005,2,0.5,3.5385600000000004,56.758119999999984,9,8
B4 LM,STUART,2951.0,22.587,0.9690000000000001,-1.4,5.5,4.527,2,0.429,3.5991600000000004,54.82807999999998,9,8
B4 LM,STUART,2951.5,25.721,1.079,-0.9,4.45,4.512,2,0.35700000000000004,3.6570000000000005,53.05963999999998,9,8
B4 LM,STUART,2952.0,29.45,1.2,0.0,4.0,4.437,2,0.28600000000000003,3.7101200000000008,51.25659999999998,9,8
B4 LM,STUART,2952.5,36.313,1.169,-3.3,6.95,3.97,2,0.214,3.7464000000000004,49.60467999999998,9,6
B4 LM,STUART,2953.0,49.49100000000001,0.909,-8.9,13.85,3.695,2,0.14300000000000002,3.7705200000000003,48.440719999999985,9,8
B5 SH,STUART,2953.5,69.222,0.469,-6.0,27.9,3.3510000000000004,1,1.0,3.78252,48.140439999999984,10,3
B5 SH,STUART,2954.0,70.968,0.444,-2.5,28.85,3.49,1,0.75,3.7993200000000003,48.01475999999999,10,3
B5 SH,STUART,2954.5,65.37899999999999,0.501,-0.3,22.75,3.9,1,0.5,3.83544,47.97363999999999,10,3
B5 SH,STUART,2955.0,54.093,0.56,-0.5,16.75,4.126,1,0.25,3.8767600000000004,47.57411999999999,10,3
B5 LM,STUART,2955.5,41.633,0.541,3.9,11.55,4.482,2,1.0,3.931800000000001,46.60404,11,8
B5 LM,STUART,2956.0,33.644,0.439,3.8,11.7,4.707,2,0.976,3.9966800000000005,45.13784,11,8
B5 LM,STUART,2956.5,28.976999999999997,0.321,1.3,14.45,4.447,2,0.951,4.051160000000001,43.48496,11,8
B5 LM,STUART,2957.0,24.611,0.23199999999999998,-1.1,17.25,4.481,2,0.927,4.107760000000001,41.48736000000001,11,8
B5 LM,STUART,2957.5,24.154,0.184,-2.9,19.65,4.327,2,0.902,4.16476,39.26716000000001,11,8
B5 LM,STUART,2958.0,25.639,0.17300000000000001,-2.4,20.5,4.302,2,0.878,4.217560000000001,37.076640000000005,11,8
B5 LM,STUART,2958.5,25.956999999999997,0.191,-2.4,19.9,4.294,2,0.8540000000000001,4.263720000000001,35.128960000000006,11,8
B5 LM,STUART,2959.0,38.965,0.266,-2.1,17.05,4.228,2,0.805,4.29708,34.15040000000001,11,8
B5 LM,STUART,2959.5,45.354,0.301,0.2,14.8,4.127,2,0.78,4.31168,34.047920000000005,11,8
B5 LM,STUART,2960.0,53.645,0.327,2.6,12.6,3.908,2,0.7559999999999999,4.29544,34.894960000000005,11,7
B5 LM,STUART,2960.5,60.163999999999994,0.33799999999999997,3.8,12.2,3.74,2,0.732,4.25052,36.47280000000001,11,7
B5 LM,STUART,2961.0,64.032,0.33399999999999996,5.5,13.15,3.5380000000000003,2,0.7070000000000001,4.19952,38.43348000000001,11,7
B5 LM,STUART,2961.5,66.774,0.32299999999999995,7.9,14.75,3.5580000000000003,2,0.6829999999999999,4.156079999999999,40.541080000000015,11,7
B5 LM,STUART,2962.0,68.423,0.313,8.1,15.75,3.4760000000000004,2,0.659,4.10976,42.640520000000016,11,7
B5 LM,STUART,2962.5,63.501999999999995,0.318,6.1,14.75,3.682,2,0.634,4.075239999999999,44.406680000000016,11,7
B5 LM,STUART,2963.0,57.903999999999996,0.349,2.8,12.9,3.937,2,0.61,4.0496799999999995,45.864080000000016,11,7
B5 LM,STUART,2963.5,52.935,0.415,2.3,10.25,4.133,2,0.585,4.033919999999999,47.07800000000001,11,8
B5 LM,STUART,2964.0,45.125,0.507,2.3,8.45,4.248,2,0.561,4.023359999999999,47.85416000000001,11,8
B5 LM,STUART,2964.5,39.927,0.605,3.5,6.75,4.468,2,0.537,4.0245999999999995,48.27324000000001,11,8
B5 LM,STUART,2965.0,36.215,0.703,2.4,6.0,4.575,2,0.512,4.0488,48.26932,11,6
B5 LM,STUART,2965.5,31.253,0.787,2.3,4.45,4.5569999999999995,2,0.488,4.08328,47.53979999999999,11,8
B5 LM,STUART,2966.0,28.445999999999998,0.8320000000000001,2.2,3.4,4.573,2,0.46299999999999997,4.13216,45.908759999999994,11,8
B5 LM,STUART,2966.5,27.296,0.821,1.2,4.4,4.79,2,0.439,4.18416,44.16187999999999,11,8
B5 LM,STUART,2967.0,28.944000000000003,0.755,-0.4,7.3,4.887,2,0.415,4.2236400000000005,42.70448,11,8
B5 LM,STUART,2967.5,31.596,0.659,-1.6,11.0,4.824,2,0.39,4.2515600000000004,41.80459999999999,11,8
B5 LM,STUART,2968.0,33.211999999999996,0.574,-3.1,14.45,4.765,2,0.366,4.26288,41.46775999999999,11,9
B5 LM,STUART,2968.5,34.689,0.517,-3.0,16.4,4.766,2,0.341,4.26524,41.50955999999999,11,9
B5 LM,STUART,2969.0,39.266,0.493,-1.9,16.15,4.705,2,0.317,4.2755600000000005,41.921119999999995,11,9
B5 LM,STUART,2969.5,50.103,0.499,-2.0,14.6,4.453,2,0.293,4.274440000000001,42.94079999999999,11,9
B5 LM,STUART,2970.0,65.167,0.525,-1.6,13.1,4.3660000000000005,2,0.268,4.276000000000001,44.581319999999984,11,8
B5 LM,STUART,2970.5,76.436,0.557,-0.6,11.7,4.289,2,0.244,4.275480000000001,46.613199999999985,11,6
B5 LM,STUART,2971.0,92.88600000000001,0.628,-0.2,9.4,4.272,2,0.195,4.274600000000001,49.290359999999986,11,6
B5 LM,STUART,2971.5,99.64299999999999,0.6829999999999999,-0.3,7.95,4.395,2,0.171,4.2812800000000015,51.71747999999999,11,6
B5 LM,STUART,2972.0,101.585,0.757,0.0,6.5,4.51,2,0.146,4.2966000000000015,53.96671999999999,11,6
B5 LM,STUART,2972.5,95.775,0.85,1.6,4.9,4.53,2,0.122,4.321480000000002,55.65191999999999,11,6
B5 LM,STUART,2973.0,87.036,0.951,2.1,3.95,4.456,2,0.098,4.350120000000002,56.7268,11,6
B5 LM,STUART,2973.5,72.331,1.0190000000000001,2.6,3.6,4.056,2,0.073,4.370840000000002,57.05875999999999,11,6
B5 LM,STUART,2974.0,58.858999999999995,0.991,3.4,3.9,3.7119999999999997,2,0.049,4.3770000000000024,56.742159999999984,11,6
B5 LM,STUART,2974.5,60.931999999999995,0.857,1.3,7.35,3.3710000000000004,2,0.024,4.372800000000002,56.44251999999999,11,8
C SH,STUART,2975.0,67.655,0.675,-0.8,14.4,3.1310000000000002,1,1.0,4.350760000000002,56.60863999999999,12,3
C SH,STUART,2975.5,77.219,0.528,6.8,20.9,3.008,1,0.977,4.313600000000002,57.38123999999999,12,3
C SH,STUART,2976.0,82.115,0.45899999999999996,10.6,24.2,2.988,1,0.953,4.267800000000002,58.54843999999999,12,3
C SH,STUART,2976.5,84.865,0.446,9.4,23.7,3.134,1,0.93,4.223240000000001,60.13803999999999,12,3
C SH,STUART,2977.0,84.384,0.449,13.3,21.45,3.409,1,0.907,4.180880000000002,61.91632,12,3
C SH,STUART,2977.5,81.77199999999999,0.44299999999999995,14.8,20.9,3.483,1,0.884,4.137200000000002,63.7386,12,3
C SH,STUART,2978.0,78.998,0.444,16.5,20.65,3.438,1,0.8370000000000001,4.092440000000002,65.6484,12,3
C SH,STUART,2978.5,79.896,0.457,14.9,20.15,3.423,1,0.8140000000000001,4.046440000000002,67.7064,12,3
C SH,STUART,2979.0,79.194,0.462,14.8,19.9,3.45,1,0.7909999999999999,3.9928400000000024,69.78232,12,3
C SH,STUART,2979.5,78.99,0.451,13.5,19.65,3.3930000000000002,1,0.767,3.933080000000002,71.78416,12,3
C SH,STUART,2980.0,79.21,0.441,15.1,18.95,3.475,1,0.7440000000000001,3.879120000000002,73.68872,12,3
C SH,STUART,2980.5,78.1,0.451,15.6,17.5,3.478,1,0.721,3.827640000000002,75.48424,12,3
C SH,STUART,2981.0,78.59,0.489,14.3,16.75,3.505,1,0.698,3.7772000000000014,77.24028,12,3
C SH,STUART,2981.5,79.439,0.544,12.7,15.25,3.478,1,0.674,3.7281200000000014,78.84719999999999,12,3
C SH,STUART,2982.0,81.29899999999999,0.5760000000000001,11.5,14.65,3.4530000000000003,1,0.6509999999999999,3.6881200000000014,80.09503999999998,12,2
C SH,STUART,2982.5,78.933,0.494,11.9,14.85,3.4789999999999996,1,0.605,3.652640000000001,80.64568,12,3
C SH,STUART,2983.0,79.471,0.441,13.4,16.3,3.4939999999999998,1,0.581,3.620840000000001,80.76707999999999,12,3
C SH,STUART,2983.5,81.895,0.431,14.2,16.8,3.4410000000000003,1,0.5579999999999999,3.587600000000001,80.32744000000001,12,3
C SH,STUART,2984.0,82.76799999999999,0.46799999999999997,14.3,16.05,3.4930000000000003,1,0.535,3.551520000000001,79.65244000000001,12,3
C SH,STUART,2984.5,79.02199999999999,0.537,12.9,15.05,3.5,1,0.512,3.511120000000001,78.74992,12,2
C SH,STUART,2985.0,76.74600000000001,0.601,11.4,13.8,3.4410000000000003,1,0.488,3.4675600000000006,77.98876,12,2
C SH,STUART,2985.5,73.066,0.638,11.1,13.25,3.426,1,0.465,3.4263600000000007,77.42996,12,2
C SH,STUART,2986.0,70.35600000000001,0.6509999999999999,11.0,13.1,3.447,1,0.442,3.402000000000001,77.35096,12,2
C SH,STUART,2986.5,74.608,0.621,10.5,14.85,3.3989999999999996,1,0.395,3.3894800000000007,77.98092000000001,12,2
C SH,STUART,2987.0,73.008,0.585,11.1,15.15,3.3930000000000002,1,0.37200000000000005,3.390360000000001,78.46396,12,2
C SH,STUART,2987.5,70.438,0.546,12.1,15.15,3.4389999999999996,1,0.349,3.402680000000001,78.57528,12,2
C SH,STUART,2988.0,68.08,0.5,13.5,14.65,3.478,1,0.326,3.4214800000000007,78.20972,12,2
C SH,STUART,2988.5,66.75,0.46,13.6,15.2,3.4610000000000003,1,0.302,3.440400000000001,77.59512000000001,12,2
C SH,STUART,2989.0,69.45100000000001,0.455,13.4,14.8,3.4939999999999998,1,0.27899999999999997,3.4548000000000005,76.97856,12,2
C SH,STUART,2989.5,75.946,0.494,14.2,14.0,3.5410000000000004,1,0.256,3.4600800000000005,76.64104,12,2
C SH,STUART,2990.0,80.344,0.556,11.8,13.6,3.522,1,0.233,3.4616400000000005,76.58392,12,2
C SH,STUART,2990.5,83.772,0.616,10.4,12.9,3.4760000000000004,1,0.18600000000000003,3.4631600000000002,76.77488,12,2
C SH,STUART,2991.0,84.76700000000001,0.618,10.7,12.55,3.39,1,0.163,3.4618400000000005,76.96972000000001,12,2
C SH,STUART,2991.5,84.09,0.616,9.4,13.4,3.2889999999999997,1,0.14,3.4554,77.16556,12,3
C SH,STUART,2992.0,86.62799999999999,0.601,8.8,14.4,3.19,1,0.11599999999999999,3.44728,77.47108,12,3
C SH,STUART,2992.5,90.43,0.556,2.0,21.4,3.045,1,0.09300000000000001,3.4300800000000002,77.91988,12,3
C SH,STUART,2993.0,87.07700000000001,0.498,2.0,26.4,3.088,1,0.07,3.41448,78.27896000000001,12,3
C SH,STUART,2993.5,76.623,0.479,5.3,28.45,3.2239999999999998,1,0.047,3.4032400000000007,78.20028,12,3
C SH,STUART,2994.0,62.768,0.546,3.2,26.3,3.3339999999999996,1,0.023,3.397480000000001,77.53344000000001,12,3
C LM,STUART,2994.5,43.738,0.703,1.8,19.3,3.8760000000000003,2,1.0,3.414400000000001,76.031,13,8
C LM,STUART,2995.0,27.859,0.855,6.9,11.75,4.508,2,0.993,3.455560000000001,73.98804000000001,13,8
C LM,STUART,2995.5,18.034000000000002,0.879,5.3,9.55,4.815,2,0.985,3.508400000000001,71.53056000000001,13,8
C LM,STUART,2996.0,13.203,0.83,3.0,9.1,4.863,2,0.978,3.565280000000001,68.78288000000002,13,8
C LM,STUART,2996.5,12.762,0.767,2.0,8.9,5.024,2,0.97,3.626520000000001,65.98264,13,8
C LM,STUART,2997.0,14.843,0.7020000000000001,1.8,9.2,4.6160000000000005,2,0.963,3.671160000000001,63.41548000000002,13,8
C LM,STUART,2997.5,19.087,0.644,0.4,10.4,4.172,2,0.955,3.7004000000000006,61.10912000000001,13,8
C LM,STUART,2998.0,19.087,0.644,0.4,10.4,4.172,2,0.955,3.7302400000000007,58.94996000000001,13,8
C LM,STUART,2998.5,25.206999999999997,0.601,-0.2,10.7,3.97,2,0.948,3.7511600000000005,57.14400000000001,13,8
C LM,STUART,2999.0,27.997,0.5870000000000001,1.1,10.25,3.9330000000000003,2,0.94,3.7725200000000005,55.27956000000002,13,8
C LM,STUART,2999.5,28.822,0.602,2.2,10.0,3.875,2,0.9329999999999999,3.7918000000000007,53.51212000000001,13,7
C LM,STUART,3000.0,28.618000000000002,0.622,1.9,10.35,3.969,2,0.925,3.8130000000000006,51.83932000000001,13,8
C LM,STUART,3000.5,24.815,0.612,0.7,11.15,4.118,2,0.9179999999999999,3.838600000000001,50.10872000000001,13,8
C LM,STUART,3001.0,23.371,0.575,0.2,11.8,4.243,2,0.91,3.8698800000000007,48.37356000000002,13,8
C LM,STUART,3001.5,23.052,0.542,0.1,12.35,4.196000000000001,2,0.903,3.8979600000000003,46.51760000000001,13,8
C LM,STUART,3002.0,23.109,0.522,-0.1,12.15,4.192,2,0.8959999999999999,3.924000000000001,44.40412000000001,13,8
C LM,STUART,3002.5,24.138,0.511,-0.3,12.05,3.978,2,0.888,3.9422400000000004,42.15588,13,8
C LM,STUART,3003.0,24.448,0.511,-0.1,11.75,3.975,2,0.8809999999999999,3.9622,39.78292000000001,13,8
C LM,STUART,3003.5,25.419,0.523,0.0,11.6,3.9619999999999997,2,0.873,3.9850800000000004,37.409000000000006,13,8
C LM,STUART,3004.0,26.724,0.56,-0.7,11.35,3.99,2,0.866,4.01312,35.114360000000005,13,8
C LM,STUART,3004.5,29.213,0.623,-0.8,10.7,3.885,2,0.858,4.040920000000001,32.81776000000001,13,8
C LM,STUART,3005.0,34.036,0.6859999999999999,0.4,9.4,3.8160000000000003,2,0.851,4.07176,30.56200000000001,13,6
C LM,STUART,3005.5,38.157,0.716,1.7,7.75,3.66,2,0.843,4.094640000000001,28.60520000000001,13,6
C LM,STUART,3006.0,40.45,0.701,1.8,6.8,3.5439999999999996,2,0.836,4.10744,27.15828000000001,13,6
C LM,STUART,3006.5,41.576,0.662,3.5,6.45,3.392,2,0.828,4.10976,26.310600000000008,13,6
C LM,STUART,3007.0,40.123000000000005,0.633,3.7,7.35,3.24,2,0.821,4.08432,26.16600000000001,13,6
C LM,STUART,3007.5,36.663000000000004,0.632,3.4,8.1,3.2119999999999997,2,0.813,4.03248,26.518160000000012,13,6
C LM,STUART,3008.0,32.705999999999996,0.65,3.8,8.3,3.253,2,0.8059999999999999,3.97,27.105040000000013,13,7
C LM,STUART,3008.5,30.323,0.672,3.4,8.7,3.2889999999999997,2,0.799,3.9070400000000003,27.789840000000012,13,6
C LM,STUART,3009.0,28.601,0.6940000000000001,3.0,9.4,3.3139999999999996,2,0.7909999999999999,3.83864,28.42340000000001,13,7
C LM,STUART,3009.5,28.169,0.721,2.4,9.7,3.262,2,0.784,3.78448,28.95644000000001,13,6
C LM,STUART,3010.0,29.441999999999997,0.7559999999999999,1.4,9.8,3.31,2,0.7759999999999999,3.75,29.370640000000012,13,6
C LM,STUART,3010.5,30.878,0.795,0.7,9.55,3.359,2,0.769,3.71748,29.842280000000013,13,6
C LM,STUART,3011.0,32.150999999999996,0.8320000000000001,0.1,9.35,3.409,2,0.7609999999999999,3.69504,30.120040000000014,13,6
C LM,STUART,3011.5,33.677,0.856,0.4,9.1,3.417,2,0.754,3.6744,30.347240000000014,13,6
C LM,STUART,3012.0,33.701,0.872,1.1,8.95,3.444,2,0.746,3.65716,30.542400000000015,13,6
C LM,STUART,3012.5,35.105,0.889,1.5,8.75,3.466,2,0.7390000000000001,3.6370400000000003,30.801880000000015,13,6
C LM,STUART,3013.0,37.104,0.914,1.6,8.6,3.49,2,0.731,3.61192,31.293440000000015,13,6
C LM,STUART,3013.5,37.349000000000004,0.9390000000000001,2.1,7.95,3.418,2,0.7240000000000001,3.5789200000000005,31.852560000000018,13,6
C LM,STUART,3014.0,37.936,0.9520000000000001,2.4,7.7,3.5039999999999996,2,0.716,3.551240000000001,32.44792000000002,13,6
C LM,STUART,3014.5,39.086999999999996,0.953,2.1,7.75,3.511,2,0.7090000000000001,3.524000000000001,33.087040000000016,13,5
C LM,STUART,3015.0,38.059,0.951,1.7,7.55,3.55,2,0.701,3.506880000000001,33.64388000000001,13,5
C LM,STUART,3015.5,37.202,0.9520000000000001,2.2,7.3,3.603,2,0.6940000000000001,3.492000000000001,34.154040000000016,13,5
C LM,STUART,3016.0,37.218,0.951,1.8,7.5,3.675,2,0.687,3.4805200000000007,34.62600000000001,13,5
C LM,STUART,3016.5,37.781,0.9490000000000001,1.4,7.6,3.741,2,0.679,3.4705600000000008,35.06828000000001,13,5
C LM,STUART,3017.0,40.164,0.948,1.5,7.35,3.735,2,0.672,3.4645600000000005,35.50632000000001,13,5
C LM,STUART,3017.5,40.955999999999996,0.95,1.6,7.3,3.747,2,0.664,3.4618000000000007,35.78312000000001,13,5
C LM,STUART,3018.0,41.013000000000005,0.9520000000000001,1.5,7.25,3.64,2,0.657,3.4610000000000007,35.897360000000006,13,5
C LM,STUART,3018.5,42.547,0.95,1.9,7.15,3.6830000000000003,2,0.649,3.466560000000001,35.98124000000001,13,6
C LM,STUART,3019.0,41.192,0.945,2.0,7.0,3.6439999999999997,2,0.642,3.4766400000000015,35.965880000000006,13,5
C LM,STUART,3019.5,42.726000000000006,0.941,2.3,7.15,3.7039999999999997,2,0.634,3.4952000000000014,36.07000000000001,13,6
C LM,STUART,3020.0,44.407,0.9420000000000001,3.4,7.0,3.695,2,0.627,3.514520000000001,36.379760000000005,13,6
C LM,STUART,3020.5,45.387,0.946,3.8,6.8,3.7880000000000003,2,0.619,3.535920000000001,36.887,13,6
C LM,STUART,3021.0,45.052,0.945,2.6,7.5,3.917,2,0.612,3.561040000000001,37.47616000000001,13,6
C LM,STUART,3021.5,46.129,0.935,2.4,7.4,3.948,2,0.604,3.586400000000001,38.17728,13,6
C LM,STUART,3022.0,47.826,0.925,2.5,7.05,4.016,2,0.597,3.616560000000001,38.96356000000001,13,6
C LM,STUART,3022.5,50.053999999999995,0.925,2.3,6.75,3.935,2,0.59,3.641560000000001,39.78804000000001,13,6
C LM,STUART,3023.0,55.562,0.9329999999999999,1.8,6.9,3.9739999999999998,2,0.5820000000000001,3.6661600000000014,40.775400000000005,13,6
C LM,STUART,3023.5,63.028999999999996,0.9470000000000001,2.0,6.8,3.859,2,0.575,3.684160000000001,42.01052000000001,13,6
C LM,STUART,3024.0,75.399,0.966,1.9,6.45,3.681,2,0.5670000000000001,3.694720000000001,43.679400000000015,13,6
C LM,STUART,3024.5,102.116,0.987,0.2,6.9,3.5610000000000004,2,0.56,3.699400000000001,46.41600000000001,13,6
C LM,STUART,3025.0,140.778,0.993,-0.4,7.0,3.513,2,0.552,3.7012800000000015,50.64292000000001,13,6
C LM,STUART,3025.5,183.358,0.981,-0.3,7.35,3.437,2,0.545,3.699160000000002,56.493080000000006,13,6
C LM,STUART,3026.0,213.99900000000002,0.977,0.2,7.8,3.412,2,0.537,3.6989200000000015,63.559080000000016,13,6
C LM,STUART,3026.5,220.41299999999998,1.004,0.0,8.0,3.528,2,0.53,3.6998800000000016,70.85816000000001,13,4
C LM,STUART,3027.0,200.30599999999998,1.0270000000000001,0.0,8.0,3.6710000000000003,2,0.522,3.7062800000000022,77.30692000000002,13,4
C LM,STUART,3027.5,162.149,0.9990000000000001,-0.2,8.5,3.7460000000000004,2,0.515,3.714120000000002,82.27052000000002,13,4
C LM,STUART,3028.0,121.20200000000001,0.95,0.2,9.2,3.892,2,0.507,3.7256800000000023,85.63052000000003,13,4
C LM,STUART,3028.5,92.805,0.9159999999999999,1.3,9.95,3.924,2,0.5,3.7356400000000023,87.85400000000003,13,4
C LM,STUART,3029.0,77.758,0.894,1.9,10.65,3.9530000000000003,2,0.493,3.744120000000003,89.45308000000003,13,4
C LM,STUART,3029.5,67.623,0.879,2.9,10.85,3.889,2,0.485,3.7502800000000023,90.55144000000001,13,4
C LM,STUART,3030.0,62.376000000000005,0.873,2.5,11.45,3.799,2,0.478,3.7523600000000026,91.40824000000002,13,4
C LM,STUART,3030.5,59.463,0.873,2.1,11.25,3.773,2,0.47,3.7576800000000024,92.14624000000003,13,4
C LM,STUART,3031.0,55.211000000000006,0.872,2.7,10.45,3.784,2,0.46299999999999997,3.7617200000000026,92.65280000000003,13,6
C LM,STUART,3031.5,51.727,0.866,2.3,10.35,3.787,2,0.455,3.7674400000000023,93.07420000000002,13,6
C LM,STUART,3032.0,52.38,0.858,2.1,10.75,3.7760000000000002,2,0.44799999999999995,3.7703200000000026,93.46036000000002,13,6
C LM,STUART,3032.5,53.122,0.851,2.5,11.05,3.7239999999999998,2,0.44,3.771480000000003,93.80896000000001,13,6
C LM,STUART,3033.0,51.245,0.8440000000000001,2.7,11.25,3.697,2,0.433,3.767840000000003,94.04328,13,6
C LM,STUART,3033.5,52.208,0.836,1.5,11.75,3.653,2,0.425,3.7572800000000033,94.32951999999999,13,4
C LM,STUART,3034.0,54.95,0.826,1.3,12.05,3.647,2,0.418,3.745240000000004,94.68235999999999,13,4
C LM,STUART,3034.5,54.43600000000001,0.8170000000000001,2.0,12.0,3.65,2,0.41,3.730600000000004,94.94676,13,4
C LM,STUART,3035.0,54.81100000000001,0.81,1.8,12.1,3.678,2,0.40299999999999997,3.7203200000000036,95.13704,13,4
C LM,STUART,3035.5,55.603,0.8009999999999999,1.6,12.2,3.6439999999999997,2,0.396,3.7071200000000037,95.13868000000001,13,4
C LM,STUART,3036.0,54.288999999999994,0.785,1.3,12.75,3.656,2,0.38799999999999996,3.6990000000000043,94.78908000000001,13,4
C LM,STUART,3036.5,52.38,0.768,2.0,13.0,3.5980000000000003,2,0.381,3.6956800000000043,93.86832000000003,13,4
C LM,STUART,3037.0,53.645,0.758,2.0,13.7,3.582,2,0.373,3.696520000000004,91.92948000000003,13,4
C LM,STUART,3037.5,53.93,0.757,2.1,13.75,3.5810000000000004,2,0.366,3.6992400000000036,88.45556000000002,13,4
C LM,STUART,3038.0,56.071999999999996,0.755,2.9,13.75,3.645,2,0.358,3.7075600000000035,83.36412000000001,13,4
C LM,STUART,3038.5,59.016999999999996,0.75,4.0,13.7,3.694,2,0.35100000000000003,3.7188400000000037,77.16484000000001,13,4
C LM,STUART,3039.0,62.144,0.742,4.4,14.1,3.65,2,0.34299999999999997,3.7237200000000037,70.83408000000001,13,4
C LM,STUART,3039.5,64.814,0.73,4.8,14.2,3.66,2,0.336,3.723280000000003,65.41440000000001,13,4
C LM,STUART,3040.0,66.705,0.7140000000000001,5.6,14.6,3.6889999999999996,2,0.32799999999999996,3.721000000000003,61.59664000000001,13,4
C LM,STUART,3040.5,67.568,0.695,6.5,15.45,3.674,2,0.321,3.7122800000000034,59.451280000000004,13,4
C LM,STUART,3041.0,67.683,0.6759999999999999,6.7,15.65,3.603,2,0.313,3.699440000000003,58.446400000000004,13,4
C LM,STUART,3041.5,67.683,0.662,6.0,15.4,3.562,2,0.306,3.683800000000003,58.0434,13,4
C LM,STUART,3042.0,67.683,0.6659999999999999,5.7,15.25,3.57,2,0.299,3.6710400000000027,58.0458,13,4
C LM,STUART,3042.5,67.683,0.701,6.0,15.2,3.603,2,0.29100000000000004,3.663200000000002,58.25808,13,4
C LM,STUART,3043.0,67.683,0.778,5.1,15.65,3.537,2,0.284,3.653760000000003,58.58688,13,4
C LM,STUART,3043.5,67.683,0.882,4.9,15.75,3.5469999999999997,2,0.276,3.6442800000000024,59.08576,13,4
C LM,STUART,3044.0,67.683,0.973,4.4,15.8,3.533,2,0.26899999999999996,3.634120000000002,59.724,13,4
C LM,STUART,3044.5,67.683,1.0170000000000001,3.5,16.25,3.495,2,0.261,3.6228800000000025,60.336119999999994,13,4
A1 LM,CRAWFORD,2972.5,49.675,0.845,3.905,11.175,3.265,2,1.0,3.3407600000000004,52.334120000000006,1,5
A1 LM,CRAWFORD,2973.0,34.435,0.879,3.085,8.175,3.8310000000000004,2,0.991,3.3407600000000004,52.334120000000006,1,8
A1 LM,CRAWFORD,2973.5,26.178,0.92,2.615,4.945,4.306,2,0.981,3.3407600000000004,52.334120000000006,1,8
A1 LM,CRAWFORD,2974.0,19.463,0.9670000000000001,0.82,3.82,4.578,2,0.972,3.3407600000000004,52.334120000000006,1,8
A1 LM,CRAWFORD,2974.5,19.26,0.995,0.32,3.63,4.643,2,0.9620000000000001,3.3407600000000004,52.334120000000006,1,8
A1 LM,CRAWFORD,2975.0,19.985,1.008,0.06,4.32,4.614,2,0.953,3.3407600000000004,52.334120000000006,1,8
A1 LM,CRAWFORD,2975.5,22.298000000000002,1.002,-0.01,5.5,4.4910000000000005,2,0.943,3.3407600000000004,52.334120000000006,1,8
A1 LM,CRAWFORD,2976.0,24.611,0.956,0.05,6.87,4.369,2,0.934,3.3407600000000004,52.334120000000006,1,8
A1 LM,CRAWFORD,2976.5,24.677,0.8240000000000001,0.31,6.94,4.047,2,0.915,3.3407600000000004,52.334120000000006,1,8
A1 LM,CRAWFORD,2977.0,24.945999999999998,0.667,0.965,5.915,3.8930000000000002,2,0.9059999999999999,3.3407600000000004,52.334120000000006,1,8
A1 LM,CRAWFORD,2977.5,29.31,0.5589999999999999,2.11,6.15,3.52,2,0.8959999999999999,3.3407600000000004,52.334120000000006,1,8
A1 LM,CRAWFORD,2978.0,37.321999999999996,0.522,3.375,8.445,3.125,2,0.887,3.3407600000000004,52.334120000000006,1,5
A1 LM,CRAWFORD,2978.5,42.141999999999996,0.51,3.985,10.785,2.843,2,0.877,3.3407600000000004,52.334120000000006,1,5
A1 LM,CRAWFORD,2979.0,52.434,0.49200000000000005,4.42,13.15,2.674,2,0.868,3.3407600000000004,52.334120000000006,1,5
A1 LM,CRAWFORD,2979.5,63.181000000000004,0.473,5.18,14.13,2.6439999999999997,2,0.858,3.3407600000000004,52.334120000000006,1,5
A1 LM,CRAWFORD,2980.0,69.405,0.465,5.52,14.56,2.6630000000000003,2,0.8490000000000001,3.3407600000000004,52.334120000000006,1,5
A1 LM,CRAWFORD,2980.5,77.785,0.475,5.82,14.94,2.68,2,0.84,3.3407600000000004,52.334120000000006,1,4
A1 LM,CRAWFORD,2981.0,83.57700000000001,0.469,5.965,15.395,2.6660000000000004,2,0.83,3.3407600000000004,52.334120000000006,1,4
A1 LM,CRAWFORD,2981.5,84.05799999999999,0.513,6.025,15.855,2.622,2,0.821,3.3407600000000004,52.334120000000006,1,4
A1 LM,CRAWFORD,2982.0,81.82,0.544,5.95,16.05,2.609,2,0.8109999999999999,3.3407600000000004,52.334120000000006,1,4
A1 LM,CRAWFORD,2982.5,80.257,0.563,5.74,16.1,2.6260000000000003,2,0.802,3.3407600000000004,52.334120000000006,1,4
A1 LM,CRAWFORD,2983.0,79.833,0.579,5.135,15.715,2.662,2,0.792,3.3407600000000004,52.334120000000006,1,4
A1 LM,CRAWFORD,2983.5,80.32300000000001,0.583,4.565,15.275,2.693,2,0.7829999999999999,3.3407600000000004,52.334120000000006,1,4
A1 LM,CRAWFORD,2984.0,84.704,0.59,4.365,15.165,2.7110000000000003,2,0.774,3.3407600000000004,52.334120000000006,1,4
A1 LM,CRAWFORD,2984.5,96.67399999999999,0.596,4.725,15.565,2.7439999999999998,2,0.764,3.3407600000000004,52.334120000000006,1,6
A1 LM,CRAWFORD,2985.0,112.662,0.609,4.88,15.71,2.824,2,0.755,3.3231200000000003,54.85360000000001,1,6
A1 LM,CRAWFORD,2985.5,131.484,0.634,5.11,15.6,2.935,2,0.745,3.28728,58.73556000000001,1,4
A1 LM,CRAWFORD,2986.0,138.16899999999998,0.659,5.33,15.1,3.0,2,0.736,3.23504,63.215199999999996,1,4
A1 LM,CRAWFORD,2986.5,135.045,0.682,5.1,14.46,3.048,2,0.726,3.17384,67.83848,1,4
A1 LM,CRAWFORD,2987.0,117.726,0.7070000000000001,4.415,13.315,3.097,2,0.7170000000000001,3.112,71.77712000000001,1,4
A1 LM,CRAWFORD,2987.5,98.382,0.7290000000000001,3.395,11.695,3.193,2,0.708,3.0551599999999994,74.91300000000001,1,4
A1 LM,CRAWFORD,2988.0,91.348,0.7709999999999999,3.235,10.985,3.3080000000000003,2,0.698,3.00784,77.67500000000001,1,4
A1 LM,CRAWFORD,2988.5,87.05,0.831,3.21,10.64,3.4930000000000003,2,0.6890000000000001,2.9728,80.17256,1,4
A1 LM,CRAWFORD,2989.0,82.98,0.9279999999999999,2.835,10.115,3.5260000000000002,2,0.679,2.9519599999999997,82.50468,1,4
A1 LM,CRAWFORD,2989.5,67.264,1.0190000000000001,0.475,8.435,3.217,2,0.67,2.9249199999999997,84.1974,1,6
A1 LM,CRAWFORD,2990.0,57.068999999999996,1.047,-2.385,7.115,3.157,2,0.66,2.9103999999999997,85.30776,1,6
A1 LM,CRAWFORD,2990.5,46.873999999999995,1.0659999999999998,-3.97,6.6,3.159,2,0.6509999999999999,2.9117599999999997,85.68983999999999,1,6
A1 LM,CRAWFORD,2991.0,39.325,1.06,-3.69,7.15,3.2239999999999998,2,0.642,2.927,85.57715999999999,1,6
A1 LM,CRAWFORD,2991.5,43.946000000000005,1.042,-2.73,7.29,3.272,2,0.632,2.95092,85.23763999999997,1,6
A1 LM,CRAWFORD,2992.0,51.73,1.005,-0.9,7.98,3.29,2,0.623,2.97676,84.77959999999997,1,6
A1 LM,CRAWFORD,2992.5,58.373999999999995,0.956,1.46,9.41,3.2769999999999997,2,0.613,3.00132,84.33835999999995,1,6
A1 LM,CRAWFORD,2993.0,67.75399999999999,0.904,3.985,11.545,3.2960000000000003,2,0.604,3.02596,83.93711999999996,1,4
A1 LM,CRAWFORD,2993.5,71.206,0.8740000000000001,5.045,12.915,3.3280000000000003,2,0.594,3.0524400000000003,83.44227999999995,1,4
A1 LM,CRAWFORD,2994.0,69.188,0.852,4.86,12.85,3.33,2,0.585,3.08076,82.84747999999996,1,4
A1 LM,CRAWFORD,2994.5,58.452,0.841,3.455,11.265,3.332,2,0.575,3.10968,81.91275999999998,1,6
A1 LM,CRAWFORD,2995.0,38.715,0.816,2.185,9.855,3.365,2,0.5660000000000001,3.1392399999999996,80.25107999999996,1,6
A1 LM,CRAWFORD,2995.5,30.541,0.8009999999999999,0.96,8.76,3.4760000000000004,2,0.557,3.1717999999999993,78.27939999999995,1,6
A1 LM,CRAWFORD,2996.0,21.684,0.792,-0.04,8.28,3.7739999999999996,2,0.547,3.2150399999999997,75.93383999999996,1,8
A1 LM,CRAWFORD,2996.5,21.252,0.7929999999999999,-0.505,9.225,4.041,2,0.5379999999999999,3.2682399999999996,73.39575999999995,1,8
A1 LM,CRAWFORD,2997.0,23.116999999999997,0.7929999999999999,-0.555,9.895,4.292,2,0.528,3.33016,70.45347999999996,1,8
A1 LM,CRAWFORD,2997.5,28.85,0.7909999999999999,-0.46,9.89,4.371,2,0.519,3.3920399999999997,67.10099999999994,1,8
A1 LM,CRAWFORD,2998.0,36.226,0.7879999999999999,-0.085,9.175,4.112,2,0.509,3.439119999999999,63.29067999999996,1,8
A1 LM,CRAWFORD,2998.5,42.83,0.8009999999999999,0.41,8.49,3.91,2,0.5,3.475519999999999,59.47711999999996,1,8
A1 LM,CRAWFORD,2999.0,46.846000000000004,0.82,1.255,8.275,3.793,2,0.491,3.5053199999999993,55.94915999999996,1,8
A1 LM,CRAWFORD,2999.5,48.133,0.845,1.77,8.29,3.486,2,0.48100000000000004,3.5208799999999996,53.16543999999996,1,6
A1 LM,CRAWFORD,3000.0,43.162,0.8740000000000001,1.35,8.64,3.263,2,0.47200000000000003,3.52368,50.956639999999965,1,6
A1 LM,CRAWFORD,3000.5,36.586,0.92,1.01,8.74,3.187,2,0.462,3.5188399999999995,48.766159999999964,1,6
A1 LM,CRAWFORD,3001.0,32.746,0.955,0.625,8.535,3.173,2,0.45299999999999996,3.50604,46.593999999999966,1,6
A1 LM,CRAWFORD,3001.5,30.956999999999997,0.9740000000000001,0.565,8.555,3.315,2,0.44299999999999995,3.4976,44.513079999999974,1,6
A1 LM,CRAWFORD,3002.0,30.765,0.981,0.545,8.575,3.4410000000000003,2,0.434,3.50656,43.05311999999998,1,6
A1 LM,CRAWFORD,3002.5,31.265,0.987,0.625,8.425,3.6180000000000003,2,0.425,3.525,42.02095999999999,1,8
A1 LM,CRAWFORD,3003.0,33.124,0.9940000000000001,0.755,8.045,3.943,2,0.415,3.5563599999999997,41.470959999999984,1,8
A1 LM,CRAWFORD,3003.5,35.211,0.997,0.635,7.555,4.07,2,0.406,3.5901999999999994,41.30639999999998,1,6
A1 LM,CRAWFORD,3004.0,36.385999999999996,0.988,0.125,7.135,3.885,2,0.396,3.6147199999999993,41.00399999999999,1,6
A1 LM,CRAWFORD,3004.5,38.016999999999996,0.951,-0.175,6.875,3.654,2,0.387,3.6292799999999987,40.45547999999999,1,6
A1 LM,CRAWFORD,3005.0,41.016000000000005,0.903,0.055,6.825,3.438,2,0.377,3.6357199999999987,39.76115999999999,1,6
A1 LM,CRAWFORD,3005.5,49.653999999999996,0.8540000000000001,1.52,7.51,3.33,2,0.368,3.6370799999999988,39.03715999999999,1,6
A1 LM,CRAWFORD,3006.0,62.068000000000005,0.799,3.1,9.13,3.2089999999999996,2,0.358,3.6323199999999987,38.67164,1,6
A1 LM,CRAWFORD,3006.5,71.222,0.74,4.0,10.98,3.0869999999999997,2,0.349,3.622599999999999,38.753,1,4
A1 LM,CRAWFORD,3007.0,73.309,0.691,4.015,12.425,2.98,2,0.34,3.608519999999999,39.34728,1,4
A1 LM,CRAWFORD,3007.5,69.469,0.627,3.19,13.37,2.904,2,0.33,3.590079999999999,40.57744,1,4
A1 LM,CRAWFORD,3008.0,65.857,0.5589999999999999,2.1,14.08,2.859,2,0.321,3.565399999999999,41.990080000000006,1,4
A1 LM,CRAWFORD,3008.5,58.369,0.504,0.715,14.235,2.83,2,0.311,3.527639999999999,43.457480000000004,1,4
A1 LM,CRAWFORD,3009.0,56.125,0.435,-0.775,13.415,2.786,2,0.302,3.477439999999999,44.85240000000001,1,7
A1 LM,CRAWFORD,3009.5,56.769,0.37799999999999995,-1.155,12.805,2.7260000000000004,2,0.292,3.414799999999999,46.19848000000001,1,4
A1 LM,CRAWFORD,3010.0,62.586999999999996,0.298,-0.18,12.87,2.588,2,0.28300000000000003,3.343479999999999,47.54796000000001,1,4
A1 LM,CRAWFORD,3010.5,64.67399999999999,0.252,0.24,14.42,2.465,2,0.27399999999999997,3.277599999999999,48.68588000000002,1,4
A1 LM,CRAWFORD,3011.0,64.253,0.212,0.24,16.36,2.374,2,0.264,3.2161599999999995,49.542800000000014,1,7
A1 LM,CRAWFORD,3011.5,61.553000000000004,0.166,-0.295,18.395,2.329,2,0.255,3.1575999999999986,50.13108000000002,1,7
A1 LM,CRAWFORD,3012.0,60.221000000000004,0.114,-0.59,19.27,2.315,2,0.245,3.1107599999999986,50.61460000000002,1,7
A1 LM,CRAWFORD,3012.5,59.11600000000001,0.09300000000000001,-0.655,19.655,2.302,2,0.23600000000000002,3.0723199999999986,51.252760000000016,1,7
A1 LM,CRAWFORD,3013.0,57.997,0.081,-0.8,19.69,2.258,2,0.226,3.0351599999999985,52.109200000000016,1,7
A1 LM,CRAWFORD,3013.5,57.363,0.091,-1.105,19.095,2.2430000000000003,2,0.217,2.997959999999998,53.09388000000002,1,7
A1 LM,CRAWFORD,3014.0,57.863,0.14400000000000002,-1.27,18.12,2.261,2,0.20800000000000002,2.955799999999998,54.17012000000002,1,7
A1 LM,CRAWFORD,3014.5,59.038000000000004,0.20600000000000002,-1.26,17.03,2.326,2,0.198,2.911199999999998,55.301040000000015,1,1
A1 LM,CRAWFORD,3015.0,60.213,0.29,-1.04,16.68,2.4090000000000003,2,0.18899999999999997,2.862839999999998,56.458960000000005,1,1
A1 LM,CRAWFORD,3015.5,61.16,0.368,-0.14,16.68,2.781,2,0.179,2.8163599999999986,57.58040000000001,1,4
A1 LM,CRAWFORD,3016.0,58.46,0.46799999999999997,-0.25,15.21,3.327,2,0.17,2.786639999999999,58.51036000000001,1,4
A1 LM,CRAWFORD,3016.5,53.48,0.564,0.36,11.47,3.7960000000000003,2,0.16,2.7830799999999987,59.19412000000001,1,6
A1 LM,CRAWFORD,3017.0,51.692,0.657,0.825,8.125,4.062,2,0.151,2.799399999999999,59.74112000000001,1,6
A1 LM,CRAWFORD,3017.5,67.238,0.807,1.7,7.13,4.173,2,0.142,2.828799999999999,60.790000000000006,1,8
A1 LM,CRAWFORD,3018.0,74.796,0.89,2.905,7.335,4.19,2,0.132,2.8631999999999986,61.79568000000001,1,8
A1 LM,CRAWFORD,3018.5,75.743,0.925,3.055,7.765,4.302,2,0.12300000000000001,2.906919999999999,62.34268000000001,1,8
A1 LM,CRAWFORD,3019.0,70.991,0.9279999999999999,2.325,7.785,4.444,2,0.113,2.961199999999999,62.33344000000001,1,8
A1 LM,CRAWFORD,3019.5,57.348,0.929,1.355,7.395,4.492,2,0.10400000000000001,3.021679999999999,61.69500000000001,1,8
A1 LM,CRAWFORD,3020.0,46.213,0.929,0.67,7.43,4.385,2,0.094,3.0809199999999994,60.76476,1,6
A1 LM,CRAWFORD,3020.5,42.11600000000001,0.9259999999999999,0.19,7.17,4.2010000000000005,2,0.085,3.1346,59.81512000000001,1,6
A1 LM,CRAWFORD,3021.0,44.925,0.9179999999999999,-0.19,6.69,4.093,2,0.075,3.18512,59.27736000000001,1,8
A1 LM,CRAWFORD,3021.5,55.903,0.912,0.07,5.72,4.034,2,0.066,3.23504,59.26848000000001,1,8
A1 LM,CRAWFORD,3022.0,66.196,0.9059999999999999,0.495,5.375,3.958,2,0.057,3.28432,59.64556,1,8
A1 LM,CRAWFORD,3022.5,73.52600000000001,0.894,1.44,5.26,3.82,2,0.047,3.3336,60.08312000000001,1,8
B1 SH,CRAWFORD,3032.0,72.392,0.7090000000000001,-0.74,18.41,2.6289999999999996,1,0.125,3.34016,60.39184000000001,2,3
B1 SH,CRAWFORD,3032.5,69.928,0.792,-0.69,19.32,2.616,1,0.063,3.3498400000000004,60.618840000000006,2,3
B1 LM,CRAWFORD,3033.0,64.72,0.8490000000000001,-0.96,16.33,2.9139999999999997,2,1.0,3.373240000000001,60.745520000000006,3,8
B1 LM,CRAWFORD,3033.5,52.445,0.892,0.91,11.35,3.292,2,0.977,3.4123200000000007,60.43448,3,8
B1 LM,CRAWFORD,3034.0,43.361999999999995,0.93,-0.02,6.92,3.571,2,0.955,3.4630800000000006,59.804320000000004,3,8
B1 LM,CRAWFORD,3034.5,42.06399999999999,0.9740000000000001,0.015,5.495,3.435,2,0.909,3.510160000000001,59.16700000000001,3,6
B1 LM,CRAWFORD,3035.0,45.641999999999996,0.956,0.005,5.475,3.375,2,0.8859999999999999,3.555440000000001,58.69816000000001,3,6
B1 LM,CRAWFORD,3035.5,53.266000000000005,0.932,-0.105,5.545,3.299,2,0.8640000000000001,3.5969600000000015,58.51428000000001,3,6
B1 LM,CRAWFORD,3036.0,59.043,0.894,0.17,6.99,3.114,2,0.841,3.628480000000002,58.514480000000006,3,6
B1 LM,CRAWFORD,3036.5,62.331,0.8340000000000001,-0.245,9.835,2.813,2,0.818,3.6446400000000017,58.5992,3,6
B1 LM,CRAWFORD,3037.0,60.946000000000005,0.884,-1.69,16.08,2.745,2,0.795,3.6432000000000015,58.59063999999999,3,8
B1 LM,CRAWFORD,3037.5,53.913999999999994,0.9179999999999999,-0.72,19.54,3.1519999999999997,2,0.773,3.636200000000002,58.40879999999999,3,8
B1 LM,CRAWFORD,3038.0,45.287,0.922,-0.86,18.44,3.9619999999999997,2,0.75,3.6428400000000014,58.08107999999999,3,8
B1 LM,CRAWFORD,3038.5,30.049,0.925,0.445,13.565,4.571000000000001,2,0.727,3.6632000000000016,57.21535999999999,3,8
B1 LM,CRAWFORD,3039.0,23.017,0.9470000000000001,0.54,9.59,4.806,2,0.705,3.6885200000000014,55.44651999999999,3,8
B1 LM,CRAWFORD,3039.5,21.228,0.973,-0.03,7.57,4.824,2,0.682,3.7138800000000014,53.303799999999995,3,8
B1 LM,CRAWFORD,3040.0,20.109,0.985,0.225,6.725,4.81,2,0.659,3.7342000000000017,51.07843999999999,3,8
B1 LM,CRAWFORD,3040.5,19.256,0.995,0.415,6.505,4.859,2,0.636,3.7508000000000017,49.00904,3,8
B1 LM,CRAWFORD,3041.0,18.38,0.9990000000000001,0.44,6.29,4.8919999999999995,2,0.614,3.7668000000000013,47.450320000000005,3,8
B1 LM,CRAWFORD,3041.5,17.275,0.987,0.185,6.075,4.91,2,0.591,3.7878000000000007,46.29280000000001,3,8
B1 LM,CRAWFORD,3042.0,16.39,0.975,0.015,5.815,4.88,2,0.568,3.814960000000001,45.26376000000001,3,8
B1 LM,CRAWFORD,3042.5,16.197,0.963,-0.205,5.445,4.834,2,0.545,3.844600000000001,44.11464000000001,3,8
B1 LM,CRAWFORD,3043.0,16.469,0.9570000000000001,-0.225,5.335,4.76,2,0.523,3.873640000000001,42.53728000000001,3,8
B1 LM,CRAWFORD,3043.5,20.38,0.973,-0.295,5.255,4.669,2,0.5,3.9020800000000007,40.70464000000001,3,8
B1 LM,CRAWFORD,3044.0,31.86,1.005,-0.185,5.045,4.547,2,0.47700000000000004,3.931160000000001,39.03800000000001,3,6
B1 LM,CRAWFORD,3044.5,39.608000000000004,1.0390000000000001,0.44,5.16,4.5169999999999995,2,0.455,4.00668,37.72664,3,6
B1 LM,CRAWFORD,3045.0,43.291000000000004,1.064,0.96,5.09,4.488,2,0.43200000000000005,4.0815600000000005,36.66116000000001,3,6
B1 LM,CRAWFORD,3045.5,44.001000000000005,1.089,1.295,4.875,4.396,2,0.409,4.140840000000001,35.83240000000001,3,6
B1 LM,CRAWFORD,3046.0,38.574,1.112,0.7,4.09,4.275,2,0.386,4.180160000000001,35.27756,3,6
B1 LM,CRAWFORD,3046.5,35.19,1.128,0.195,3.575,4.245,2,0.364,4.207120000000001,34.950680000000006,3,6
B1 LM,CRAWFORD,3047.0,32.946,1.131,-0.215,3.205,4.434,2,0.341,4.24708,34.58596000000001,3,6
B1 LM,CRAWFORD,3047.5,31.613000000000003,1.128,-0.095,3.545,4.405,2,0.318,4.288280000000001,34.02480000000001,3,6
B1 LM,CRAWFORD,3048.0,32.113,1.092,-0.005,4.715,4.329,2,0.295,4.32948,33.178680000000014,3,6
B1 LM,CRAWFORD,3048.5,32.368,1.052,0.29,5.42,4.285,2,0.273,4.37632,32.11168000000002,3,6
B1 LM,CRAWFORD,3049.0,31.506999999999998,0.978,0.405,5.865,4.224,2,0.25,4.43276,30.878720000000015,3,6
B1 LM,CRAWFORD,3049.5,30.849,0.88,0.445,6.595,4.04,2,0.22699999999999998,4.48456,29.674840000000017,3,6
B1 LM,CRAWFORD,3050.0,29.953000000000003,0.772,0.91,7.82,3.451,2,0.205,4.49652,28.716400000000018,3,6
B1 LM,CRAWFORD,3050.5,28.875999999999998,0.723,1.24,9.64,3.141,2,0.182,4.46368,28.059960000000014,3,6
B1 LM,CRAWFORD,3051.0,28.228,0.705,1.21,10.47,3.2060000000000004,2,0.159,4.40908,27.987120000000015,3,6
B1 LM,CRAWFORD,3051.5,28.263,0.693,1.005,10.355,3.38,2,0.136,4.35204,28.19696000000001,3,6
B1 LM,CRAWFORD,3052.0,28.754,0.693,0.47,9.35,3.6460000000000004,2,0.114,4.30492,28.498000000000015,3,6
B1 LM,CRAWFORD,3052.5,34.26,0.6940000000000001,0.34,7.94,3.9739999999999998,2,0.091,4.27148,29.064040000000013,3,6
B1 LM,CRAWFORD,3053.0,45.01,0.6940000000000001,0.485,6.185,4.2410000000000005,2,0.068,4.24676,30.094200000000015,3,6
B1 LM,CRAWFORD,3053.5,55.98,0.7070000000000001,0.665,5.945,4.093,2,0.045,4.2148,31.598200000000016,3,8
B1 LM,CRAWFORD,3054.0,67.146,0.7170000000000001,0.965,6.695,3.67,2,0.023,4.165200000000001,33.593040000000016,3,8
B2 SH,CRAWFORD,3054.5,80.0,0.708,1.965,8.815,3.361,1,1.0,4.104440000000001,36.13744000000001,4,2
B2 SH,CRAWFORD,3055.0,85.05,0.69,3.215,10.515,3.16,1,0.95,4.037480000000001,38.89156000000001,4,2
B2 SH,CRAWFORD,3055.5,83.946,0.659,3.965,11.115,3.178,1,0.9,3.9742000000000006,41.590640000000015,4,2
B2 SH,CRAWFORD,3056.0,80.973,0.623,4.61,10.99,3.2110000000000003,1,0.85,3.915880000000001,44.01436,4,2
B2 SH,CRAWFORD,3056.5,78.782,0.5920000000000001,4.845,10.905,3.213,1,0.8,3.862520000000001,45.89124000000001,4,2
B2 SH,CRAWFORD,3057.0,76.082,0.574,4.82,10.73,3.2310000000000003,1,0.75,3.8110800000000005,47.350200000000015,4,2
B2 SH,CRAWFORD,3057.5,72.925,0.562,4.535,10.405,3.217,1,0.7,3.7602400000000005,48.53556000000001,4,2
B2 SH,CRAWFORD,3058.0,72.04899999999999,0.55,4.24,10.55,3.187,1,0.65,3.7118800000000003,49.657480000000014,4,2
B2 SH,CRAWFORD,3058.5,71.391,0.535,4.115,11.005,3.128,1,0.6,3.6660000000000004,50.970160000000014,4,2
B2 SH,CRAWFORD,3059.0,70.751,0.527,4.055,11.765,3.036,1,0.55,3.61764,52.39260000000001,4,2
B2 SH,CRAWFORD,3059.5,71.26100000000001,0.5329999999999999,4.235,12.565,3.0069999999999997,1,0.5,3.5605600000000006,53.92520000000001,4,2
B2 SH,CRAWFORD,3060.0,73.11,0.518,4.44,12.8,2.978,1,0.45,3.50348,55.585080000000005,4,2
B2 SH,CRAWFORD,3060.5,75.425,0.491,3.815,12.085,2.903,1,0.4,3.446440000000001,57.31756,4,2
B2 SH,CRAWFORD,3061.0,76.828,0.47,3.265,11.525,2.687,1,0.35,3.382520000000001,59.095960000000005,4,2
B2 SH,CRAWFORD,3061.5,75.04,0.45799999999999996,3.16,11.69,2.58,1,0.3,3.3167600000000004,60.83728,4,2
B2 SH,CRAWFORD,3062.0,70.288,0.449,3.695,12.535,2.5340000000000003,1,0.25,3.2565200000000005,62.414840000000005,4,1
B2 LM,CRAWFORD,3062.5,66.266,0.44299999999999995,4.505,13.995,2.553,1,0.2,3.2206000000000006,63.867360000000005,5,2
B2 LM,CRAWFORD,3063.0,60.79,0.441,6.07,16.34,2.679,1,0.15,3.2021200000000003,65.14392000000001,5,2
B2 LM,CRAWFORD,3063.5,54.67,0.444,6.25,16.74,3.35,1,0.1,3.2078800000000003,66.20160000000001,5,2
B2 LM,CRAWFORD,3064.0,48.093999999999994,0.445,5.995,16.615,3.865,1,0.05,3.22728,66.99484000000001,5,2
B2 LM,CRAWFORD,3064.5,41.062,0.445,3.425,13.955,4.24,2,1.0,3.2510399999999997,67.48716000000002,5,8
B2 LM,CRAWFORD,3065.0,39.046,0.455,1.725,12.915,4.507,2,0.9640000000000001,3.27236,67.67860000000002,5,8
B2 LM,CRAWFORD,3065.5,38.169000000000004,0.45799999999999996,1.1,12.79,4.354,2,0.929,3.27688,67.40496000000002,5,8
B2 LM,CRAWFORD,3066.0,40.493,0.465,0.895,13.365,4.293,2,0.893,3.28488,66.78548000000002,5,8
B2 LM,CRAWFORD,3066.5,43.948,0.45899999999999996,0.68,13.98,4.248,2,0.857,3.3080000000000003,65.85756000000002,5,8
B2 LM,CRAWFORD,3067.0,46.49100000000001,0.423,0.57,14.45,4.266,2,0.821,3.3442000000000003,64.51720000000002,5,8
B2 LM,CRAWFORD,3067.5,47.21,0.392,0.565,14.945,4.331,2,0.7859999999999999,3.3910400000000003,63.00360000000003,5,8
B2 LM,CRAWFORD,3068.0,46.788999999999994,0.34600000000000003,0.765,15.325,4.395,2,0.75,3.4397200000000003,61.517320000000026,5,8
B2 LM,CRAWFORD,3068.5,45.912,0.325,0.985,15.625,4.397,2,0.7140000000000001,3.4871600000000007,60.11488000000003,5,8
B2 LM,CRAWFORD,3069.0,45.70399999999999,0.304,1.205,15.925,4.383,2,0.679,3.533960000000001,58.79176000000003,5,8
B2 LM,CRAWFORD,3069.5,45.527,0.295,1.27,15.89,4.276,2,0.643,3.5757600000000007,57.56956000000004,5,8
B2 LM,CRAWFORD,3070.0,44.887,0.289,1.155,15.315,4.123,2,0.607,3.612000000000001,56.448040000000034,5,8
B2 LM,CRAWFORD,3070.5,44.23,0.29,0.815,14.205,3.95,2,0.5710000000000001,3.642520000000001,55.33528000000004,5,8
B2 LM,CRAWFORD,3071.0,44.273999999999994,0.281,0.55,12.84,3.785,2,0.536,3.668800000000001,54.250600000000034,5,8
B2 LM,CRAWFORD,3071.5,45.221000000000004,0.247,0.545,11.605,3.647,2,0.5,3.693240000000001,53.229400000000034,5,8
B2 LM,CRAWFORD,3072.0,46.396,0.16699999999999998,1.685,11.385,3.431,2,0.46399999999999997,3.710200000000001,52.234800000000035,5,8
B2 LM,CRAWFORD,3072.5,46.888000000000005,0.11800000000000001,2.92,12.76,3.2,2,0.429,3.7190800000000013,51.18592000000003,5,7
B2 LM,CRAWFORD,3073.0,46.475,0.069,4.4,16.76,2.968,2,0.39299999999999996,3.721680000000001,50.02792000000003,5,7
B2 LM,CRAWFORD,3073.5,46.738,0.042,5.065,20.085,2.815,2,0.35700000000000004,3.7268000000000012,48.824320000000036,5,7
B2 LM,CRAWFORD,3074.0,47.913999999999994,0.033,4.815,20.915,2.8480000000000003,2,0.321,3.7375200000000013,47.739280000000036,5,7
B2 LM,CRAWFORD,3074.5,51.596000000000004,0.04,4.485,20.755,2.99,2,0.28600000000000003,3.755760000000001,46.991600000000034,5,7
B2 LM,CRAWFORD,3075.0,62.89,0.102,4.42,17.02,3.4739999999999998,2,0.25,3.792600000000001,46.85656000000004,5,7
B2 LM,CRAWFORD,3075.5,80.38,0.22,3.955,12.965,4.067,2,0.214,3.848120000000001,47.64016000000003,5,7
B2 LM,CRAWFORD,3076.0,105.725,0.34700000000000003,2.42,7.33,4.271,2,0.179,3.8849600000000013,49.682360000000024,5,8
B2 LM,CRAWFORD,3076.5,131.069,0.524,1.655,5.355,3.838,2,0.14300000000000002,3.8838800000000013,53.00136000000002,5,6
B2 LM,CRAWFORD,3077.0,145.018,0.636,-0.905,7.135,3.2030000000000003,2,0.107,3.842400000000002,57.159600000000026,5,6
B2 LM,CRAWFORD,3077.5,131.376,0.726,-1.94,12.26,2.8160000000000003,2,0.071,3.774760000000002,60.85280000000002,5,8
B3 SH,CRAWFORD,3078.0,110.21,0.792,0.27,14.14,2.678,2,0.036000000000000004,3.7077200000000015,63.73444000000002,6,3
B3 SH,CRAWFORD,3078.5,89.045,0.826,3.14,13.7,2.773,1,1.0,3.646920000000001,65.67652000000002,6,3
B3 SH,CRAWFORD,3079.0,73.807,0.8079999999999999,4.795,11.855,3.3710000000000004,1,0.9440000000000001,3.611840000000001,66.87088000000003,6,2
B3 SH,CRAWFORD,3079.5,73.158,0.7809999999999999,4.755,10.905,3.4930000000000003,1,0.889,3.5809200000000003,67.93756000000002,6,2
B3 SH,CRAWFORD,3080.0,73.195,0.763,3.975,10.205,3.432,1,0.833,3.5449600000000006,68.97696000000002,6,2
B3 SH,CRAWFORD,3080.5,72.325,0.748,3.68,10.0,3.387,1,0.778,3.5046400000000006,69.99840000000002,6,2
B3 SH,CRAWFORD,3081.0,71.221,0.742,3.33,9.69,3.3739999999999997,1,0.722,3.4637200000000004,71.01076000000002,6,2
B3 SH,CRAWFORD,3081.5,70.563,0.742,2.76,9.25,3.3289999999999997,1,0.667,3.42156,72.00512000000002,6,2
B3 SH,CRAWFORD,3082.0,71.51899999999999,0.733,1.75,10.04,3.145,1,0.611,3.37632,73.04480000000002,6,2
B3 SH,CRAWFORD,3082.5,74.062,0.722,2.32,12.64,2.945,1,0.556,3.3291999999999997,74.21180000000003,6,2
B3 SH,CRAWFORD,3083.0,77.061,0.71,2.765,15.055,2.7760000000000002,1,0.5,3.2822399999999994,75.52504000000002,6,2
B3 SH,CRAWFORD,3083.5,78.693,0.695,3.04,15.66,2.793,1,0.444,3.2425599999999997,76.90180000000002,6,2
B3 SH,CRAWFORD,3084.0,79.192,0.6829999999999999,2.505,14.075,2.951,1,0.389,3.2147199999999994,78.26064000000002,6,2
B3 SH,CRAWFORD,3084.5,79.192,0.6829999999999999,2.505,14.075,2.951,1,0.389,3.1955199999999992,79.57248000000003,6,2
B3 SH,CRAWFORD,3085.0,78.999,0.662,2.395,12.335,2.984,1,0.33299999999999996,3.1868799999999986,80.85692000000003,6,2
B3 SH,CRAWFORD,3085.5,78.11399999999999,0.64,2.395,11.095,2.909,1,0.278,3.1845199999999987,82.12248000000004,6,2
B3 SH,CRAWFORD,3086.0,77.24600000000001,0.625,2.705,12.075,2.708,1,0.222,3.180239999999999,83.34280000000004,6,2
B3 SH,CRAWFORD,3086.5,76.369,0.62,2.305,15.615,2.6010000000000004,1,0.16699999999999998,3.1703599999999987,84.48100000000004,6,2
B3 SH,CRAWFORD,3087.0,72.301,0.633,0.98,21.27,2.759,1,0.111,3.161119999999999,85.30920000000003,6,3
B3 SH,CRAWFORD,3087.5,61.107,0.667,-1.74,21.21,3.8489999999999998,1,0.055999999999999994,3.176119999999999,85.23788000000005,6,3
B3 LM,CRAWFORD,3088.0,41.148999999999994,0.68,-2.295,18.875,4.854,2,1.0,3.207599999999999,83.66864000000004,7,8
B3 LM,CRAWFORD,3088.5,28.419,0.6859999999999999,-0.92,14.54,5.0360000000000005,2,0.938,3.2381999999999986,80.57640000000004,7,8
B3 LM,CRAWFORD,3089.0,22.526999999999997,0.687,0.36,10.24,5.044,2,0.875,3.286439999999999,76.23472000000004,7,8
B3 LM,CRAWFORD,3089.5,18.459,0.684,2.27,8.16,4.931,2,0.813,3.3555599999999988,71.17236000000004,7,8
B3 LM,CRAWFORD,3090.0,17.345,0.679,2.67,8.23,4.547,2,0.75,3.4247999999999985,66.61112000000004,7,8
B3 LM,CRAWFORD,3090.5,17.617,0.6759999999999999,2.855,8.725,4.328,2,0.688,3.490799999999999,62.90740000000003,7,8
B3 LM,CRAWFORD,3091.0,19.292,0.664,2.695,9.465,4.2989999999999995,2,0.625,3.5518399999999986,60.11728000000003,7,8
B3 LM,CRAWFORD,3091.5,21.572,0.655,2.535,9.705,4.301,2,0.563,3.589039999999999,58.027880000000025,7,8
B3 LM,CRAWFORD,3092.0,22.975,0.653,1.95,9.21,4.319,2,0.5,3.622079999999999,56.020560000000025,7,8
B3 LM,CRAWFORD,3092.5,23.921999999999997,0.65,1.34,8.59,4.305,2,0.43799999999999994,3.6569999999999987,54.049640000000025,7,8
B3 LM,CRAWFORD,3093.0,24.869,0.657,0.63,7.42,4.291,2,0.375,3.6931599999999984,52.151400000000024,7,8
B3 LM,CRAWFORD,3093.5,27.64,0.669,0.42,6.02,4.216,2,0.313,3.7268399999999984,50.408160000000024,7,8
B3 LM,CRAWFORD,3094.0,34.058,0.67,0.44,4.4,4.109,2,0.25,3.7580399999999985,48.94796000000002,7,6
B3 LM,CRAWFORD,3094.5,41.489,0.652,1.11,4.03,3.815,2,0.188,3.7848399999999986,47.74676000000002,7,6
B3 LM,CRAWFORD,3095.0,51.235,0.631,1.73,5.19,3.444,2,0.125,3.804799999999999,46.83368000000002,7,6
B4 SH,CRAWFORD,3095.5,55.601000000000006,0.61,2.42,7.82,3.1460000000000004,2,0.063,3.8195999999999994,45.975280000000026,8,8
B4 SH,CRAWFORD,3096.0,59.512,0.601,3.715,10.375,2.935,1,1.0,3.825279999999999,45.208040000000025,8,2
B4 SH,CRAWFORD,3096.5,62.055,0.598,4.13,12.01,2.844,1,0.95,3.8209999999999993,44.52256000000003,8,2
B4 SH,CRAWFORD,3097.0,64.37,0.5920000000000001,3.83,12.15,2.7680000000000002,1,0.9,3.8136799999999993,43.929680000000026,8,2
B4 SH,CRAWFORD,3097.5,65.773,0.5870000000000001,3.32,11.31,2.708,1,0.85,3.8026399999999994,43.400640000000024,8,2
B4 SH,CRAWFORD,3098.0,66.036,0.593,2.635,9.895,2.6630000000000003,1,0.8,3.7927999999999993,42.917520000000025,8,2
B4 SH,CRAWFORD,3098.5,64.712,0.597,2.65,9.32,2.616,1,0.75,3.789119999999999,42.41616000000002,8,2
B4 SH,CRAWFORD,3099.0,64.039,0.6,2.545,8.775,2.603,1,0.7,3.7891999999999992,41.92296000000002,8,2
B4 SH,CRAWFORD,3099.5,64.332,0.61,2.57,8.69,2.589,1,0.65,3.782399999999999,41.60420000000002,8,2
B4 SH,CRAWFORD,3100.0,68.247,0.601,2.545,9.105,2.531,1,0.6,3.729679999999999,41.88980000000002,8,2
B4 SH,CRAWFORD,3100.5,75.809,0.583,2.99,10.63,2.4859999999999998,1,0.55,3.634959999999999,43.276200000000024,8,2
B4 SH,CRAWFORD,3101.0,84.73899999999999,0.5589999999999999,3.69,12.42,2.488,1,0.5,3.5330399999999993,45.529000000000025,8,2
B4 SH,CRAWFORD,3101.5,95.76799999999999,0.541,4.595,14.775,2.52,1,0.45,3.432079999999999,48.458640000000024,8,2
B4 SH,CRAWFORD,3102.0,94.175,0.529,4.575,15.465,2.6,1,0.4,3.338839999999999,51.48728000000002,8,2
B4 SH,CRAWFORD,3102.5,89.427,0.529,4.575,15.555,2.7880000000000003,1,0.35,3.268479999999999,54.37056000000001,8,2
B4 SH,CRAWFORD,3103.0,84.90799999999999,0.527,4.35,14.27,3.148,1,0.3,3.221279999999999,57.06220000000001,8,2
B4 SH,CRAWFORD,3103.5,81.3,0.53,3.17,11.82,3.103,1,0.25,3.173439999999998,59.54252000000001,8,2
B4 SH,CRAWFORD,3104.0,82.251,0.534,1.84,10.85,2.6910000000000003,1,0.2,3.1090399999999985,61.96968000000002,8,2
B4 SH,CRAWFORD,3104.5,83.20299999999999,0.568,0.12,16.21,2.235,1,0.15,3.025679999999998,64.37880000000001,8,3
B4 SH,CRAWFORD,3105.0,82.88799999999999,0.647,-0.305,24.225,2.113,1,0.1,2.9379999999999984,66.73744000000002,8,3
B4 LM,CRAWFORD,3105.5,70.52600000000001,0.731,-3.475,31.335,2.301,1,0.05,2.8583999999999987,68.56372000000002,9,3
B4 LM,CRAWFORD,3106.0,59.858000000000004,0.7929999999999999,-2.585,25.825,3.3289999999999997,2,1.0,2.8229199999999985,69.85244000000002,9,8
B4 LM,CRAWFORD,3106.5,43.933,0.815,-2.425,18.585,4.2330000000000005,2,0.9440000000000001,2.827879999999999,70.24744000000001,9,8
B4 LM,CRAWFORD,3107.0,30.523000000000003,0.828,-0.505,13.435,4.53,2,0.889,2.856479999999999,69.8088,9,8
B4 LM,CRAWFORD,3107.5,21.444000000000003,0.867,-0.83,7.75,4.734,2,0.833,2.9080799999999987,68.61716000000001,9,8
B4 LM,CRAWFORD,3108.0,18.52,0.948,0.5,5.3,4.86,2,0.778,2.976639999999999,67.13392,9,8
B4 LM,CRAWFORD,3108.5,20.668000000000003,1.034,0.725,4.655,4.986000000000001,2,0.722,3.058679999999999,65.58016,9,8
B4 LM,CRAWFORD,3109.0,23.396,1.077,0.945,4.055,4.9719999999999995,2,0.667,3.143799999999999,64.0338,9,8
B4 LM,CRAWFORD,3109.5,25.715999999999998,1.112,1.0,3.38,4.974,2,0.611,3.232039999999999,62.48763999999999,9,8
B4 LM,CRAWFORD,3110.0,28.035,1.131,1.335,2.125,4.9910000000000005,2,0.556,3.323359999999999,60.97812,9,8
B4 LM,CRAWFORD,3110.5,31.494,1.128,1.565,1.855,5.024,2,0.5,3.4177999999999993,59.596439999999994,9,8
B4 LM,CRAWFORD,3111.0,42.743,1.145,0.74,2.92,4.996,2,0.389,3.512999999999999,58.717679999999994,9,6
B4 LM,CRAWFORD,3111.5,47.021,1.158,0.415,2.815,4.874,2,0.33299999999999996,3.603839999999999,58.03695999999999,9,6
B4 LM,CRAWFORD,3112.0,49.443000000000005,1.158,0.265,2.475,4.72,2,0.278,3.689079999999999,57.441399999999994,9,6
B4 LM,CRAWFORD,3112.5,48.343,1.072,0.175,2.025,4.435,2,0.222,3.765239999999999,56.645239999999994,9,6
B4 LM,CRAWFORD,3113.0,47.243,0.993,0.305,2.325,4.07,2,0.16699999999999998,3.8285999999999984,55.502599999999994,9,6
B4 LM,CRAWFORD,3113.5,47.738,0.9359999999999999,0.625,3.575,3.745,2,0.111,3.8788799999999988,54.02255999999999,9,6
B5 SH,CRAWFORD,3114.0,55.757,0.9,2.86,7.09,3.514,2,0.055999999999999994,3.9186399999999986,52.42211999999999,10,8
B5 SH,CRAWFORD,3114.5,67.815,0.8759999999999999,4.345,9.295,3.406,1,1.0,3.9508799999999993,51.36772,10,2
B5 SH,CRAWFORD,3115.0,68.904,0.852,4.72,9.57,3.455,1,0.938,3.977559999999999,50.546800000000005,10,2
B5 SH,CRAWFORD,3115.5,64.085,0.8340000000000001,3.905,7.665,3.565,1,0.875,3.994239999999999,49.71388000000001,10,2
B5 SH,CRAWFORD,3116.0,53.913000000000004,0.828,3.37,5.72,3.645,1,0.813,4.0159199999999995,48.61840000000001,10,2
B5 SH,CRAWFORD,3116.5,50.715,0.841,2.665,4.465,3.615,1,0.75,4.052879999999999,47.35696000000001,10,2
B5 SH,CRAWFORD,3117.0,51.22,0.8540000000000001,2.43,3.86,3.714,1,0.688,4.112039999999999,46.07764000000001,10,2
B5 SH,CRAWFORD,3119.0,65.99,0.794,3.075,6.985,3.5,1,0.43799999999999994,4.167519999999999,45.40172000000001,10,2
B5 SH,CRAWFORD,3119.5,74.325,0.764,1.485,11.995,3.159,1,0.375,4.201839999999999,45.553680000000014,10,2
B5 SH,CRAWFORD,3120.0,77.227,0.718,1.095,15.315,2.865,1,0.313,4.183279999999999,46.248440000000016,10,3
B5 SH,CRAWFORD,3120.5,78.863,0.687,1.285,17.905,2.696,1,0.25,4.121799999999999,47.64564000000002,10,3
B5 SH,CRAWFORD,3121.0,79.13,0.669,2.755,19.325,2.6510000000000002,1,0.188,4.046639999999999,49.58992000000003,10,3
B5 SH,CRAWFORD,3121.5,76.89,0.657,4.55,19.53,2.6710000000000003,1,0.125,3.9641199999999994,51.80776000000004,10,3
B5 LM,CRAWFORD,3122.0,69.179,0.6920000000000001,6.11,19.22,3.114,1,0.063,3.8942799999999993,53.83412000000004,11,3
B5 LM,CRAWFORD,3122.5,59.998999999999995,0.732,4.62,16.19,4.1339999999999995,2,1.0,3.8601999999999994,55.40736000000005,11,8
B5 LM,CRAWFORD,3123.0,41.912,0.7609999999999999,1.64,10.98,4.726,2,0.983,3.8503599999999993,56.148000000000046,11,8
B5 LM,CRAWFORD,3123.5,26.221999999999998,0.805,0.755,7.955,4.899,2,0.966,3.8473599999999992,56.168240000000054,11,8
B5 LM,CRAWFORD,3124.0,22.615,0.845,1.58,6.02,4.854,2,0.948,3.8418799999999993,55.95144000000005,11,8
B5 LM,CRAWFORD,3124.5,20.83,0.8490000000000001,1.97,4.39,4.7780000000000005,2,0.9309999999999999,3.8320399999999997,55.524880000000046,11,8
B5 LM,CRAWFORD,3125.0,21.326,0.836,2.77,4.39,4.655,2,0.914,3.8183999999999996,54.66820000000005,11,8
B5 LM,CRAWFORD,3125.5,23.645,0.725,3.665,5.185,4.408,2,0.897,3.79976,53.733160000000055,11,8
B5 LM,CRAWFORD,3126.0,29.02,0.5870000000000001,4.805,7.455,3.97,2,0.879,3.7697599999999998,52.91624000000005,11,8
B5 LM,CRAWFORD,3126.5,35.588,0.461,5.255,11.615,3.6060000000000003,2,0.862,3.7365999999999997,52.40604000000005,11,7
B5 LM,CRAWFORD,3127.0,39.503,0.325,5.335,18.395,3.3089999999999997,2,0.845,3.7061599999999997,52.09644000000005,11,7
B5 LM,CRAWFORD,3127.5,41.138999999999996,0.239,4.545,21.765,3.342,2,0.828,3.6900399999999998,51.83248000000004,11,7
B5 LM,CRAWFORD,3128.0,41.861999999999995,0.184,2.77,21.54,3.4219999999999997,2,0.81,3.6863599999999996,51.27668000000004,11,8
B5 LM,CRAWFORD,3128.5,42.586000000000006,0.16899999999999998,-0.02,19.0,3.485,2,0.7929999999999999,3.6895199999999995,50.26752000000004,11,8
B5 LM,CRAWFORD,3129.0,44.221000000000004,0.139,2.425,18.905,3.378,2,0.7759999999999999,3.6864399999999993,49.28020000000004,11,8
B5 LM,CRAWFORD,3129.5,47.395,0.121,3.7,20.04,3.2089999999999996,2,0.759,3.6721999999999997,48.612600000000036,11,7
B5 LM,CRAWFORD,3130.0,54.79600000000001,0.10300000000000001,4.59,22.87,3.133,2,0.741,3.6517199999999996,48.64792000000004,11,7
B5 LM,CRAWFORD,3130.5,58.255,0.091,5.19,25.77,3.1660000000000004,2,0.7240000000000001,3.6337599999999997,48.94952000000005,11,7
B5 LM,CRAWFORD,3131.0,60.347,0.076,4.065,26.095,3.1180000000000003,2,0.7070000000000001,3.60992,49.31460000000005,11,7
B5 LM,CRAWFORD,3131.5,61.754,0.048,3.235,25.165,3.06,2,0.69,3.5923199999999995,49.14516000000004,11,7
B5 LM,CRAWFORD,3132.0,61.794,0.002,2.74,22.4,3.14,2,0.672,3.5915599999999994,48.643920000000044,11,7
B5 LM,CRAWFORD,3132.5,61.833,-0.047,3.65,21.13,3.437,2,0.655,3.6144399999999997,48.02816000000004,11,7
B5 LM,CRAWFORD,3133.0,62.358000000000004,-0.096,4.43,21.27,3.6719999999999997,2,0.638,3.6534799999999996,47.36796000000004,11,7
B5 LM,CRAWFORD,3133.5,63.062,-0.147,4.895,22.325,3.782,2,0.621,3.69872,46.72524000000003,11,7
B5 LM,CRAWFORD,3134.0,63.33,-0.20600000000000002,5.245,22.895,3.737,2,0.603,3.741359999999999,46.18284000000003,11,7
B5 LM,CRAWFORD,3134.5,62.685,-0.218,5.035,22.725,3.5839999999999996,2,0.586,3.760159999999999,45.92308000000002,11,7
B5 LM,CRAWFORD,3135.0,60.217,-0.23,4.57,21.84,3.444,2,0.569,3.732559999999999,45.931800000000024,11,7
B5 LM,CRAWFORD,3135.5,55.926,-0.217,5.185,20.385,3.352,2,0.552,3.6775999999999995,46.49236000000002,11,7
B5 LM,CRAWFORD,3136.0,52.318000000000005,-0.185,5.795,18.665,3.4960000000000004,2,0.534,3.621479999999999,47.536200000000015,11,7
B5 LM,CRAWFORD,3136.5,47.244,-0.16,5.445,15.725,3.855,2,0.517,3.5815199999999994,48.521360000000016,11,8
B5 LM,CRAWFORD,3137.0,45.786,-0.138,4.165,11.765,3.966,2,0.5,3.549039999999999,49.51960000000002,11,8
B5 LM,CRAWFORD,3137.5,46.975,-0.11599999999999999,5.55,10.25,3.765,2,0.483,3.513439999999999,50.545560000000016,11,7
B5 LM,CRAWFORD,3138.0,51.907,-0.10300000000000001,7.385,11.675,3.44,2,0.466,3.4747199999999987,51.676040000000015,11,7
B5 LM,CRAWFORD,3138.5,58.336000000000006,-0.09300000000000001,6.61,13.74,3.162,2,0.44799999999999995,3.442399999999999,52.848680000000016,11,7
B5 LM,CRAWFORD,3139.0,64.995,-0.09,5.94,16.68,3.0239999999999996,2,0.431,3.419119999999999,54.02496000000002,11,7
B5 LM,CRAWFORD,3139.5,67.543,-0.08900000000000001,5.7,17.72,3.057,2,0.414,3.409039999999999,55.146560000000015,11,7
B5 LM,CRAWFORD,3140.0,68.041,-0.10400000000000001,5.755,18.395,3.1710000000000003,2,0.397,3.4021999999999997,56.22264000000002,11,7
B5 LM,CRAWFORD,3140.5,66.186,-0.14400000000000002,5.995,19.265,3.2310000000000003,2,0.379,3.39456,57.19560000000001,11,7
B5 LM,CRAWFORD,3141.0,62.184,-0.187,6.54,20.72,3.264,2,0.36200000000000004,3.3857199999999996,57.97952000000001,11,7
B5 LM,CRAWFORD,3141.5,57.883,-0.239,6.0,21.62,3.2969999999999997,2,0.345,3.3824799999999993,58.52600000000001,11,7
B5 LM,CRAWFORD,3142.0,54.038999999999994,-0.297,5.725,22.245,3.282,2,0.32799999999999996,3.385399999999999,58.79176000000001,11,7
B5 LM,CRAWFORD,3142.5,53.153999999999996,-0.371,5.745,23.065,3.222,2,0.31,3.388959999999999,58.72608000000001,11,7
B5 LM,CRAWFORD,3143.0,60.506,-0.43200000000000005,5.78,23.96,3.115,2,0.293,3.386919999999999,58.81612000000001,11,7
B5 LM,CRAWFORD,3143.5,68.99,-0.456,6.14,25.32,2.977,2,0.276,3.3812799999999994,59.16184000000001,11,7
B5 LM,CRAWFORD,3144.0,88.891,-0.46799999999999997,7.025,27.595,2.9160000000000004,2,0.259,3.375519999999999,60.247320000000016,11,7
B5 LM,CRAWFORD,3144.5,114.955,-0.455,6.925,28.395,2.924,2,0.24100000000000002,3.366879999999999,62.37376000000001,11,7
B5 LM,CRAWFORD,3145.0,139.876,-0.405,6.245,28.025,3.215,2,0.22399999999999998,3.3579999999999997,65.49548,11,7
B5 LM,CRAWFORD,3145.5,157.72899999999998,-0.353,4.685,26.015,3.373,2,0.207,3.34604,69.31032,11,7
B5 LM,CRAWFORD,3146.0,167.803,-0.21899999999999997,4.27,23.37,3.81,2,0.19,3.34716,73.49996000000002,11,8
B5 LM,CRAWFORD,3146.5,151.183,-0.057,0.925,17.125,4.1530000000000005,2,0.172,3.3638000000000003,77.01408,11,8
B5 LM,CRAWFORD,3147.0,123.264,0.067,0.285,14.215,4.404,2,0.155,3.3966000000000003,79.43724000000002,11,8
B5 LM,CRAWFORD,3147.5,108.569,0.23399999999999999,0.705,12.225,4.499,2,0.138,3.4388,81.37132000000001,11,8
B5 LM,CRAWFORD,3148.0,101.072,0.42700000000000005,1.15,10.76,4.3919999999999995,2,0.121,3.4803999999999995,83.17716000000001,11,8
B5 LM,CRAWFORD,3148.5,91.74799999999999,0.625,1.135,9.605,4.254,2,0.10300000000000001,3.51072,84.75436000000002,11,8
B5 LM,CRAWFORD,3149.0,83.794,0.7490000000000001,2.075,7.845,4.023,2,0.086,3.5174399999999997,86.21636000000001,11,8
B5 LM,CRAWFORD,3149.5,83.794,0.7490000000000001,2.075,7.845,4.023,2,0.086,3.51972,87.73667999999999,11,8
B5 LM,CRAWFORD,3150.0,79.722,0.7709999999999999,2.89,6.64,4.04,2,0.069,3.53072,89.04656000000001,11,8
B5 LM,CRAWFORD,3150.5,76.334,0.8,2.96,6.29,3.997,2,0.052000000000000005,3.553,90.02364,11,8
B5 LM,CRAWFORD,3151.0,73.631,0.8,2.68,6.69,3.8280000000000003,2,0.034,3.57964,90.63544,11,8
B5 LM,CRAWFORD,3151.5,76.865,0.772,2.42,8.6,3.535,2,0.017,3.6000799999999997,91.11023999999999,11,8
C SH,CRAWFORD,3152.0,79.92399999999999,0.752,2.62,11.51,3.148,1,1.0,3.6037199999999996,91.60547999999999,12,3
C SH,CRAWFORD,3152.5,82.199,0.728,3.725,14.555,2.964,1,0.972,3.595439999999999,92.17179999999999,12,3
C SH,CRAWFORD,3153.0,79.953,0.7,5.61,16.93,2.793,1,0.9440000000000001,3.5779199999999998,92.72247999999998,12,3
C SH,CRAWFORD,3153.5,75.881,0.6729999999999999,6.3,17.57,2.969,1,0.917,3.5661199999999997,93.27035999999997,12,3
C SH,CRAWFORD,3154.0,67.47,0.652,4.775,15.795,3.282,1,0.889,3.56552,93.65383999999996,12,3
C SH,CRAWFORD,3154.5,58.832,0.64,4.315,13.575,3.642,1,0.861,3.5799199999999995,93.84555999999995,12,2
C SH,CRAWFORD,3155.0,57.946000000000005,0.631,3.595,11.305,3.8930000000000002,1,0.833,3.60676,94.03723999999994,12,2
C SH,CRAWFORD,3155.5,65.755,0.625,3.465,10.355,3.911,1,0.8059999999999999,3.6386000000000003,94.24719999999996,12,2
C SH,CRAWFORD,3156.0,69.445,0.617,3.39,11.54,3.82,1,0.778,3.6723199999999996,94.26539999999997,12,2
C SH,CRAWFORD,3156.5,73.389,0.608,3.625,12.775,3.62,1,0.75,3.70048,93.64531999999997,12,2
C SH,CRAWFORD,3157.0,77.115,0.605,4.14,13.42,3.467,1,0.722,3.7221999999999995,92.13171999999997,12,2
C SH,CRAWFORD,3157.5,79.84,0.596,4.875,13.825,3.36,1,0.6940000000000001,3.7279999999999998,89.73027999999996,12,2
C SH,CRAWFORD,3158.0,82.616,0.5770000000000001,5.235,14.845,3.207,1,0.667,3.721359999999999,86.72575999999998,12,3
C SH,CRAWFORD,3158.5,86.07799999999999,0.5539999999999999,5.04,16.15,3.161,1,0.639,3.695399999999999,83.45675999999997,12,3
C SH,CRAWFORD,3159.0,88.855,0.539,5.56,16.75,3.1180000000000003,1,0.611,3.6539999999999986,80.96363999999998,12,3
C SH,CRAWFORD,3159.5,90.49,0.53,6.36,16.78,3.168,1,0.583,3.604559999999999,79.65267999999998,12,2
C SH,CRAWFORD,3160.0,90.975,0.522,7.035,16.995,3.154,1,0.556,3.550759999999999,78.94891999999999,12,2
C SH,CRAWFORD,3160.5,90.10799999999999,0.513,7.505,17.595,3.125,1,0.528,3.500079999999999,78.51035999999998,12,2
