"Formation_A1.LM","Formation_A1.SH","Formation_B1.LM","Formation_B1.SH","Formation_B2.LM","Formation_B2.SH","Formation_B3.LM","Formation_B3.SH","Formation_B4.LM","Formation_B4.SH","Formation_B5.LM","Formation_B5.SH","Formation_C.LM","Formation_C.SH","Depth","GR","ILD_log10","DeltaPHI","PHIND","PE","NM_M_0","NM_M_1","RELPOS","RELPOS_next","RELPOS_previous","ILD_log10_next","ILD_log10_previous","Facies"
0,1,0,0,0,0,0,0,0,0,0,0,0,0,2808,66.276,0.63,3.3,10.65,3.591,1,0,1,0,0.022,0,0.045,3
0,1,0,0,0,0,0,0,0,0,0,0,0,0,2808.5,77.252,0.585,6.5,11.95,3.341,1,0,0.978,0.022,0.022,0.045,0.019,3
0,1,0,0,0,0,0,0,0,0,0,0,0,0,2809,82.899,0.566,9.4,13.6,3.064,1,0,0.956,0.022,0.0229999999999999,0.019,-0.027,3
0,1,0,0,0,0,0,0,0,0,0,0,0,0,2809.5,80.671,0.593,9.5,13.25,2.977,1,0,0.933,0.0229999999999999,0.022,-0.027,-0.045,3
0,1,0,0,0,0,0,0,0,0,0,0,0,0,2810,75.971,0.638,8.7,12.35,3.02,1,0,0.911,0.022,0.022,-0.045,-0.029,3
0,1,0,0,0,0,0,0,0,0,0,0,0,0,2810.5,73.955,0.667,6.9,12.25,3.086,1,0,0.889,0.022,0.022,-0.029,-0.00700000000000001,3
0,1,0,0,0,0,0,0,0,0,0,0,0,0,2811,77.962,0.674,6.5,12.45,3.092,1,0,0.867,0.022,0.023,-0.00700000000000001,0.00700000000000001,3
0,1,0,0,0,0,0,0,0,0,0,0,0,0,2811.5,83.894,0.667,6.3,12.65,3.123,1,0,0.844,0.023,0.022,0.00700000000000001,0.014,3
0,1,0,0,0,0,0,0,0,0,0,0,0,0,2812,84.424,0.653,6.7,13.05,3.121,1,0,0.822,0.022,0.0219999999999999,0.014,0.011,3
0,1,0,0,0,0,0,0,0,0,0,0,0,0,2812.5,83.16,0.642,7.3,12.95,3.127,1,0,0.8,0.0219999999999999,0.022,0.011,-0.00900000000000001,3
0,1,0,0,0,0,0,0,0,0,0,0,0,0,2813,79.063,0.651,7.3,12.05,3.147,1,0,0.778,0.022,0.022,-0.00900000000000001,-0.026,3
0,1,0,0,0,0,0,0,0,0,0,0,0,0,2813.5,69.002,0.677,6.2,10.8,3.096,1,0,0.756,0.022,0.023,-0.026,-0.0129999999999999,2
0,1,0,0,0,0,0,0,0,0,0,0,0,0,2814,63.983,0.69,4.4,9.7,3.103,1,0,0.733,0.023,0.022,-0.0129999999999999,0.0149999999999999,2
0,1,0,0,0,0,0,0,0,0,0,0,0,0,2814.5,61.797,0.675,3.5,9.15,3.101,1,0,0.711,0.022,0.022,0.0149999999999999,0.029,2
0,1,0,0,0,0,0,0,0,0,0,0,0,0,2815,61.372,0.646,2.8,9.3,3.065,1,0,0.689,0.022,0.0219999999999999,0.029,0.025,2
0,1,0,0,0,0,0,0,0,0,0,0,0,0,2815.5,63.535,0.621,2.8,9.8,2.982,1,0,0.667,0.0219999999999999,0.023,0.025,0.021,2
0,1,0,0,0,0,0,0,0,0,0,0,0,0,2816,65.126,0.6,3.3,10.55,2.914,1,0,0.644,0.023,0.044,0.021,0.024,2
0,1,0,0,0,0,0,0,0,0,0,0,0,0,2816.5,75.93,0.576,3.4,11.9,2.845,1,0,0.6,0.044,0.022,0.024,-0.00800000000000001,2
0,1,0,0,0,0,0,0,0,0,0,0,0,0,2817,85.077,0.584,4.4,12.9,2.854,1,0,0.578,0.022,0.0219999999999999,-0.00800000000000001,-0.014,2
0,1,0,0,0,0,0,0,0,0,0,0,0,0,2817.5,89.459,0.598,6.6,13.5,2.986,1,0,0.556,0.0219999999999999,0.023,-0.014,-0.012,3
0,1,0,0,0,0,0,0,0,0,0,0,0,0,2818,88.619,0.61,7.2,14.8,2.988,1,0,0.533,0.023,0.022,-0.012,-0.026,3
0,1,0,0,0,0,0,0,0,0,0,0,0,0,2818.5,81.593,0.636,6.4,13.9,2.998,1,0,0.511,0.022,0.022,-0.026,-0.0659999999999999,3
0,1,0,0,0,0,0,0,0,0,0,0,0,0,2819,66.595,0.702,2.8,11.4,2.988,1,0,0.489,0.022,0.022,-0.0659999999999999,-0.0870000000000001,2
0,1,0,0,0,0,0,0,0,0,0,0,0,0,2819.5,55.081,0.789,2.7,8.15,3.028,1,0,0.467,0.022,0.023,-0.0870000000000001,-0.0509999999999999,2
0,1,0,0,0,0,0,0,0,0,0,0,0,0,2820,48.112,0.84,1,7.5,3.073,1,0,0.444,0.023,0.022,-0.0509999999999999,-0.00600000000000001,2
0,1,0,0,0,0,0,0,0,0,0,0,0,0,2820.5,43.73,0.846,0.4,7.1,3.146,1,0,0.422,0.022,0.022,-0.00600000000000001,0.00600000000000001,2
0,1,0,0,0,0,0,0,0,0,0,0,0,0,2821,44.097,0.84,0.7,6.65,3.205,1,0,0.4,0.022,0.022,0.00600000000000001,-0.002,2
0,1,0,0,0,0,0,0,0,0,0,0,0,0,2821.5,46.839,0.842,0.8,6.6,3.254,1,0,0.378,0.022,0.022,-0.002,-0.001,2
0,1,0,0,0,0,0,0,0,0,0,0,0,0,2822,50.348,0.843,1.1,6.75,3.23,1,0,0.356,0.022,0.023,-0.001,0.021,2
0,1,0,0,0,0,0,0,0,0,0,0,0,0,2822.5,57.129,0.822,2.2,7.3,3.237,1,0,0.333,0.023,0.022,0.021,0.0449999999999999,2
0,1,0,0,0,0,0,0,0,0,0,0,0,0,2823,64.465,0.777,4.4,8.4,3.259,1,0,0.311,0.022,0.022,0.0449999999999999,0.048,2
0,1,0,0,0,0,0,0,0,0,0,0,0,0,2823.5,70.267,0.729,7.1,9.85,3.289,1,0,0.289,0.022,0.045,0.048,0.0649999999999999,2
0,1,0,0,0,0,0,0,0,0,0,0,0,0,2824,76.566,0.664,10.7,11.55,3.381,1,0,0.244,0.045,0.022,0.0649999999999999,0.021,2
0,1,0,0,0,0,0,0,0,0,0,0,0,0,2824.5,76.778,0.643,10.7,12.25,3.452,1,0,0.222,0.022,0.022,0.021,0.011,3
0,1,0,0,0,0,0,0,0,0,0,0,0,0,2825,73.971,0.632,9.7,12.55,3.396,1,0,0.2,0.022,0.022,0.011,0.01,3
0,1,0,0,0,0,0,0,0,0,0,0,0,0,2825.5,74.314,0.622,8.8,13.1,3.144,1,0,0.178,0.022,0.022,0.01,0.039,3
0,1,0,0,0,0,0,0,0,0,0,0,0,0,2826,77.031,0.583,4.8,16.2,3.034,1,0,0.156,0.022,0.023,0.039,0.0659999999999999,3
0,1,0,0,0,0,0,0,0,0,0,0,0,0,2826.5,74.469,0.517,4.8,19.2,2.931,1,0,0.133,0.023,0.022,0.0659999999999999,0.028,2
0,1,0,0,0,0,0,0,0,0,0,0,0,0,2827,73.327,0.489,6.3,20.35,2.88,1,0,0.111,0.022,0.022,0.028,-0.037,2
0,1,0,0,0,0,0,0,0,0,0,0,0,0,2827.5,74.575,0.526,4.9,19.25,2.795,1,0,0.089,0.022,0.022,-0.037,-0.032,3
0,1,0,0,0,0,0,0,0,0,0,0,0,0,2828,70.536,0.558,6.5,17.05,3.009,1,0,0.067,0.022,0.023,-0.032,0.03,3
0,1,0,0,0,0,0,0,0,0,0,0,0,0,2828.5,62.939,0.528,7.6,18.8,3.073,1,0,0.044,0.023,0.022,0.03,0.017,3
0,1,0,0,0,0,0,0,0,0,0,0,0,0,2829,57.137,0.511,10.9,19.15,3.313,1,0,0.022,0.022,-0.978,0.017,-0.073,3
1,0,0,0,0,0,0,0,0,0,0,0,0,0,2829.5,47.345,0.584,7,16.3,3.527,0,1,1,-0.978,0.013,-0.073,-0.146,5
1,0,0,0,0,0,0,0,0,0,0,0,0,0,2830,35.733,0.73,6.4,10.2,3.928,0,1,0.987,0.013,0.013,-0.146,-0.143,8
1,0,0,0,0,0,0,0,0,0,0,0,0,0,2830.5,29.327,0.873,2.7,7.85,4.33,0,1,0.974,0.013,0.013,-0.143,-0.09,8
1,0,0,0,0,0,0,0,0,0,0,0,0,0,2831,28.242,0.963,1.4,6.3,4.413,0,1,0.961,0.013,0.014,-0.09,-0.055,8
1,0,0,0,0,0,0,0,0,0,0,0,0,0,2831.5,34.558,1.018,1.8,5.6,4.511,0,1,0.947,0.014,0.0129999999999999,-0.055,-0.036,8
1,0,0,0,0,0,0,0,0,0,0,0,0,0,2832,43.754,1.054,1.8,5.2,4.412,0,1,0.934,0.0129999999999999,0.013,-0.036,-0.0129999999999999,6
1,0,0,0,0,0,0,0,0,0,0,0,0,0,2832.5,53.612,1.067,1.5,5.05,4.226,0,1,0.921,0.013,0.013,-0.0129999999999999,0.028,6
1,0,0,0,0,0,0,0,0,0,0,0,0,0,2833,60.719,1.039,1.9,4.85,3.931,0,1,0.908,0.013,0.013,0.028,0.099,6
1,0,0,0,0,0,0,0,0,0,0,0,0,0,2833.5,66.538,0.94,2.7,5.45,3.703,0,1,0.895,0.013,0.013,0.099,0.139,6
1,0,0,0,0,0,0,0,0,0,0,0,0,0,2834,75.522,0.801,4,7.3,3.501,0,1,0.882,0.013,0.014,0.139,0.109,6
1,0,0,0,0,0,0,0,0,0,0,0,0,0,2834.5,95.979,0.692,6.5,9.55,3.346,0,1,0.868,0.014,0.013,0.109,0.0479999999999999,4
1,0,0,0,0,0,0,0,0,0,0,0,0,0,2835,130.26,0.644,8.3,11.15,3.242,0,1,0.855,0.013,0.013,0.0479999999999999,0.001,4
1,0,0,0,0,0,0,0,0,0,0,0,0,0,2835.5,160.167,0.643,9.3,12.15,3.294,0,1,0.842,0.013,0.013,0.001,-0.03,4
1,0,0,0,0,0,0,0,0,0,0,0,0,0,2836,176.528,0.673,9.1,12.05,3.298,0,1,0.829,0.013,0.013,-0.03,-0.0469999999999999,4
1,0,0,0,0,0,0,0,0,0,0,0,0,0,2836.5,175.622,0.72,8.9,12.15,3.349,0,1,0.816,0.013,0.0129999999999999,-0.0469999999999999,-0.036,4
1,0,0,0,0,0,0,0,0,0,0,0,0,0,2837,153.965,0.756,7.6,11.9,3.31,0,1,0.803,0.0129999999999999,0.014,-0.036,-0.01,4
1,0,0,0,0,0,0,0,0,0,0,0,0,0,2837.5,120.076,0.766,7.2,12.2,3.365,0,1,0.789,0.014,0.013,-0.01,-0.021,4
1,0,0,0,0,0,0,0,0,0,0,0,0,0,2838,91.434,0.787,7.1,12.15,3.392,0,1,0.776,0.013,0.013,-0.021,-0.087,4
1,0,0,0,0,0,0,0,0,0,0,0,0,0,2838.5,69.312,0.874,4.6,10.4,3.293,0,1,0.763,0.013,0.013,-0.087,-0.155,4
1,0,0,0,0,0,0,0,0,0,0,0,0,0,2839,54.828,1.029,0.8,8.2,3.395,0,1,0.75,0.013,0.013,-0.155,-0.12,6
1,0,0,0,0,0,0,0,0,0,0,0,0,0,2839.5,50.854,1.149,0.3,6.85,3.5,0,1,0.737,0.013,0.013,-0.12,0.0589999999999999,6
1,0,0,0,0,0,0,0,0,0,0,0,0,0,2840,54.632,1.09,1,7.4,3.576,0,1,0.724,0.013,0.013,0.0589999999999999,0.166,6
1,0,0,0,0,0,0,0,0,0,0,0,0,0,2840.5,56.835,0.924,4.1,8.45,3.555,0,1,0.711,0.013,0.014,0.166,0.136,5
1,0,0,0,0,0,0,0,0,0,0,0,0,0,2841,60.393,0.788,7.1,10.05,3.591,0,1,0.697,0.014,0.0129999999999999,0.136,0.055,5
1,0,0,0,0,0,0,0,0,0,0,0,0,0,2841.5,58.94,0.733,8.1,11.15,3.576,0,1,0.684,0.0129999999999999,0.013,0.055,-0.021,4
1,0,0,0,0,0,0,0,0,0,0,0,0,0,2842,49.719,0.754,6.1,10.75,3.669,0,1,0.671,0.013,0.013,-0.021,-0.0649999999999999,4
1,0,0,0,0,0,0,0,0,0,0,0,0,0,2842.5,41.404,0.819,3.5,9.55,3.872,0,1,0.658,0.013,0.013,-0.0649999999999999,-0.0630000000000001,6
1,0,0,0,0,0,0,0,0,0,0,0,0,0,2843,36.084,0.882,1.6,8.2,4.125,0,1,0.645,0.013,0.013,-0.0630000000000001,-0.015,9
1,0,0,0,0,0,0,0,0,0,0,0,0,0,2843.5,29.344,0.897,0.1,7.25,4.23,0,1,0.632,0.013,0.014,-0.015,0.056,9
1,0,0,0,0,0,0,0,0,0,0,0,0,0,2844,24.072,0.841,-0.6,6.8,4.302,0,1,0.618,0.014,0.013,0.056,0.108,8
1,0,0,0,0,0,0,0,0,0,0,0,0,0,2844.5,22.62,0.733,-2.5,7.65,4.348,0,1,0.605,0.013,0.013,0.108,0.136,9
1,0,0,0,0,0,0,0,0,0,0,0,0,0,2845,22.408,0.597,-3.8,9.5,4.29,0,1,0.592,0.013,0.013,0.136,0.128,8
1,0,0,0,0,0,0,0,0,0,0,0,0,0,2845.5,21.184,0.469,-2.7,11.05,4.255,0,1,0.579,0.013,0.013,0.128,0.094,8
1,0,0,0,0,0,0,0,0,0,0,0,0,0,2846,21.796,0.375,-2.3,13.35,4.213,0,1,0.566,0.013,0.0129999999999999,0.094,0.061,8
1,0,0,0,0,0,0,0,0,0,0,0,0,0,2846.5,23.925,0.314,-1.8,15.1,4.363,0,1,0.553,0.0129999999999999,0.014,0.061,0.036,8
1,0,0,0,0,0,0,0,0,0,0,0,0,0,2847,24.464,0.278,-1.3,16.15,4.495,0,1,0.539,0.014,0.013,0.036,0.021,8
1,0,0,0,0,0,0,0,0,0,0,0,0,0,2847.5,26.039,0.257,-1.9,16.55,4.602,0,1,0.526,0.013,0.013,0.021,0.01,8
1,0,0,0,0,0,0,0,0,0,0,0,0,0,2848,27.491,0.247,-2.5,16.45,4.544,0,1,0.513,0.013,0.013,0.01,-0.002,8
1,0,0,0,0,0,0,0,0,0,0,0,0,0,2848.5,28.193,0.249,-2.4,16.3,4.587,0,1,0.5,0.013,0.013,-0.002,-0.016,8
1,0,0,0,0,0,0,0,0,0,0,0,0,0,2849,28.634,0.265,-1.9,16.15,4.678,0,1,0.487,0.013,0.013,-0.016,-0.034,8
1,0,0,0,0,0,0,0,0,0,0,0,0,0,2849.5,29.809,0.299,-1,15.2,4.866,0,1,0.474,0.013,0.013,-0.034,-0.05,8
1,0,0,0,0,0,0,0,0,0,0,0,0,0,2850,31.172,0.349,-1.5,14.15,4.783,0,1,0.461,0.013,0.014,-0.05,-0.069,8
1,0,0,0,0,0,0,0,0,0,0,0,0,0,2850.5,33.448,0.418,-1.1,12.65,4.688,0,1,0.447,0.014,0.013,-0.069,-0.085,8
1,0,0,0,0,0,0,0,0,0,0,0,0,0,2851,33.514,0.503,-1.2,11.3,4.628,0,1,0.434,0.013,0.013,-0.085,-0.09,8
1,0,0,0,0,0,0,0,0,0,0,0,0,0,2851.5,35.146,0.593,-0.5,10.05,4.387,0,1,0.421,0.013,0.013,-0.09,-0.0780000000000001,6
1,0,0,0,0,0,0,0,0,0,0,0,0,0,2852,35.953,0.671,-0.7,9.45,4.291,0,1,0.408,0.013,0.013,-0.0780000000000001,-0.0579999999999999,6
1,0,0,0,0,0,0,0,0,0,0,0,0,0,2852.5,35.178,0.729,-0.6,9,4.178,0,1,0.395,0.013,0.013,-0.0579999999999999,-0.044,8
1,0,0,0,0,0,0,0,0,0,0,0,0,0,2853,36.109,0.773,0.1,8.35,4.203,0,1,0.382,0.013,0.014,-0.044,-0.0469999999999999,6
1,0,0,0,0,0,0,0,0,0,0,0,0,0,2853.5,38.769,0.82,1.3,7.55,4.262,0,1,0.368,0.014,0.013,-0.0469999999999999,-0.053,6
1,0,0,0,0,0,0,0,0,0,0,0,0,0,2854,39.511,0.873,1.3,7.05,4.387,0,1,0.355,0.013,0.013,-0.053,-0.054,6
1,0,0,0,0,0,0,0,0,0,0,0,0,0,2854.5,40.523,0.927,2.6,6.5,4.006,0,1,0.342,0.013,0.013,-0.054,-0.0369999999999999,6
1,0,0,0,0,0,0,0,0,0,0,0,0,0,2855,42.694,0.964,2.8,6.8,3.718,0,1,0.329,0.013,0.013,-0.0369999999999999,0.005,6
1,0,0,0,0,0,0,0,0,0,0,0,0,0,2855.5,45.297,0.959,3,7.3,3.594,0,1,0.316,0.013,0.013,0.005,0.0439999999999999,6
1,0,0,0,0,0,0,0,0,0,0,0,0,0,2856,48.145,0.915,3.8,8.2,3.46,0,1,0.303,0.013,0.014,0.0439999999999999,0.053,6
1,0,0,0,0,0,0,0,0,0,0,0,0,0,2856.5,51.041,0.862,5.9,8.75,3.333,0,1,0.289,0.014,0.013,0.053,0.037,6
1,0,0,0,0,0,0,0,0,0,0,0,0,0,2857,56.125,0.825,7.4,9.3,3.336,0,1,0.276,0.013,0.013,0.037,0.0179999999999999,6
1,0,0,0,0,0,0,0,0,0,0,0,0,0,2857.5,62.205,0.807,6.4,9.9,3.362,0,1,0.263,0.013,0.013,0.0179999999999999,0.013,4
1,0,0,0,0,0,0,0,0,0,0,0,0,0,2858,64.865,0.794,4.7,10.25,3.244,0,1,0.25,0.013,0.013,0.013,0.023,4
1,0,0,0,0,0,0,0,0,0,0,0,0,0,2858.5,68.186,0.771,4.1,10.25,3.174,0,1,0.237,0.013,0.013,0.023,0.028,4
1,0,0,0,0,0,0,0,0,0,0,0,0,0,2859,72.421,0.743,4.1,10.55,3.174,0,1,0.224,0.013,0.013,0.028,0.013,4
1,0,0,0,0,0,0,0,0,0,0,0,0,0,2859.5,74.322,0.73,4.5,10.65,3.187,0,1,0.211,0.013,0.014,0.013,-0.018,4
1,0,0,0,0,0,0,0,0,0,0,0,0,0,2860,72.543,0.748,4.1,10.35,3.359,0,1,0.197,0.014,0.013,-0.018,-0.0659999999999999,4
1,0,0,0,0,0,0,0,0,0,0,0,0,0,2860.5,65.672,0.814,3.5,9.05,3.618,0,1,0.184,0.013,0.013,-0.0659999999999999,-0.137,4
1,0,0,0,0,0,0,0,0,0,0,0,0,0,2861,57.153,0.951,1.7,6.75,3.902,0,1,0.171,0.013,0.013,-0.137,-0.197,6
1,0,0,0,0,0,0,0,0,0,0,0,0,0,2861.5,46.056,1.148,0.1,4.55,4.221,0,1,0.158,0.013,0.013,-0.197,-0.176,6
1,0,0,0,0,0,0,0,0,0,0,0,0,0,2862,37.961,1.324,0,3.3,4.561,0,1,0.145,0.013,0.013,-0.176,-0.0779999999999998,6
1,0,0,0,0,0,0,0,0,0,0,0,0,0,2862.5,33.579,1.402,-0.2,2.8,4.799,0,1,0.132,0.013,0.014,-0.0779999999999998,-0.0370000000000001,8
1,0,0,0,0,0,0,0,0,0,0,0,0,0,2863,31.212,1.439,-0.4,2.7,4.874,0,1,0.118,0.014,0.013,-0.0370000000000001,-0.0469999999999999,8
1,0,0,0,0,0,0,0,0,0,0,0,0,0,2863.5,30.176,1.486,-0.5,2.55,4.787,0,1,0.105,0.013,0.013,-0.0469999999999999,-0.0209999999999999,8
1,0,0,0,0,0,0,0,0,0,0,0,0,0,2864,29.858,1.507,-0.7,2.75,4.622,0,1,0.092,0.013,0.013,-0.0209999999999999,0.0739999999999998,8
1,0,0,0,0,0,0,0,0,0,0,0,0,0,2864.5,29.923,1.433,-0.6,3.3,4.375,0,1,0.079,0.013,0.013,0.0739999999999998,0.154,8
1,0,0,0,0,0,0,0,0,0,0,0,0,0,2865,34.428,1.279,0,4,4.115,0,1,0.066,0.013,0.013,0.154,0.145,8
1,0,0,0,0,0,0,0,0,0,0,0,0,0,2865.5,39.935,1.134,0.8,4.6,3.979,0,1,0.053,0.013,0,0.145,0,8
1,0,0,0,0,0,0,0,0,0,0,0,0,0,2866,39.935,1.134,0.8,4.6,3.979,0,1,0.053,0,0.014,0,0.0839999999999999,8
1,0,0,0,0,0,0,0,0,0,0,0,0,0,2866.5,46.823,1.05,1.3,5.15,3.727,0,1,0.039,0.014,0.013,0.0839999999999999,0.04,8
1,0,0,0,0,0,0,0,0,0,0,0,0,0,2867,57.969,1.01,2,5.2,3.537,0,1,0.026,0.013,0.013,0.04,0.056,8
1,0,0,0,0,0,0,0,0,0,0,0,0,0,2867.5,71.246,0.954,2.3,5.65,3.482,0,1,0.013,0.013,-0.987,0.056,0.111,8
0,0,0,1,0,0,0,0,0,0,0,0,0,0,2868,82.548,0.843,3.2,7.2,3.532,1,0,1,-0.987,0.032,0.111,0.125,3
0,0,0,1,0,0,0,0,0,0,0,0,0,0,2868.5,92.119,0.718,4.9,8.95,3.484,1,0,0.968,0.032,0.0329999999999999,0.125,0.083,3
0,0,0,1,0,0,0,0,0,0,0,0,0,0,2869,93.564,0.635,7,11.1,3.402,1,0,0.935,0.0329999999999999,0.032,0.083,0.02,3
0,0,0,1,0,0,0,0,0,0,0,0,0,0,2869.5,86.26,0.615,9,11.9,3.486,1,0,0.903,0.032,0.032,0.02,-0.022,3
0,0,0,1,0,0,0,0,0,0,0,0,0,0,2870,77.097,0.637,9.5,11.25,3.56,1,0,0.871,0.032,0.032,-0.022,-0.014,3
0,0,0,1,0,0,0,0,0,0,0,0,0,0,2870.5,67.68,0.651,9.2,10.7,3.473,1,0,0.839,0.032,0.0329999999999999,-0.014,0.012,2
0,0,0,1,0,0,0,0,0,0,0,0,0,0,2871,64.049,0.639,8.5,10.65,3.401,1,0,0.806,0.0329999999999999,0.032,0.012,0.018,2
0,0,0,1,0,0,0,0,0,0,0,0,0,0,2871.5,67.566,0.621,7.5,11.45,3.307,1,0,0.774,0.032,0.032,0.018,0.017,3
0,0,0,1,0,0,0,0,0,0,0,0,0,0,2872,69.728,0.604,7.1,12.45,3.28,1,0,0.742,0.032,0.032,0.017,0.022,3
0,0,0,1,0,0,0,0,0,0,0,0,0,0,2872.5,67.966,0.582,8.3,13.45,3.253,1,0,0.71,0.032,0.0329999999999999,0.022,0.017,3
0,0,0,1,0,0,0,0,0,0,0,0,0,0,2873,65.803,0.565,9.6,13.5,3.284,1,0,0.677,0.0329999999999999,0.032,0.017,-0.01,2
0,0,0,1,0,0,0,0,0,0,0,0,0,0,2873.5,62.351,0.575,10.1,11.85,3.405,1,0,0.645,0.032,0.032,-0.01,-0.046,2
0,0,0,1,0,0,0,0,0,0,0,0,0,0,2874,59.512,0.621,10.1,9.65,3.504,1,0,0.613,0.032,0.032,-0.046,-0.07,2
0,0,0,1,0,0,0,0,0,0,0,0,0,0,2874.5,61.176,0.691,9.9,8.15,3.587,1,0,0.581,0.032,0.0329999999999999,-0.07,-0.0600000000000001,3
0,0,0,1,0,0,0,0,0,0,0,0,0,0,2875,65.754,0.751,9.6,7.7,3.605,1,0,0.548,0.0329999999999999,0.032,-0.0600000000000001,-0.017,2
0,0,0,1,0,0,0,0,0,0,0,0,0,0,2875.5,66.66,0.768,9,8.2,3.505,1,0,0.516,0.032,0.032,-0.017,0.026,2
0,0,0,1,0,0,0,0,0,0,0,0,0,0,2876,64.604,0.742,8,8.9,3.411,1,0,0.484,0.032,0.032,0.026,0.046,2
0,0,0,1,0,0,0,0,0,0,0,0,0,0,2876.5,61.699,0.696,7,9.2,3.319,1,0,0.452,0.032,0.033,0.046,0.0389999999999999,3
0,0,0,1,0,0,0,0,0,0,0,0,0,0,2877,58.353,0.657,5.6,9.3,3.265,1,0,0.419,0.033,0.032,0.0389999999999999,0.017,2
0,0,0,1,0,0,0,0,0,0,0,0,0,0,2877.5,55.929,0.64,4.2,9.2,3.167,1,0,0.387,0.032,0.032,0.017,0,2
0,0,0,1,0,0,0,0,0,0,0,0,0,0,2878,57.414,0.64,4,9.1,3.181,1,0,0.355,0.032,0.032,0,0,2
0,0,0,1,0,0,0,0,0,0,0,0,0,0,2878.5,60.393,0.64,3.8,9.3,3.133,1,0,0.323,0.032,0.033,0,0.004,2
0,0,0,1,0,0,0,0,0,0,0,0,0,0,2879,65.901,0.636,4.2,9.9,3.163,1,0,0.29,0.033,0.032,0.004,0.001,2
0,0,0,1,0,0,0,0,0,0,0,0,0,0,2879.5,71.385,0.635,5.8,10.8,3.131,1,0,0.258,0.032,0.032,0.001,0.01,2
0,0,0,1,0,0,0,0,0,0,0,0,0,0,2880,75.816,0.625,4.9,13.55,2.997,1,0,0.226,0.032,0.032,0.01,0.038,2
0,0,0,1,0,0,0,0,0,0,0,0,0,0,2880.5,75.334,0.587,5.6,15.9,2.938,1,0,0.194,0.032,0.065,0.038,0.0289999999999999,2
0,0,0,1,0,0,0,0,0,0,0,0,0,0,2881,72.69,0.558,4.8,18.5,2.969,1,0,0.129,0.065,0.032,0.0289999999999999,0,3
0,0,0,1,0,0,0,0,0,0,0,0,0,0,2881.5,68.635,0.558,6.9,19.45,3.104,1,0,0.097,0.032,0.032,0,0.038,2
0,0,0,1,0,0,0,0,0,0,0,0,0,0,2882,60.695,0.52,7.5,21.25,3.147,1,0,0.065,0.032,0.033,0.038,0.019,2
0,0,0,1,0,0,0,0,0,0,0,0,0,0,2882.5,51.645,0.501,5.6,18.1,3.354,1,0,0.032,0.033,-0.968,0.019,-0.047,2
0,0,1,0,0,0,0,0,0,0,0,0,0,0,2883,41.918,0.548,7,10.9,3.764,0,1,1,-0.968,0.032,-0.047,-0.085,5
0,0,1,0,0,0,0,0,0,0,0,0,0,0,2883.5,32.991,0.633,7.7,6.35,4.109,0,1,0.968,0.032,0.0329999999999999,-0.085,-0.072,5
0,0,1,0,0,0,0,0,0,0,0,0,0,0,2884,28.258,0.705,5,6.1,4.154,0,1,0.935,0.0329999999999999,0.032,-0.072,-0.0640000000000001,8
0,0,1,0,0,0,0,0,0,0,0,0,0,0,2884.5,26.635,0.769,4.1,5.35,4.321,0,1,0.903,0.032,0.032,-0.0640000000000001,-0.078,6
0,0,1,0,0,0,0,0,0,0,0,0,0,0,2885,25.541,0.847,3.6,4.8,4.476,0,1,0.871,0.032,0.032,-0.078,-0.101,6
0,0,1,0,0,0,0,0,0,0,0,0,0,0,2885.5,23.795,0.948,2.3,4.45,4.565,0,1,0.839,0.032,0.0329999999999999,-0.101,-0.113,8
0,0,1,0,0,0,0,0,0,0,0,0,0,0,2886,20.719,1.061,2.2,3.5,4.615,0,1,0.806,0.0329999999999999,0.032,-0.113,-0.0780000000000001,8
0,0,1,0,0,0,0,0,0,0,0,0,0,0,2886.5,18.499,1.139,2.4,3.2,4.696,0,1,0.774,0.032,0.032,-0.0780000000000001,0.0209999999999999,8
0,0,1,0,0,0,0,0,0,0,0,0,0,0,2887,19.446,1.118,1.5,4.65,4.668,0,1,0.742,0.032,0.032,0.0209999999999999,0.0990000000000002,8
0,0,1,0,0,0,0,0,0,0,0,0,0,0,2887.5,21.388,1.019,1,7.1,4.579,0,1,0.71,0.032,0.0329999999999999,0.0990000000000002,0.111,8
0,0,1,0,0,0,0,0,0,0,0,0,0,0,2888,24.178,0.908,1.2,9.2,4.292,0,1,0.677,0.0329999999999999,0.032,0.111,0.096,8
0,0,1,0,0,0,0,0,0,0,0,0,0,0,2888.5,27.638,0.812,0,11.1,4.046,0,1,0.645,0.032,0.032,0.096,0.0880000000000001,8
0,0,1,0,0,0,0,0,0,0,0,0,0,0,2889,31.669,0.724,0.9,11.45,3.822,0,1,0.613,0.032,0.032,0.0880000000000001,0.097,8
0,0,1,0,0,0,0,0,0,0,0,0,0,0,2889.5,39.389,0.627,3.4,11.2,3.629,0,1,0.581,0.032,0.0329999999999999,0.097,0.092,7
0,0,1,0,0,0,0,0,0,0,0,0,0,0,2890,49.385,0.535,6.4,11.5,3.517,0,1,0.548,0.0329999999999999,0.032,0.092,0.047,7
0,0,1,0,0,0,0,0,0,0,0,0,0,0,2890.5,58.516,0.488,9,11.4,3.474,0,1,0.516,0.032,0.032,0.047,-0.023,6
0,0,1,0,0,0,0,0,0,0,0,0,0,0,2891,66.619,0.511,9.2,10.8,3.613,0,1,0.484,0.032,0.032,-0.023,-0.091,6
0,0,1,0,0,0,0,0,0,0,0,0,0,0,2891.5,67.296,0.602,6.4,9.5,3.862,0,1,0.452,0.032,0.033,-0.091,-0.143,5
0,0,1,0,0,0,0,0,0,0,0,0,0,0,2892,57.798,0.745,3.7,8.25,4.052,0,1,0.419,0.033,0.032,-0.143,-0.167,5
0,0,1,0,0,0,0,0,0,0,0,0,0,0,2892.5,48.169,0.912,1.1,7.45,4.241,0,1,0.387,0.032,0.032,-0.167,-0.133,6
0,0,1,0,0,0,0,0,0,0,0,0,0,0,2893,41.437,1.045,0.4,6.3,4.476,0,1,0.355,0.032,0.032,-0.133,-0.0720000000000001,6
0,0,1,0,0,0,0,0,0,0,0,0,0,0,2893.5,39.348,1.117,0.1,5.35,4.712,0,1,0.323,0.032,0.033,-0.0720000000000001,-0.0269999999999999,6
0,0,1,0,0,0,0,0,0,0,0,0,0,0,2894,49.312,1.144,1,4.5,4.56,0,1,0.29,0.033,0.032,-0.0269999999999999,0.00099999999999989,6
0,0,1,0,0,0,0,0,0,0,0,0,0,0,2894.5,61.984,1.143,0.7,4.85,4.605,0,1,0.258,0.032,0.032,0.00099999999999989,0.0209999999999999,6
0,0,1,0,0,0,0,0,0,0,0,0,0,0,2895,73.506,1.122,0.9,5.75,4.574,0,1,0.226,0.032,0.032,0.0209999999999999,0.0270000000000001,8
0,0,1,0,0,0,0,0,0,0,0,0,0,0,2895.5,74.208,1.095,0.3,6.85,4.478,0,1,0.194,0.032,0.033,0.0270000000000001,0.0229999999999999,8
0,0,1,0,0,0,0,0,0,0,0,0,0,0,2896,67.819,1.072,-0.7,7.55,4.444,0,1,0.161,0.033,0.032,0.0229999999999999,0.0150000000000001,8
0,0,1,0,0,0,0,0,0,0,0,0,0,0,2896.5,61.625,1.057,-1.2,7.4,4.439,0,1,0.129,0.032,0,0.0150000000000001,0,8
0,0,1,0,0,0,0,0,0,0,0,0,0,0,2897,61.625,1.057,-1.2,7.4,4.439,0,1,0.129,0,0.032,0,0.016,8
0,0,1,0,0,0,0,0,0,0,0,0,0,0,2897.5,55.481,1.041,-0.9,6.55,4.335,0,1,0.097,0.032,0.032,0.016,0.0609999999999999,8
0,0,1,0,0,0,0,0,0,0,0,0,0,0,2898,57.251,0.98,-0.1,5.75,3.907,0,1,0.065,0.032,0.033,0.0609999999999999,0.14,8
0,0,1,0,0,0,0,0,0,0,0,0,0,0,2898.5,67.28,0.84,-0.6,7.1,3.58,0,1,0.032,0.033,-0.968,0.14,0.154,8
0,0,0,0,0,1,0,0,0,0,0,0,0,0,2899,76.02,0.686,0.7,9.45,3.23,1,0,1,-0.968,0.053,0.154,0.0830000000000001,3
0,0,0,0,0,1,0,0,0,0,0,0,0,0,2899.5,84.457,0.603,2.5,12.45,2.967,1,0,0.947,0.053,0.0519999999999999,0.0830000000000001,0.00800000000000001,2
0,0,0,0,0,1,0,0,0,0,0,0,0,0,2900,89.019,0.595,4.6,14.9,2.794,1,0,0.895,0.0519999999999999,0.053,0.00800000000000001,0.004,2
0,0,0,0,0,1,0,0,0,0,0,0,0,0,2900.5,89.933,0.591,3.9,18.55,2.789,1,0,0.842,0.053,0.0529999999999999,0.004,0.0519999999999999,3
0,0,0,0,0,1,0,0,0,0,0,0,0,0,2901,89.386,0.539,4.5,22.55,2.861,1,0,0.789,0.0529999999999999,0.052,0.0519999999999999,0.0600000000000001,3
0,0,0,0,0,1,0,0,0,0,0,0,0,0,2901.5,89.427,0.479,6.2,25.4,2.935,1,0,0.737,0.052,0.0529999999999999,0.0600000000000001,0.018,3
0,0,0,0,0,1,0,0,0,0,0,0,0,0,2902,87.517,0.461,7.6,24.4,3.128,1,0,0.684,0.0529999999999999,0.052,0.018,-0.024,3
0,0,0,0,0,1,0,0,0,0,0,0,0,0,2902.5,83.747,0.485,8.7,23.15,3.284,1,0,0.632,0.052,0.053,-0.024,-0.056,3
0,0,0,0,0,1,0,0,0,0,0,0,0,0,2903,78.304,0.541,6.1,21.25,3.332,1,0,0.579,0.053,0.0529999999999999,-0.056,-0.094,3
0,0,0,0,0,1,0,0,0,0,0,0,0,0,2903.5,71.858,0.635,8.5,15.95,3.485,1,0,0.526,0.0529999999999999,0.052,-0.094,-0.102,2
0,0,0,0,0,1,0,0,0,0,0,0,0,0,2904,64.701,0.737,5,15.7,3.471,1,0,0.474,0.052,0.053,-0.102,-0.015,2
0,0,0,0,0,1,0,0,0,0,0,0,0,0,2904.5,64.293,0.752,1.7,17.15,3.45,1,0,0.421,0.053,0.053,-0.015,0.0659999999999999,2
0,0,0,0,0,1,0,0,0,0,0,0,0,0,2905,67.158,0.686,-0.3,19.95,3.276,1,0,0.368,0.053,0.052,0.0659999999999999,0.055,2
0,0,0,0,0,1,0,0,0,0,0,0,0,0,2905.5,72.478,0.631,0.2,20.4,3.171,1,0,0.316,0.052,0.105,0.055,0.017,2
0,0,0,0,0,1,0,0,0,0,0,0,0,0,2906,78.068,0.614,5,18.1,3.252,1,0,0.211,0.105,0.053,0.017,0.022,2
0,0,0,0,0,1,0,0,0,0,0,0,0,0,2906.5,73.008,0.592,2.4,20.1,3.175,1,0,0.158,0.053,0.053,0.022,0.0489999999999999,2
0,0,0,0,0,1,0,0,0,0,0,0,0,0,2907,64.644,0.543,1.7,22.35,3.302,1,0,0.105,0.053,0.052,0.0489999999999999,0.005,3
0,0,0,0,0,1,0,0,0,0,0,0,0,0,2907.5,49.801,0.538,0,20.8,3.551,1,0,0.053,0.052,-0.947,0.005,-0.09,3
0,0,0,0,1,0,0,0,0,0,0,0,0,0,2908,35.937,0.628,-2.8,16.8,3.96,0,1,1,-0.947,0.037,-0.09,-0.115,8
0,0,0,0,1,0,0,0,0,0,0,0,0,0,2908.5,24.203,0.743,-0.3,12.35,4.454,0,1,0.963,0.037,0.0369999999999999,-0.115,-0.034,8
0,0,0,0,1,0,0,0,0,0,0,0,0,0,2909,15.986,0.777,-0.2,11.5,4.657,0,1,0.926,0.0369999999999999,0.037,-0.034,0.004,8
0,0,0,0,1,0,0,0,0,0,0,0,0,0,2909.5,12.036,0.773,-0.5,10.55,4.594,0,1,0.889,0.037,0.037,0.004,-0.014,8
0,0,0,0,1,0,0,0,0,0,0,0,0,0,2910,12.746,0.787,-1.2,9.2,4.437,0,1,0.852,0.037,0.037,-0.014,-0.022,8
0,0,0,0,1,0,0,0,0,0,0,0,0,0,2910.5,14.843,0.809,-1.6,7.7,4.351,0,1,0.815,0.037,0.0369999999999999,-0.022,0.003,8
0,0,0,0,1,0,0,0,0,0,0,0,0,0,2911,17.087,0.806,-1,6.8,4.242,0,1,0.778,0.0369999999999999,0.037,0.003,0.041,8
0,0,0,0,1,0,0,0,0,0,0,0,0,0,2911.5,17.977,0.765,0.3,6.45,4.105,0,1,0.741,0.037,0.037,0.041,0.0640000000000001,8
0,0,0,0,1,0,0,0,0,0,0,0,0,0,2912,18.834,0.701,-0.1,7.15,4.279,0,1,0.704,0.037,0.0369999999999999,0.0640000000000001,0.0569999999999999,8
0,0,0,0,1,0,0,0,0,0,0,0,0,0,2912.5,19.258,0.644,0.4,7.4,4.669,0,1,0.667,0.0369999999999999,0.037,0.0569999999999999,0.034,8
0,0,0,0,1,0,0,0,0,0,0,0,0,0,2913,19.062,0.61,0.6,7.8,5.19,0,1,0.63,0.037,0.037,0.034,0.01,9
0,0,0,0,1,0,0,0,0,0,0,0,0,0,2913.5,18.638,0.6,1.8,7.6,5.527,0,1,0.593,0.037,0.0369999999999999,0.01,0.002,9
0,0,0,0,1,0,0,0,0,0,0,0,0,0,2914,19.462,0.598,3.4,6.8,6.321,0,1,0.556,0.0369999999999999,0.037,0.002,0.017,9
0,0,0,0,1,0,0,0,0,0,0,0,0,0,2914.5,19.552,0.581,3.1,6.95,6.16,0,1,0.519,0.037,0.038,0.017,0.0519999999999999,9
0,0,0,0,1,0,0,0,0,0,0,0,0,0,2915,20.653,0.529,0.9,8.65,5.865,0,1,0.481,0.038,0.037,0.0519999999999999,0.079,9
0,0,0,0,1,0,0,0,0,0,0,0,0,0,2915.5,23.371,0.45,-1,11.3,5.315,0,1,0.444,0.037,0.037,0.079,0.059,9
0,0,0,0,1,0,0,0,0,0,0,0,0,0,2916,25.468,0.391,-1.3,13.75,4.918,0,1,0.407,0.037,0.037,0.059,0.014,8
0,0,0,0,1,0,0,0,0,0,0,0,0,0,2916.5,26.292,0.377,-2.3,14.85,4.521,0,1,0.37,0.037,0.037,0.014,-0.034,8
0,0,0,0,1,0,0,0,0,0,0,0,0,0,2917,27.736,0.411,-3.6,14.1,4.443,0,1,0.333,0.037,0.037,-0.034,-0.071,8
0,0,0,0,1,0,0,0,0,0,0,0,0,0,2917.5,29.784,0.482,-3.1,11.85,4.347,0,1,0.296,0.037,0.037,-0.071,-0.096,8
0,0,0,0,1,0,0,0,0,0,0,0,0,0,2918,31.041,0.578,-2.2,9.4,4.416,0,1,0.259,0.037,0.037,-0.096,-0.105,6
0,0,0,0,1,0,0,0,0,0,0,0,0,0,2918.5,30.837,0.683,-0.4,7.4,4.394,0,1,0.222,0.037,0.037,-0.105,-0.124,6
0,0,0,0,1,0,0,0,0,0,0,0,0,0,2919,32.64,0.807,1,5.6,4.343,0,1,0.185,0.037,0.037,-0.124,-0.135,6
0,0,0,0,1,0,0,0,0,0,0,0,0,0,2919.5,33.571,0.942,1.6,4.5,4.086,0,1,0.148,0.037,0.037,-0.135,-0.0609999999999999,6
0,0,0,0,1,0,0,0,0,0,0,0,0,0,2920,39.56,1.003,1.9,4.55,3.811,0,1,0.111,0.037,0.037,-0.0609999999999999,0.0719999999999998,6
0,0,0,0,1,0,0,0,0,0,0,0,0,0,2920.5,47.475,0.931,1.5,6.15,3.625,0,1,0.074,0.037,0.037,0.0719999999999998,0.11,6
0,0,0,0,1,0,0,0,0,0,0,0,0,0,2921,56.443,0.821,2.3,8.05,3.393,0,1,0.037,0.037,-0.963,0.11,0.07,6
0,0,0,0,0,0,0,1,0,0,0,0,0,0,2921.5,64.799,0.751,3.4,9.6,3.12,1,0,1,-0.963,0.05,0.07,0.04,3
0,0,0,0,0,0,0,1,0,0,0,0,0,0,2922,69.72,0.711,3,12.4,3.03,1,0,0.95,0.05,0.0499999999999999,0.04,0.074,1
0,0,0,0,0,0,0,1,0,0,0,0,0,0,2922.5,72.511,0.637,3.5,16.35,2.984,1,0,0.9,0.0499999999999999,0.05,0.074,0.112,1
0,0,0,0,0,0,0,1,0,0,0,0,0,0,2923,74.698,0.525,5.4,20.8,2.915,1,0,0.85,0.05,0,0.112,0,3
0,0,0,0,0,0,0,1,0,0,0,0,0,0,2923.5,74.698,0.525,5.4,20.8,2.915,1,0,0.85,0,0.0499999999999999,0,0.067,3
0,0,0,0,0,0,0,1,0,0,0,0,0,0,2924,73.425,0.458,5.2,21.6,2.92,1,0,0.8,0.0499999999999999,0.05,0.067,-0.028,3
0,0,0,0,0,0,0,1,0,0,0,0,0,0,2924.5,71.328,0.486,3.1,17.35,2.995,1,0,0.75,0.05,0.05,-0.028,-0.101,1
0,0,0,0,0,0,0,1,0,0,0,0,0,0,2925,68.937,0.587,4.1,13.25,3.122,1,0,0.7,0.05,0.0499999999999999,-0.101,-0.0840000000000001,2
0,0,0,0,0,0,0,1,0,0,0,0,0,0,2925.5,66.562,0.671,1.3,13.25,3.243,1,0,0.65,0.0499999999999999,0.05,-0.0840000000000001,0.00800000000000001,2
0,0,0,0,0,0,0,1,0,0,0,0,0,0,2926,64.636,0.663,3.2,13.3,3.324,1,0,0.6,0.05,0.0499999999999999,0.00800000000000001,0.038,2
0,0,0,0,0,0,0,1,0,0,0,0,0,0,2926.5,66.619,0.625,4,13.6,3.33,1,0,0.55,0.0499999999999999,0,0.038,0,2
0,0,0,0,0,0,0,1,0,0,0,0,0,0,2927,66.619,0.625,4,13.6,3.33,1,0,0.55,0,0.05,0,-0.01,2
0,0,0,0,0,0,0,1,0,0,0,0,0,0,2927.5,65.624,0.635,3.2,12.4,3.309,1,0,0.5,0.05,0.05,-0.01,-0.045,2
0,0,0,0,0,0,0,1,0,0,0,0,0,0,2928,65.322,0.68,3.3,9.65,3.315,1,0,0.45,0.05,0.05,-0.045,-0.0269999999999999,2
0,0,0,0,0,0,0,1,0,0,0,0,0,0,2928.5,67.035,0.707,2.4,8.6,3.232,1,0,0.4,0.05,0.05,-0.0269999999999999,0.014,2
0,0,0,0,0,0,0,1,0,0,0,0,0,0,2929,68.194,0.693,3,8.8,3.157,1,0,0.35,0.05,0.05,0.014,0.0469999999999999,2
0,0,0,0,0,0,0,1,0,0,0,0,0,0,2929.5,69.149,0.646,3,10.4,3.034,1,0,0.3,0.05,0.05,0.0469999999999999,0.0580000000000001,2
0,0,0,0,0,0,0,1,0,0,0,0,0,0,2930,72.201,0.588,3.2,13.2,3.052,1,0,0.25,0.05,0.05,0.0580000000000001,0.0459999999999999,2
0,0,0,0,0,0,0,1,0,0,0,0,0,0,2930.5,73.776,0.542,4.4,16,3.132,1,0,0.2,0.05,0.05,0.0459999999999999,0.017,3
0,0,0,0,0,0,0,1,0,0,0,0,0,0,2931,72.609,0.525,5.5,17.55,3.31,1,0,0.15,0.05,0.05,0.017,-0.025,3
0,0,0,0,0,0,0,1,0,0,0,0,0,0,2931.5,66.864,0.55,5.3,16.55,3.625,1,0,0.1,0.05,0.05,-0.025,-0.07,3
0,0,0,0,0,0,0,1,0,0,0,0,0,0,2932,53.702,0.62,5.7,13.75,4.003,1,0,0.05,0.05,-0.95,-0.07,-0.093,3
0,0,0,0,0,0,1,0,0,0,0,0,0,0,2932.5,40.474,0.713,4.7,11.15,4.278,0,1,1,-0.95,0.1,-0.093,-0.0610000000000001,8
0,0,0,0,0,0,1,0,0,0,0,0,0,0,2933,28.12,0.774,2.2,10.5,4.537,0,1,0.9,0.1,0.1,-0.0610000000000001,0.005,8
0,0,0,0,0,0,1,0,0,0,0,0,0,0,2933.5,20.213,0.769,-1.1,10.95,4.682,0,1,0.8,0.1,0.1,0.005,0.037,8
0,0,0,0,0,0,1,0,0,0,0,0,0,0,2934,19.193,0.732,-1,11.1,4.546,0,1,0.7,0.1,0.1,0.037,0.033,8
0,0,0,0,0,0,1,0,0,0,0,0,0,0,2934.5,20.449,0.699,-0.7,10.65,4.386,0,1,0.6,0.1,0.1,0.033,0.0199999999999999,8
0,0,0,0,0,0,1,0,0,0,0,0,0,0,2935,21.355,0.679,-0.1,9.95,4.28,0,1,0.5,0.1,0.1,0.0199999999999999,0.011,8
0,0,0,0,0,0,1,0,0,0,0,0,0,0,2935.5,21.641,0.668,1.3,8.95,4.221,0,1,0.4,0.1,0.1,0.011,0.015,8
0,0,0,0,0,0,1,0,0,0,0,0,0,0,2936,24.203,0.653,2.6,8.3,4.099,0,1,0.3,0.1,0.1,0.015,0.04,8
0,0,0,0,0,0,1,0,0,0,0,0,0,0,2936.5,34.574,0.613,2.4,9,3.66,0,1,0.2,0.1,0.1,0.04,0.0649999999999999,8
0,0,0,0,0,0,1,0,0,0,0,0,0,0,2937,45.231,0.548,2.3,10.45,3.496,0,1,0.1,0.1,-0.9,0.0649999999999999,0.05,5
0,0,0,0,0,0,0,0,0,1,0,0,0,0,2937.5,56.427,0.498,2.9,11.35,3.338,1,0,1,-0.9,0.056,0.05,-0.00600000000000001,2
0,0,0,0,0,0,0,0,0,1,0,0,0,0,2938,67.06,0.504,1.7,11.65,3.135,1,0,0.944,0.056,0.0549999999999999,-0.00600000000000001,-0.054,2
0,0,0,0,0,0,0,0,0,1,0,0,0,0,2938.5,70.838,0.558,2,10.8,3.012,1,0,0.889,0.0549999999999999,0.056,-0.054,-0.0539999999999999,2
0,0,0,0,0,0,0,0,0,1,0,0,0,0,2939,69.932,0.612,3.3,10.05,3.066,1,0,0.833,0.056,0.0549999999999999,-0.0539999999999999,-0.021,2
0,0,0,0,0,0,0,0,0,1,0,0,0,0,2939.5,74.526,0.633,4.1,10.25,3.109,1,0,0.778,0.0549999999999999,0.056,-0.021,0.00700000000000001,2
0,0,0,0,0,0,0,0,0,1,0,0,0,0,2940,77.611,0.626,5,11,3.063,1,0,0.722,0.056,0.0549999999999999,0.00700000000000001,0.021,2
0,0,0,0,0,0,0,0,0,1,0,0,0,0,2940.5,78.59,0.605,5.9,11.55,3.092,1,0,0.667,0.0549999999999999,0.056,0.021,0.014,2
0,0,0,0,0,0,0,0,0,1,0,0,0,0,2941,76.729,0.591,5.7,11.95,3.051,1,0,0.611,0.056,0.0549999999999999,0.014,-0.017,2
0,0,0,0,0,0,0,0,0,1,0,0,0,0,2941.5,74.11,0.608,3.7,10.95,3.07,1,0,0.556,0.0549999999999999,0.056,-0.017,-0.045,2
0,0,0,0,0,0,0,0,0,1,0,0,0,0,2942,66.407,0.653,2.2,9.6,2.997,1,0,0.5,0.056,0.056,-0.045,-0.0399999999999999,2
0,0,0,0,0,0,0,0,0,1,0,0,0,0,2942.5,64.081,0.693,1.4,8.6,3.093,1,0,0.444,0.056,0.055,-0.0399999999999999,-0.012,2
0,0,0,0,0,0,0,0,0,1,0,0,0,0,2943,65.885,0.705,0.9,8.55,3.106,1,0,0.389,0.055,0.056,-0.012,0.00900000000000001,2
0,0,0,0,0,0,0,0,0,1,0,0,0,0,2943.5,70.299,0.696,1.4,9,3.085,1,0,0.333,0.056,0,0.00900000000000001,0,2
0,0,0,0,0,0,0,0,0,1,0,0,0,0,2944,70.299,0.696,1.4,9,3.085,1,0,0.333,0,0.055,0,0.0189999999999999,2
0,0,0,0,0,0,0,0,0,1,0,0,0,0,2944.5,74.551,0.677,3.1,9.65,3.066,1,0,0.278,0.055,0.056,0.0189999999999999,0.034,2
0,0,0,0,0,0,0,0,0,1,0,0,0,0,2945,79.659,0.643,3.4,12.5,2.902,1,0,0.222,0.056,0.055,0.034,0.0700000000000001,2
0,0,0,0,0,0,0,0,0,1,0,0,0,0,2945.5,80.402,0.573,-2.8,19.3,2.982,1,0,0.167,0.055,0.056,0.0700000000000001,0.09,3
0,0,0,0,0,0,0,0,0,1,0,0,0,0,2946,74.649,0.483,-0.5,23.95,3.14,1,0,0.111,0.056,0.055,0.09,0.022,3
0,0,0,0,0,0,0,0,0,1,0,0,0,0,2946.5,63.429,0.461,0.2,24.2,3.394,1,0,0.056,0.055,-0.944,0.022,-0.137,3
0,0,0,0,0,0,0,0,1,0,0,0,0,0,2947,47.916,0.598,-7.6,18.9,3.762,0,1,1,-0.944,0.071,-0.137,-0.314,8
0,0,0,0,0,0,0,0,1,0,0,0,0,0,2947.5,32.469,0.912,-1.4,9.8,4.314,0,1,0.929,0.071,0.0720000000000001,-0.314,-0.31,8
0,0,0,0,0,0,0,0,1,0,0,0,0,0,2948,20.718,1.222,-2.9,7.85,4.863,0,1,0.857,0.0720000000000001,0.071,-0.31,-0.0110000000000001,8
0,0,0,0,0,0,0,0,1,0,0,0,0,0,2948.5,15.015,1.233,-1.6,6.4,4.813,0,1,0.786,0.071,0.0720000000000001,-0.0110000000000001,0.149,8
0,0,0,0,0,0,0,0,1,0,0,0,0,0,2949,14.084,1.084,-1.1,6.55,4.644,0,1,0.714,0.0720000000000001,0.071,0.149,0.122,8
0,0,0,0,0,0,0,0,1,0,0,0,0,0,2949.5,15.937,0.962,-0.4,7.4,4.634,0,1,0.643,0.071,0.0720000000000001,0.122,0.0609999999999999,8
0,0,0,0,0,0,0,0,1,0,0,0,0,0,2950,19.348,0.901,-1,7.9,4.545,0,1,0.571,0.0720000000000001,0.071,0.0609999999999999,-0.005,8
0,0,0,0,0,0,0,0,1,0,0,0,0,0,2950.5,21.469,0.906,-1.1,6.75,4.576,0,1,0.5,0.071,0.071,-0.005,-0.0629999999999999,8
0,0,0,0,0,0,0,0,1,0,0,0,0,0,2951,22.587,0.969,-1.4,5.5,4.527,0,1,0.429,0.071,0.072,-0.0629999999999999,-0.11,8
0,0,0,0,0,0,0,0,1,0,0,0,0,0,2951.5,25.721,1.079,-0.9,4.45,4.512,0,1,0.357,0.072,0.071,-0.11,-0.121,6
0,0,0,0,0,0,0,0,1,0,0,0,0,0,2952,29.45,1.2,0,4,4.437,0,1,0.286,0.071,0.072,-0.121,0.0309999999999999,8
0,0,0,0,0,0,0,0,1,0,0,0,0,0,2952.5,36.313,1.169,-3.3,6.95,3.97,0,1,0.214,0.072,0.071,0.0309999999999999,0.26,6
0,0,0,0,0,0,0,0,1,0,0,0,0,0,2953,49.491,0.909,-8.9,13.85,3.695,0,1,0.143,0.071,-0.857,0.26,0.44,8
0,0,0,0,0,0,0,0,0,0,0,1,0,0,2953.5,69.222,0.469,-6,27.9,3.351,1,0,1,-0.857,0.25,0.44,0.025,3
0,0,0,0,0,0,0,0,0,0,0,1,0,0,2954,70.968,0.444,-2.5,28.85,3.49,1,0,0.75,0.25,0.25,0.025,-0.057,3
0,0,0,0,0,0,0,0,0,0,0,1,0,0,2954.5,65.379,0.501,-0.3,22.75,3.9,1,0,0.5,0.25,0.25,-0.057,-0.0590000000000001,3
0,0,0,0,0,0,0,0,0,0,0,1,0,0,2955,54.093,0.56,-0.5,16.75,4.126,1,0,0.25,0.25,-0.75,-0.0590000000000001,0.019,3
0,0,0,0,0,0,0,0,0,0,1,0,0,0,2955.5,41.633,0.541,3.9,11.55,4.482,0,1,1,-0.75,0.024,0.019,0.102,8
0,0,0,0,0,0,0,0,0,0,1,0,0,0,2956,33.644,0.439,3.8,11.7,4.707,0,1,0.976,0.024,0.025,0.102,0.118,8
0,0,0,0,0,0,0,0,0,0,1,0,0,0,2956.5,28.977,0.321,1.3,14.45,4.447,0,1,0.951,0.025,0.0239999999999999,0.118,0.089,8
0,0,0,0,0,0,0,0,0,0,1,0,0,0,2957,24.611,0.232,-1.1,17.25,4.481,0,1,0.927,0.0239999999999999,0.025,0.089,0.048,8
0,0,0,0,0,0,0,0,0,0,1,0,0,0,2957.5,24.154,0.184,-2.9,19.65,4.327,0,1,0.902,0.025,0.024,0.048,0.011,8
0,0,0,0,0,0,0,0,0,0,1,0,0,0,2958,25.639,0.173,-2.4,20.5,4.302,0,1,0.878,0.024,0.024,0.011,-0.018,8
0,0,0,0,0,0,0,0,0,0,1,0,0,0,2958.5,25.957,0.191,-2.4,19.9,4.294,0,1,0.854,0.024,0.0489999999999999,-0.018,-0.075,8
0,0,0,0,0,0,0,0,0,0,1,0,0,0,2959,38.965,0.266,-2.1,17.05,4.228,0,1,0.805,0.0489999999999999,0.025,-0.075,-0.035,8
0,0,0,0,0,0,0,0,0,0,1,0,0,0,2959.5,45.354,0.301,0.2,14.8,4.127,0,1,0.78,0.025,0.024,-0.035,-0.026,8
0,0,0,0,0,0,0,0,0,0,1,0,0,0,2960,53.645,0.327,2.6,12.6,3.908,0,1,0.756,0.024,0.024,-0.026,-0.011,8
0,0,0,0,0,0,0,0,0,0,1,0,0,0,2960.5,60.164,0.338,3.8,12.2,3.74,0,1,0.732,0.024,0.025,-0.011,0.004,8
0,0,0,0,0,0,0,0,0,0,1,0,0,0,2961,64.032,0.334,5.5,13.15,3.538,0,1,0.707,0.025,0.0239999999999999,0.004,0.011,7
0,0,0,0,0,0,0,0,0,0,1,0,0,0,2961.5,66.774,0.323,7.9,14.75,3.558,0,1,0.683,0.0239999999999999,0.024,0.011,0.01,7
0,0,0,0,0,0,0,0,0,0,1,0,0,0,2962,68.423,0.313,8.1,15.75,3.476,0,1,0.659,0.024,0.025,0.01,-0.005,7
0,0,0,0,0,0,0,0,0,0,1,0,0,0,2962.5,63.502,0.318,6.1,14.75,3.682,0,1,0.634,0.025,0.024,-0.005,-0.031,7
0,0,0,0,0,0,0,0,0,0,1,0,0,0,2963,57.904,0.349,2.8,12.9,3.937,0,1,0.61,0.024,0.025,-0.031,-0.066,7
0,0,0,0,0,0,0,0,0,0,1,0,0,0,2963.5,52.935,0.415,2.3,10.25,4.133,0,1,0.585,0.025,0.0239999999999999,-0.066,-0.092,6
0,0,0,0,0,0,0,0,0,0,1,0,0,0,2964,45.125,0.507,2.3,8.45,4.248,0,1,0.561,0.0239999999999999,0.024,-0.092,-0.098,6
0,0,0,0,0,0,0,0,0,0,1,0,0,0,2964.5,39.927,0.605,3.5,6.75,4.468,0,1,0.537,0.024,0.025,-0.098,-0.098,6
0,0,0,0,0,0,0,0,0,0,1,0,0,0,2965,36.215,0.703,2.4,6,4.575,0,1,0.512,0.025,0.024,-0.098,-0.0840000000000001,6
0,0,0,0,0,0,0,0,0,0,1,0,0,0,2965.5,31.253,0.787,2.3,4.45,4.557,0,1,0.488,0.024,0.025,-0.0840000000000001,-0.0449999999999999,6
0,0,0,0,0,0,0,0,0,0,1,0,0,0,2966,28.446,0.832,2.2,3.4,4.573,0,1,0.463,0.025,0.024,-0.0449999999999999,0.011,6
0,0,0,0,0,0,0,0,0,0,1,0,0,0,2966.5,27.296,0.821,1.2,4.4,4.79,0,1,0.439,0.024,0.024,0.011,0.0659999999999999,6
0,0,0,0,0,0,0,0,0,0,1,0,0,0,2967,28.944,0.755,-0.4,7.3,4.887,0,1,0.415,0.024,0.025,0.0659999999999999,0.096,8
0,0,0,0,0,0,0,0,0,0,1,0,0,0,2967.5,31.596,0.659,-1.6,11,4.824,0,1,0.39,0.025,0.024,0.096,0.0850000000000001,6
0,0,0,0,0,0,0,0,0,0,1,0,0,0,2968,33.212,0.574,-3.1,14.45,4.765,0,1,0.366,0.024,0.025,0.0850000000000001,0.0569999999999999,8
0,0,0,0,0,0,0,0,0,0,1,0,0,0,2968.5,34.689,0.517,-3,16.4,4.766,0,1,0.341,0.025,0.024,0.0569999999999999,0.024,6
0,0,0,0,0,0,0,0,0,0,1,0,0,0,2969,39.266,0.493,-1.9,16.15,4.705,0,1,0.317,0.024,0.024,0.024,-0.00600000000000001,8
0,0,0,0,0,0,0,0,0,0,1,0,0,0,2969.5,50.103,0.499,-2,14.6,4.453,0,1,0.293,0.024,0.025,-0.00600000000000001,-0.026,8
0,0,0,0,0,0,0,0,0,0,1,0,0,0,2970,65.167,0.525,-1.6,13.1,4.366,0,1,0.268,0.025,0.024,-0.026,-0.032,6
0,0,0,0,0,0,0,0,0,0,1,0,0,0,2970.5,76.436,0.557,-0.6,11.7,4.289,0,1,0.244,0.024,0.049,-0.032,-0.071,6
0,0,0,0,0,0,0,0,0,0,1,0,0,0,2971,92.886,0.628,-0.2,9.4,4.272,0,1,0.195,0.049,0.024,-0.071,-0.055,8
0,0,0,0,0,0,0,0,0,0,1,0,0,0,2971.5,99.643,0.683,-0.3,7.95,4.395,0,1,0.171,0.024,0.025,-0.055,-0.074,6
0,0,0,0,0,0,0,0,0,0,1,0,0,0,2972,101.585,0.757,0,6.5,4.51,0,1,0.146,0.025,0.024,-0.074,-0.093,6
0,0,0,0,0,0,0,0,0,0,1,0,0,0,2972.5,95.775,0.85,1.6,4.9,4.53,0,1,0.122,0.024,0.024,-0.093,-0.101,6
0,0,0,0,0,0,0,0,0,0,1,0,0,0,2973,87.036,0.951,2.1,3.95,4.456,0,1,0.098,0.024,0.025,-0.101,-0.0679999999999999,6
0,0,0,0,0,0,0,0,0,0,1,0,0,0,2973.5,72.331,1.019,2.6,3.6,4.056,0,1,0.073,0.025,0.024,-0.0679999999999999,0.0279999999999999,6
0,0,0,0,0,0,0,0,0,0,1,0,0,0,2974,58.859,0.991,3.4,3.9,3.712,0,1,0.049,0.024,0.025,0.0279999999999999,0.134,6
0,0,0,0,0,0,0,0,0,0,1,0,0,0,2974.5,60.932,0.857,1.3,7.35,3.371,0,1,0.024,0.025,-0.976,0.134,0.182,6
0,0,0,0,0,0,0,0,0,0,0,0,0,1,2975,67.655,0.675,-0.8,14.4,3.131,1,0,1,-0.976,0.023,0.182,0.147,3
0,0,0,0,0,0,0,0,0,0,0,0,0,1,2975.5,77.219,0.528,6.8,20.9,3.008,1,0,0.977,0.023,0.024,0.147,0.069,3
0,0,0,0,0,0,0,0,0,0,0,0,0,1,2976,82.115,0.459,10.6,24.2,2.988,1,0,0.953,0.024,0.0229999999999999,0.069,0.013,3
0,0,0,0,0,0,0,0,0,0,0,0,0,1,2976.5,84.865,0.446,9.4,23.7,3.134,1,0,0.93,0.0229999999999999,0.023,0.013,-0.003,3
0,0,0,0,0,0,0,0,0,0,0,0,0,1,2977,84.384,0.449,13.3,21.45,3.409,1,0,0.907,0.023,0.023,-0.003,0.00600000000000001,3
0,0,0,0,0,0,0,0,0,0,0,0,0,1,2977.5,81.772,0.443,14.8,20.9,3.483,1,0,0.884,0.023,0.047,0.00600000000000001,-0.001,3
0,0,0,0,0,0,0,0,0,0,0,0,0,1,2978,78.998,0.444,16.5,20.65,3.438,1,0,0.837,0.047,0.023,-0.001,-0.013,3
0,0,0,0,0,0,0,0,0,0,0,0,0,1,2978.5,79.896,0.457,14.9,20.15,3.423,1,0,0.814,0.023,0.0229999999999999,-0.013,-0.005,3
0,0,0,0,0,0,0,0,0,0,0,0,0,1,2979,79.194,0.462,14.8,19.9,3.45,1,0,0.791,0.0229999999999999,0.024,-0.005,0.011,3
0,0,0,0,0,0,0,0,0,0,0,0,0,1,2979.5,78.99,0.451,13.5,19.65,3.393,1,0,0.767,0.024,0.023,0.011,0.01,3
0,0,0,0,0,0,0,0,0,0,0,0,0,1,2980,79.21,0.441,15.1,18.95,3.475,1,0,0.744,0.023,0.023,0.01,-0.01,3
0,0,0,0,0,0,0,0,0,0,0,0,0,1,2980.5,78.1,0.451,15.6,17.5,3.478,1,0,0.721,0.023,0.023,-0.01,-0.038,3
0,0,0,0,0,0,0,0,0,0,0,0,0,1,2981,78.59,0.489,14.3,16.75,3.505,1,0,0.698,0.023,0.0239999999999999,-0.038,-0.055,3
0,0,0,0,0,0,0,0,0,0,0,0,0,1,2981.5,79.439,0.544,12.7,15.25,3.478,1,0,0.674,0.0239999999999999,0.023,-0.055,-0.0319999999999999,2
0,0,0,0,0,0,0,0,0,0,0,0,0,1,2982,81.299,0.576,11.5,14.65,3.453,1,0,0.651,0.023,0.046,-0.0319999999999999,0.082,2
0,0,0,0,0,0,0,0,0,0,0,0,0,1,2982.5,78.933,0.494,11.9,14.85,3.479,1,0,0.605,0.046,0.024,0.082,0.053,3
0,0,0,0,0,0,0,0,0,0,0,0,0,1,2983,79.471,0.441,13.4,16.3,3.494,1,0,0.581,0.024,0.0229999999999999,0.053,0.01,2
0,0,0,0,0,0,0,0,0,0,0,0,0,1,2983.5,81.895,0.431,14.2,16.8,3.441,1,0,0.558,0.0229999999999999,0.023,0.01,-0.037,2
0,0,0,0,0,0,0,0,0,0,0,0,0,1,2984,82.768,0.468,14.3,16.05,3.493,1,0,0.535,0.023,0.023,-0.037,-0.069,2
0,0,0,0,0,0,0,0,0,0,0,0,0,1,2984.5,79.022,0.537,12.9,15.05,3.5,1,0,0.512,0.023,0.024,-0.069,-0.0639999999999999,2
0,0,0,0,0,0,0,0,0,0,0,0,0,1,2985,76.746,0.601,11.4,13.8,3.441,1,0,0.488,0.024,0.023,-0.0639999999999999,-0.037,2
0,0,0,0,0,0,0,0,0,0,0,0,0,1,2985.5,73.066,0.638,11.1,13.25,3.426,1,0,0.465,0.023,0.023,-0.037,-0.013,2
0,0,0,0,0,0,0,0,0,0,0,0,0,1,2986,70.356,0.651,11,13.1,3.447,1,0,0.442,0.023,0.047,-0.013,0.03,2
0,0,0,0,0,0,0,0,0,0,0,0,0,1,2986.5,74.608,0.621,10.5,14.85,3.399,1,0,0.395,0.047,0.023,0.03,0.036,2
0,0,0,0,0,0,0,0,0,0,0,0,0,1,2987,73.008,0.585,11.1,15.15,3.393,1,0,0.372,0.023,0.023,0.036,0.0389999999999999,2
0,0,0,0,0,0,0,0,0,0,0,0,0,1,2987.5,70.438,0.546,12.1,15.15,3.439,1,0,0.349,0.023,0.023,0.0389999999999999,0.046,2
0,0,0,0,0,0,0,0,0,0,0,0,0,1,2988,68.08,0.5,13.5,14.65,3.478,1,0,0.326,0.023,0.024,0.046,0.04,2
0,0,0,0,0,0,0,0,0,0,0,0,0,1,2988.5,66.75,0.46,13.6,15.2,3.461,1,0,0.302,0.024,0.023,0.04,0.005,2
0,0,0,0,0,0,0,0,0,0,0,0,0,1,2989,69.451,0.455,13.4,14.8,3.494,1,0,0.279,0.023,0.023,0.005,-0.039,2
0,0,0,0,0,0,0,0,0,0,0,0,0,1,2989.5,75.946,0.494,14.2,14,3.541,1,0,0.256,0.023,0.023,-0.039,-0.0620000000000001,2
0,0,0,0,0,0,0,0,0,0,0,0,0,1,2990,80.344,0.556,11.8,13.6,3.522,1,0,0.233,0.023,0.047,-0.0620000000000001,-0.0599999999999999,2
0,0,0,0,0,0,0,0,0,0,0,0,0,1,2990.5,83.772,0.616,10.4,12.9,3.476,1,0,0.186,0.047,0.023,-0.0599999999999999,-0.002,2
0,0,0,0,0,0,0,0,0,0,0,0,0,1,2991,84.767,0.618,10.7,12.55,3.39,1,0,0.163,0.023,0.023,-0.002,0.002,2
0,0,0,0,0,0,0,0,0,0,0,0,0,1,2991.5,84.09,0.616,9.4,13.4,3.289,1,0,0.14,0.023,0.024,0.002,0.015,2
0,0,0,0,0,0,0,0,0,0,0,0,0,1,2992,86.628,0.601,8.8,14.4,3.19,1,0,0.116,0.024,0.023,0.015,0.0449999999999999,2
0,0,0,0,0,0,0,0,0,0,0,0,0,1,2992.5,90.43,0.556,2,21.4,3.045,1,0,0.093,0.023,0.023,0.0449999999999999,0.0580000000000001,3
0,0,0,0,0,0,0,0,0,0,0,0,0,1,2993,87.077,0.498,2,26.4,3.088,1,0,0.07,0.023,0.023,0.0580000000000001,0.019,2
0,0,0,0,0,0,0,0,0,0,0,0,0,1,2993.5,76.623,0.479,5.3,28.45,3.224,1,0,0.047,0.023,0.024,0.019,-0.0670000000000001,2
0,0,0,0,0,0,0,0,0,0,0,0,0,1,2994,62.768,0.546,3.2,26.3,3.334,1,0,0.023,0.024,-0.977,-0.0670000000000001,-0.157,3
0,0,0,0,0,0,0,0,0,0,0,0,1,0,2994.5,43.738,0.703,1.8,19.3,3.876,0,1,1,-0.977,0.00700000000000001,-0.157,-0.152,8
0,0,0,0,0,0,0,0,0,0,0,0,1,0,2995,27.859,0.855,6.9,11.75,4.508,0,1,0.993,0.00700000000000001,0.00800000000000001,-0.152,-0.024,8
0,0,0,0,0,0,0,0,0,0,0,0,1,0,2995.5,18.034,0.879,5.3,9.55,4.815,0,1,0.985,0.00800000000000001,0.00700000000000001,-0.024,0.049,8
0,0,0,0,0,0,0,0,0,0,0,0,1,0,2996,13.203,0.83,3,9.1,4.863,0,1,0.978,0.00700000000000001,0.00800000000000001,0.049,0.0629999999999999,8
0,0,0,0,0,0,0,0,0,0,0,0,1,0,2996.5,12.762,0.767,2,8.9,5.024,0,1,0.97,0.00800000000000001,0.00700000000000001,0.0629999999999999,0.0650000000000001,8
0,0,0,0,0,0,0,0,0,0,0,0,1,0,2997,14.843,0.702,1.8,9.2,4.616,0,1,0.963,0.00700000000000001,0.00800000000000001,0.0650000000000001,0.0579999999999999,8
0,0,0,0,0,0,0,0,0,0,0,0,1,0,2997.5,19.087,0.644,0.4,10.4,4.172,0,1,0.955,0.00800000000000001,0,0.0579999999999999,0,6
0,0,0,0,0,0,0,0,0,0,0,0,1,0,2998,19.087,0.644,0.4,10.4,4.172,0,1,0.955,0,0.00700000000000001,0,0.043,6
0,0,0,0,0,0,0,0,0,0,0,0,1,0,2998.5,25.207,0.601,-0.2,10.7,3.97,0,1,0.948,0.00700000000000001,0.00800000000000001,0.043,0.014,8
0,0,0,0,0,0,0,0,0,0,0,0,1,0,2999,27.997,0.587,1.1,10.25,3.933,0,1,0.94,0.00800000000000001,0.0069999999999999,0.014,-0.015,7
0,0,0,0,0,0,0,0,0,0,0,0,1,0,2999.5,28.822,0.602,2.2,10,3.875,0,1,0.933,0.0069999999999999,0.00800000000000001,-0.015,-0.02,5
0,0,0,0,0,0,0,0,0,0,0,0,1,0,3000,28.618,0.622,1.9,10.35,3.969,0,1,0.925,0.00800000000000001,0.00700000000000001,-0.02,0.01,6
0,0,0,0,0,0,0,0,0,0,0,0,1,0,3000.5,24.815,0.612,0.7,11.15,4.118,0,1,0.918,0.00700000000000001,0.00800000000000001,0.01,0.037,6
0,0,0,0,0,0,0,0,0,0,0,0,1,0,3001,23.371,0.575,0.2,11.8,4.243,0,1,0.91,0.00800000000000001,0.00700000000000001,0.037,0.0329999999999999,6
0,0,0,0,0,0,0,0,0,0,0,0,1,0,3001.5,23.052,0.542,0.1,12.35,4.196,0,1,0.903,0.00700000000000001,0.00700000000000001,0.0329999999999999,0.02,6
0,0,0,0,0,0,0,0,0,0,0,0,1,0,3002,23.109,0.522,-0.1,12.15,4.192,0,1,0.896,0.00700000000000001,0.00800000000000001,0.02,0.011,6
0,0,0,0,0,0,0,0,0,0,0,0,1,0,3002.5,24.138,0.511,-0.3,12.05,3.978,0,1,0.888,0.00800000000000001,0.00700000000000001,0.011,0,8
0,0,0,0,0,0,0,0,0,0,0,0,1,0,3003,24.448,0.511,-0.1,11.75,3.975,0,1,0.881,0.00700000000000001,0.00800000000000001,0,-0.012,8
0,0,0,0,0,0,0,0,0,0,0,0,1,0,3003.5,25.419,0.523,0,11.6,3.962,0,1,0.873,0.00800000000000001,0.00700000000000001,-0.012,-0.037,7
0,0,0,0,0,0,0,0,0,0,0,0,1,0,3004,26.724,0.56,-0.7,11.35,3.99,0,1,0.866,0.00700000000000001,0.00800000000000001,-0.037,-0.0629999999999999,7
0,0,0,0,0,0,0,0,0,0,0,0,1,0,3004.5,29.213,0.623,-0.8,10.7,3.885,0,1,0.858,0.00800000000000001,0.00700000000000001,-0.0629999999999999,-0.0630000000000001,6
0,0,0,0,0,0,0,0,0,0,0,0,1,0,3005,34.036,0.686,0.4,9.4,3.816,0,1,0.851,0.00700000000000001,0.00800000000000001,-0.0630000000000001,-0.0299999999999999,6
0,0,0,0,0,0,0,0,0,0,0,0,1,0,3005.5,38.157,0.716,1.7,7.75,3.66,0,1,0.843,0.00800000000000001,0.00700000000000001,-0.0299999999999999,0.015,5
0,0,0,0,0,0,0,0,0,0,0,0,1,0,3006,40.45,0.701,1.8,6.8,3.544,0,1,0.836,0.00700000000000001,0.00800000000000001,0.015,0.0389999999999999,5
0,0,0,0,0,0,0,0,0,0,0,0,1,0,3006.5,41.576,0.662,3.5,6.45,3.392,0,1,0.828,0.00800000000000001,0.00700000000000001,0.0389999999999999,0.029,5
0,0,0,0,0,0,0,0,0,0,0,0,1,0,3007,40.123,0.633,3.7,7.35,3.24,0,1,0.821,0.00700000000000001,0.00800000000000001,0.029,0.001,5
0,0,0,0,0,0,0,0,0,0,0,0,1,0,3007.5,36.663,0.632,3.4,8.1,3.212,0,1,0.813,0.00800000000000001,0.0069999999999999,0.001,-0.018,7
0,0,0,0,0,0,0,0,0,0,0,0,1,0,3008,32.706,0.65,3.8,8.3,3.253,0,1,0.806,0.0069999999999999,0.00700000000000001,-0.018,-0.022,7
0,0,0,0,0,0,0,0,0,0,0,0,1,0,3008.5,30.323,0.672,3.4,8.7,3.289,0,1,0.799,0.00700000000000001,0.00800000000000001,-0.022,-0.0219999999999999,6
0,0,0,0,0,0,0,0,0,0,0,0,1,0,3009,28.601,0.694,3,9.4,3.314,0,1,0.791,0.00800000000000001,0.00700000000000001,-0.0219999999999999,-0.027,5
0,0,0,0,0,0,0,0,0,0,0,0,1,0,3009.5,28.169,0.721,2.4,9.7,3.262,0,1,0.784,0.00700000000000001,0.00800000000000001,-0.027,-0.035,6
0,0,0,0,0,0,0,0,0,0,0,0,1,0,3010,29.442,0.756,1.4,9.8,3.31,0,1,0.776,0.00800000000000001,0.00700000000000001,-0.035,-0.039,6
0,0,0,0,0,0,0,0,0,0,0,0,1,0,3010.5,30.878,0.795,0.7,9.55,3.359,0,1,0.769,0.00700000000000001,0.00800000000000001,-0.039,-0.0369999999999999,6
0,0,0,0,0,0,0,0,0,0,0,0,1,0,3011,32.151,0.832,0.1,9.35,3.409,0,1,0.761,0.00800000000000001,0.00700000000000001,-0.0369999999999999,-0.024,6
0,0,0,0,0,0,0,0,0,0,0,0,1,0,3011.5,33.677,0.856,0.4,9.1,3.417,0,1,0.754,0.00700000000000001,0.00800000000000001,-0.024,-0.016,6
0,0,0,0,0,0,0,0,0,0,0,0,1,0,3012,33.701,0.872,1.1,8.95,3.444,0,1,0.746,0.00800000000000001,0.00700000000000001,-0.016,-0.017,5
0,0,0,0,0,0,0,0,0,0,0,0,1,0,3012.5,35.105,0.889,1.5,8.75,3.466,0,1,0.739,0.00700000000000001,0.00800000000000001,-0.017,-0.025,5
0,0,0,0,0,0,0,0,0,0,0,0,1,0,3013,37.104,0.914,1.6,8.6,3.49,0,1,0.731,0.00800000000000001,0.00700000000000001,-0.025,-0.0249999999999999,5
0,0,0,0,0,0,0,0,0,0,0,0,1,0,3013.5,37.349,0.939,2.1,7.95,3.418,0,1,0.724,0.00700000000000001,0.00800000000000001,-0.0249999999999999,-0.013,5
0,0,0,0,0,0,0,0,0,0,0,0,1,0,3014,37.936,0.952,2.4,7.7,3.504,0,1,0.716,0.00800000000000001,0.00700000000000001,-0.013,-0.001,5
0,0,0,0,0,0,0,0,0,0,0,0,1,0,3014.5,39.087,0.953,2.1,7.75,3.511,0,1,0.709,0.00700000000000001,0.00800000000000001,-0.001,0.002,5
0,0,0,0,0,0,0,0,0,0,0,0,1,0,3015,38.059,0.951,1.7,7.55,3.55,0,1,0.701,0.00800000000000001,0.00700000000000001,0.002,-0.001,5
0,0,0,0,0,0,0,0,0,0,0,0,1,0,3015.5,37.202,0.952,2.2,7.3,3.603,0,1,0.694,0.00700000000000001,0.0069999999999999,-0.001,0.001,5
0,0,0,0,0,0,0,0,0,0,0,0,1,0,3016,37.218,0.951,1.8,7.5,3.675,0,1,0.687,0.0069999999999999,0.00800000000000001,0.001,0.002,5
0,0,0,0,0,0,0,0,0,0,0,0,1,0,3016.5,37.781,0.949,1.4,7.6,3.741,0,1,0.679,0.00800000000000001,0.00700000000000001,0.002,0.001,5
0,0,0,0,0,0,0,0,0,0,0,0,1,0,3017,40.164,0.948,1.5,7.35,3.735,0,1,0.672,0.00700000000000001,0.00800000000000001,0.001,-0.002,5
0,0,0,0,0,0,0,0,0,0,0,0,1,0,3017.5,40.956,0.95,1.6,7.3,3.747,0,1,0.664,0.00800000000000001,0.00700000000000001,-0.002,-0.002,5
0,0,0,0,0,0,0,0,0,0,0,0,1,0,3018,41.013,0.952,1.5,7.25,3.64,0,1,0.657,0.00700000000000001,0.00800000000000001,-0.002,0.002,5
0,0,0,0,0,0,0,0,0,0,0,0,1,0,3018.5,42.547,0.95,1.9,7.15,3.683,0,1,0.649,0.00800000000000001,0.00700000000000001,0.002,0.005,5
0,0,0,0,0,0,0,0,0,0,0,0,1,0,3019,41.192,0.945,2,7,3.644,0,1,0.642,0.00700000000000001,0.00800000000000001,0.005,0.004,5
0,0,0,0,0,0,0,0,0,0,0,0,1,0,3019.5,42.726,0.941,2.3,7.15,3.704,0,1,0.634,0.00800000000000001,0.00700000000000001,0.004,-0.001,5
0,0,0,0,0,0,0,0,0,0,0,0,1,0,3020,44.407,0.942,3.4,7,3.695,0,1,0.627,0.00700000000000001,0.00800000000000001,-0.001,-0.004,5
0,0,0,0,0,0,0,0,0,0,0,0,1,0,3020.5,45.387,0.946,3.8,6.8,3.788,0,1,0.619,0.00800000000000001,0.00700000000000001,-0.004,0.001,5
0,0,0,0,0,0,0,0,0,0,0,0,1,0,3021,45.052,0.945,2.6,7.5,3.917,0,1,0.612,0.00700000000000001,0.00800000000000001,0.001,0.0099999999999999,6
0,0,0,0,0,0,0,0,0,0,0,0,1,0,3021.5,46.129,0.935,2.4,7.4,3.948,0,1,0.604,0.00800000000000001,0.00700000000000001,0.0099999999999999,0.01,6
0,0,0,0,0,0,0,0,0,0,0,0,1,0,3022,47.826,0.925,2.5,7.05,4.016,0,1,0.597,0.00700000000000001,0.00700000000000001,0.01,0,6
0,0,0,0,0,0,0,0,0,0,0,0,1,0,3022.5,50.054,0.925,2.3,6.75,3.935,0,1,0.59,0.00700000000000001,0.00800000000000001,0,-0.00800000000000001,6
0,0,0,0,0,0,0,0,0,0,0,0,1,0,3023,55.562,0.933,1.8,6.9,3.974,0,1,0.582,0.00800000000000001,0.00700000000000001,-0.00800000000000001,-0.0139999999999999,6
0,0,0,0,0,0,0,0,0,0,0,0,1,0,3023.5,63.029,0.947,2,6.8,3.859,0,1,0.575,0.00700000000000001,0.00800000000000001,-0.0139999999999999,-0.019,4
0,0,0,0,0,0,0,0,0,0,0,0,1,0,3024,75.399,0.966,1.9,6.45,3.681,0,1,0.567,0.00800000000000001,0.0069999999999999,-0.019,-0.021,8
0,0,0,0,0,0,0,0,0,0,0,0,1,0,3024.5,102.116,0.987,0.2,6.9,3.561,0,1,0.56,0.0069999999999999,0.00800000000000001,-0.021,-0.00600000000000001,6
0,0,0,0,0,0,0,0,0,0,0,0,1,0,3025,140.778,0.993,-0.4,7,3.513,0,1,0.552,0.00800000000000001,0.00700000000000001,-0.00600000000000001,0.012,6
0,0,0,0,0,0,0,0,0,0,0,0,1,0,3025.5,183.358,0.981,-0.3,7.35,3.437,0,1,0.545,0.00700000000000001,0.00800000000000001,0.012,0.004,6
0,0,0,0,0,0,0,0,0,0,0,0,1,0,3026,213.999,0.977,0.2,7.8,3.412,0,1,0.537,0.00800000000000001,0.00700000000000001,0.004,-0.027,6
0,0,0,0,0,0,0,0,0,0,0,0,1,0,3026.5,220.413,1.004,0,8,3.528,0,1,0.53,0.00700000000000001,0.00800000000000001,-0.027,-0.0229999999999999,4
0,0,0,0,0,0,0,0,0,0,0,0,1,0,3027,200.306,1.027,0,8,3.671,0,1,0.522,0.00800000000000001,0.00700000000000001,-0.0229999999999999,0.0279999999999999,4
0,0,0,0,0,0,0,0,0,0,0,0,1,0,3027.5,162.149,0.999,-0.2,8.5,3.746,0,1,0.515,0.00700000000000001,0.00800000000000001,0.0279999999999999,0.049,6
0,0,0,0,0,0,0,0,0,0,0,0,1,0,3028,121.202,0.95,0.2,9.2,3.892,0,1,0.507,0.00800000000000001,0.00700000000000001,0.049,0.0339999999999999,6
0,0,0,0,0,0,0,0,0,0,0,0,1,0,3028.5,92.805,0.916,1.3,9.95,3.924,0,1,0.5,0.00700000000000001,0.00700000000000001,0.0339999999999999,0.022,4
0,0,0,0,0,0,0,0,0,0,0,0,1,0,3029,77.758,0.894,1.9,10.65,3.953,0,1,0.493,0.00700000000000001,0.00800000000000001,0.022,0.015,4
0,0,0,0,0,0,0,0,0,0,0,0,1,0,3029.5,67.623,0.879,2.9,10.85,3.889,0,1,0.485,0.00800000000000001,0.00700000000000001,0.015,0.00600000000000001,4
0,0,0,0,0,0,0,0,0,0,0,0,1,0,3030,62.376,0.873,2.5,11.45,3.799,0,1,0.478,0.00700000000000001,0.00800000000000001,0.00600000000000001,0,4
0,0,0,0,0,0,0,0,0,0,0,0,1,0,3030.5,59.463,0.873,2.1,11.25,3.773,0,1,0.47,0.00800000000000001,0.00699999999999995,0,0.001,4
0,0,0,0,0,0,0,0,0,0,0,0,1,0,3031,55.211,0.872,2.7,10.45,3.784,0,1,0.463,0.00699999999999995,0.00800000000000001,0.001,0.00600000000000001,4
0,0,0,0,0,0,0,0,0,0,0,0,1,0,3031.5,51.727,0.866,2.3,10.35,3.787,0,1,0.455,0.00800000000000001,0.00700000000000001,0.00600000000000001,0.00800000000000001,6
0,0,0,0,0,0,0,0,0,0,0,0,1,0,3032,52.38,0.858,2.1,10.75,3.776,0,1,0.448,0.00700000000000001,0.00800000000000001,0.00800000000000001,0.00700000000000001,4
0,0,0,0,0,0,0,0,0,0,0,0,1,0,3032.5,53.122,0.851,2.5,11.05,3.724,0,1,0.44,0.00800000000000001,0.00700000000000001,0.00700000000000001,0.00700000000000001,4
0,0,0,0,0,0,0,0,0,0,0,0,1,0,3033,51.245,0.844,2.7,11.25,3.697,0,1,0.433,0.00700000000000001,0.00800000000000001,0.00700000000000001,0.00800000000000001,4
0,0,0,0,0,0,0,0,0,0,0,0,1,0,3033.5,52.208,0.836,1.5,11.75,3.653,0,1,0.425,0.00800000000000001,0.00700000000000001,0.00800000000000001,0.01,4
0,0,0,0,0,0,0,0,0,0,0,0,1,0,3034,54.95,0.826,1.3,12.05,3.647,0,1,0.418,0.00700000000000001,0.00800000000000001,0.01,0.00900000000000001,4
0,0,0,0,0,0,0,0,0,0,0,0,1,0,3034.5,54.436,0.817,2,12,3.65,0,1,0.41,0.00800000000000001,0.00699999999999995,0.00900000000000001,0.0069999999999999,4
0,0,0,0,0,0,0,0,0,0,0,0,1,0,3035,54.811,0.81,1.8,12.1,3.678,0,1,0.403,0.00699999999999995,0.00700000000000001,0.0069999999999999,0.00900000000000001,4
0,0,0,0,0,0,0,0,0,0,0,0,1,0,3035.5,55.603,0.801,1.6,12.2,3.644,0,1,0.396,0.00700000000000001,0.00800000000000001,0.00900000000000001,0.016,4
0,0,0,0,0,0,0,0,0,0,0,0,1,0,3036,54.289,0.785,1.3,12.75,3.656,0,1,0.388,0.00800000000000001,0.00700000000000001,0.016,0.017,4
0,0,0,0,0,0,0,0,0,0,0,0,1,0,3036.5,52.38,0.768,2,13,3.598,0,1,0.381,0.00700000000000001,0.00800000000000001,0.017,0.01,4
0,0,0,0,0,0,0,0,0,0,0,0,1,0,3037,53.645,0.758,2,13.7,3.582,0,1,0.373,0.00800000000000001,0.00700000000000001,0.01,0.001,4
0,0,0,0,0,0,0,0,0,0,0,0,1,0,3037.5,53.93,0.757,2.1,13.75,3.581,0,1,0.366,0.00700000000000001,0.00800000000000001,0.001,0.002,4
0,0,0,0,0,0,0,0,0,0,0,0,1,0,3038,56.072,0.755,2.9,13.75,3.645,0,1,0.358,0.00800000000000001,0.00700000000000001,0.002,0.005,4
0,0,0,0,0,0,0,0,0,0,0,0,1,0,3038.5,59.017,0.75,4,13.7,3.694,0,1,0.351,0.00700000000000001,0.00799999999999995,0.005,0.00800000000000001,4
0,0,0,0,0,0,0,0,0,0,0,0,1,0,3039,62.144,0.742,4.4,14.1,3.65,0,1,0.343,0.00799999999999995,0.00700000000000001,0.00800000000000001,0.012,4
0,0,0,0,0,0,0,0,0,0,0,0,1,0,3039.5,64.814,0.73,4.8,14.2,3.66,0,1,0.336,0.00700000000000001,0.00800000000000001,0.012,0.016,4
0,0,0,0,0,0,0,0,0,0,0,0,1,0,3040,66.705,0.714,5.6,14.6,3.689,0,1,0.328,0.00800000000000001,0.00700000000000001,0.016,0.019,4
0,0,0,0,0,0,0,0,0,0,0,0,1,0,3040.5,67.568,0.695,6.5,15.45,3.674,0,1,0.321,0.00700000000000001,0.00800000000000001,0.019,0.0189999999999999,4
0,0,0,0,0,0,0,0,0,0,0,0,1,0,3041,67.683,0.676,6.7,15.65,3.603,0,1,0.313,0.00800000000000001,0.00700000000000001,0.0189999999999999,0.014,4
0,0,0,0,0,0,0,0,0,0,0,0,1,0,3041.5,67.683,0.662,6,15.4,3.562,0,1,0.306,0.00700000000000001,0.00700000000000001,0.014,-0.004,4
0,0,0,0,0,0,0,0,0,0,0,0,1,0,3042,67.683,0.666,5.7,15.25,3.57,0,1,0.299,0.00700000000000001,0.00800000000000001,-0.004,-0.0349999999999999,4
0,0,0,0,0,0,0,0,0,0,0,0,1,0,3042.5,67.683,0.701,6,15.2,3.603,0,1,0.291,0.00800000000000001,0.00700000000000001,-0.0349999999999999,-0.0770000000000001,4
0,0,0,0,0,0,0,0,0,0,0,0,1,0,3043,67.683,0.778,5.1,15.65,3.537,0,1,0.284,0.00700000000000001,0.00799999999999995,-0.0770000000000001,-0.104,4
0,0,0,0,0,0,0,0,0,0,0,0,1,0,3043.5,67.683,0.882,4.9,15.75,3.547,0,1,0.276,0.00799999999999995,0.00700000000000001,-0.104,-0.091,4
0,0,0,0,0,0,0,0,0,0,0,0,1,0,3044,67.683,0.973,4.4,15.8,3.533,0,1,0.269,0.00700000000000001,0.00800000000000001,-0.091,-0.0439999999999999,4
0,0,0,0,0,0,0,0,0,0,0,0,1,0,3044.5,67.683,1.017,3.5,16.25,3.495,0,1,0.261,0.00800000000000001,0,-0.0439999999999999,0,4
1,0,0,0,0,0,0,0,0,0,0,0,0,0,2972.5,49.675,0.845,3.905,11.175,3.265,0,1,1,0,0.00900000000000001,0,-0.034,8
1,0,0,0,0,0,0,0,0,0,0,0,0,0,2973,34.435,0.879,3.085,8.175,3.831,0,1,0.991,0.00900000000000001,0.01,-0.034,-0.041,8
1,0,0,0,0,0,0,0,0,0,0,0,0,0,2973.5,26.178,0.92,2.615,4.945,4.306,0,1,0.981,0.01,0.00900000000000001,-0.041,-0.0469999999999999,8
1,0,0,0,0,0,0,0,0,0,0,0,0,0,2974,19.463,0.967,0.82,3.82,4.578,0,1,0.972,0.00900000000000001,0.01,-0.0469999999999999,-0.028,8
1,0,0,0,0,0,0,0,0,0,0,0,0,0,2974.5,19.26,0.995,0.32,3.63,4.643,0,1,0.962,0.01,0.00900000000000001,-0.028,-0.013,8
1,0,0,0,0,0,0,0,0,0,0,0,0,0,2975,19.985,1.008,0.06,4.32,4.614,0,1,0.953,0.00900000000000001,0.01,-0.013,0.00600000000000001,8
1,0,0,0,0,0,0,0,0,0,0,0,0,0,2975.5,22.298,1.002,-0.01,5.5,4.491,0,1,0.943,0.01,0.0089999999999999,0.00600000000000001,0.046,8
1,0,0,0,0,0,0,0,0,0,0,0,0,0,2976,24.611,0.956,0.05,6.87,4.369,0,1,0.934,0.0089999999999999,0.019,0.046,0.132,8
1,0,0,0,0,0,0,0,0,0,0,0,0,0,2976.5,24.677,0.824,0.31,6.94,4.047,0,1,0.915,0.019,0.00900000000000001,0.132,0.157,8
1,0,0,0,0,0,0,0,0,0,0,0,0,0,2977,24.946,0.667,0.965,5.915,3.893,0,1,0.906,0.00900000000000001,0.01,0.157,0.108,6
1,0,0,0,0,0,0,0,0,0,0,0,0,0,2977.5,29.31,0.559,2.11,6.15,3.52,0,1,0.896,0.01,0.00900000000000001,0.108,0.037,6
1,0,0,0,0,0,0,0,0,0,0,0,0,0,2978,37.322,0.522,3.375,8.445,3.125,0,1,0.887,0.00900000000000001,0.01,0.037,0.012,5
1,0,0,0,0,0,0,0,0,0,0,0,0,0,2978.5,42.142,0.51,3.985,10.785,2.843,0,1,0.877,0.01,0.00900000000000001,0.012,0.018,5
1,0,0,0,0,0,0,0,0,0,0,0,0,0,2979,52.434,0.492,4.42,13.15,2.674,0,1,0.868,0.00900000000000001,0.01,0.018,0.019,5
1,0,0,0,0,0,0,0,0,0,0,0,0,0,2979.5,63.181,0.473,5.18,14.13,2.644,0,1,0.858,0.01,0.00900000000000001,0.019,0.00799999999999995,4
1,0,0,0,0,0,0,0,0,0,0,0,0,0,2980,69.405,0.465,5.52,14.56,2.663,0,1,0.849,0.00900000000000001,0.00900000000000001,0.00799999999999995,-0.00999999999999995,4
1,0,0,0,0,0,0,0,0,0,0,0,0,0,2980.5,77.785,0.475,5.82,14.94,2.68,0,1,0.84,0.00900000000000001,0.01,-0.00999999999999995,0.00600000000000001,4
1,0,0,0,0,0,0,0,0,0,0,0,0,0,2981,83.577,0.469,5.965,15.395,2.666,0,1,0.83,0.01,0.00900000000000001,0.00600000000000001,-0.044,4
1,0,0,0,0,0,0,0,0,0,0,0,0,0,2981.5,84.058,0.513,6.025,15.855,2.622,0,1,0.821,0.00900000000000001,0.0099999999999999,-0.044,-0.031,4
1,0,0,0,0,0,0,0,0,0,0,0,0,0,2982,81.82,0.544,5.95,16.05,2.609,0,1,0.811,0.0099999999999999,0.00900000000000001,-0.031,-0.0189999999999999,4
1,0,0,0,0,0,0,0,0,0,0,0,0,0,2982.5,80.257,0.563,5.74,16.1,2.626,0,1,0.802,0.00900000000000001,0.01,-0.0189999999999999,-0.016,4
1,0,0,0,0,0,0,0,0,0,0,0,0,0,2983,79.833,0.579,5.135,15.715,2.662,0,1,0.792,0.01,0.00900000000000001,-0.016,-0.004,4
1,0,0,0,0,0,0,0,0,0,0,0,0,0,2983.5,80.323,0.583,4.565,15.275,2.693,0,1,0.783,0.00900000000000001,0.00900000000000001,-0.004,-0.00700000000000001,4
1,0,0,0,0,0,0,0,0,0,0,0,0,0,2984,84.704,0.59,4.365,15.165,2.711,0,1,0.774,0.00900000000000001,0.01,-0.00700000000000001,-0.00600000000000001,4
1,0,0,0,0,0,0,0,0,0,0,0,0,0,2984.5,96.674,0.596,4.725,15.565,2.744,0,1,0.764,0.01,0.00900000000000001,-0.00600000000000001,-0.013,4
1,0,0,0,0,0,0,0,0,0,0,0,0,0,2985,112.662,0.609,4.88,15.71,2.824,0,1,0.755,0.00900000000000001,0.01,-0.013,-0.025,4
1,0,0,0,0,0,0,0,0,0,0,0,0,0,2985.5,131.484,0.634,5.11,15.6,2.935,0,1,0.745,0.01,0.00900000000000001,-0.025,-0.025,4
1,0,0,0,0,0,0,0,0,0,0,0,0,0,2986,138.169,0.659,5.33,15.1,3,0,1,0.736,0.00900000000000001,0.01,-0.025,-0.023,4
1,0,0,0,0,0,0,0,0,0,0,0,0,0,2986.5,135.045,0.682,5.1,14.46,3.048,0,1,0.726,0.01,0.00900000000000001,-0.023,-0.0249999999999999,4
1,0,0,0,0,0,0,0,0,0,0,0,0,0,2987,117.726,0.707,4.415,13.315,3.097,0,1,0.717,0.00900000000000001,0.00900000000000001,-0.0249999999999999,-0.022,4
1,0,0,0,0,0,0,0,0,0,0,0,0,0,2987.5,98.382,0.729,3.395,11.695,3.193,0,1,0.708,0.00900000000000001,0.01,-0.022,-0.042,4
1,0,0,0,0,0,0,0,0,0,0,0,0,0,2988,91.348,0.771,3.235,10.985,3.308,0,1,0.698,0.01,0.00900000000000001,-0.042,-0.0599999999999999,4
1,0,0,0,0,0,0,0,0,0,0,0,0,0,2988.5,87.05,0.831,3.21,10.64,3.493,0,1,0.689,0.00900000000000001,0.0099999999999999,-0.0599999999999999,-0.0970000000000001,5
1,0,0,0,0,0,0,0,0,0,0,0,0,0,2989,82.98,0.928,2.835,10.115,3.526,0,1,0.679,0.0099999999999999,0.00900000000000001,-0.0970000000000001,-0.0909999999999999,4
1,0,0,0,0,0,0,0,0,0,0,0,0,0,2989.5,67.264,1.019,0.475,8.435,3.217,0,1,0.67,0.00900000000000001,0.01,-0.0909999999999999,-0.028,5
1,0,0,0,0,0,0,0,0,0,0,0,0,0,2990,57.069,1.047,-2.385,7.115,3.157,0,1,0.66,0.01,0.00900000000000001,-0.028,-0.0190000000000001,6
1,0,0,0,0,0,0,0,0,0,0,0,0,0,2990.5,46.874,1.066,-3.97,6.6,3.159,0,1,0.651,0.00900000000000001,0.00900000000000001,-0.0190000000000001,0.00600000000000001,6
1,0,0,0,0,0,0,0,0,0,0,0,0,0,2991,39.325,1.06,-3.69,7.15,3.224,0,1,0.642,0.00900000000000001,0.01,0.00600000000000001,0.018,6
1,0,0,0,0,0,0,0,0,0,0,0,0,0,2991.5,43.946,1.042,-2.73,7.29,3.272,0,1,0.632,0.01,0.00900000000000001,0.018,0.0370000000000001,6
1,0,0,0,0,0,0,0,0,0,0,0,0,0,2992,51.73,1.005,-0.9,7.98,3.29,0,1,0.623,0.00900000000000001,0.01,0.0370000000000001,0.0489999999999999,6
1,0,0,0,0,0,0,0,0,0,0,0,0,0,2992.5,58.374,0.956,1.46,9.41,3.277,0,1,0.613,0.01,0.00900000000000001,0.0489999999999999,0.0519999999999999,6
1,0,0,0,0,0,0,0,0,0,0,0,0,0,2993,67.754,0.904,3.985,11.545,3.296,0,1,0.604,0.00900000000000001,0.01,0.0519999999999999,0.03,4
1,0,0,0,0,0,0,0,0,0,0,0,0,0,2993.5,71.206,0.874,5.045,12.915,3.328,0,1,0.594,0.01,0.00900000000000001,0.03,0.022,4
1,0,0,0,0,0,0,0,0,0,0,0,0,0,2994,69.188,0.852,4.86,12.85,3.33,0,1,0.585,0.00900000000000001,0.01,0.022,0.011,4
1,0,0,0,0,0,0,0,0,0,0,0,0,0,2994.5,58.452,0.841,3.455,11.265,3.332,0,1,0.575,0.01,0.00900000000000001,0.011,0.025,4
1,0,0,0,0,0,0,0,0,0,0,0,0,0,2995,38.715,0.816,2.185,9.855,3.365,0,1,0.566,0.00900000000000001,0.0089999999999999,0.025,0.0149999999999999,6
1,0,0,0,0,0,0,0,0,0,0,0,0,0,2995.5,30.541,0.801,0.96,8.76,3.476,0,1,0.557,0.0089999999999999,0.01,0.0149999999999999,0.00900000000000001,6
1,0,0,0,0,0,0,0,0,0,0,0,0,0,2996,21.684,0.792,-0.04,8.28,3.774,0,1,0.547,0.01,0.00900000000000001,0.00900000000000001,-0.001,6
1,0,0,0,0,0,0,0,0,0,0,0,0,0,2996.5,21.252,0.793,-0.505,9.225,4.041,0,1,0.538,0.00900000000000001,0.01,-0.001,0,8
1,0,0,0,0,0,0,0,0,0,0,0,0,0,2997,23.117,0.793,-0.555,9.895,4.292,0,1,0.528,0.01,0.00900000000000001,0,0.002,6
1,0,0,0,0,0,0,0,0,0,0,0,0,0,2997.5,28.85,0.791,-0.46,9.89,4.371,0,1,0.519,0.00900000000000001,0.01,0.002,0.003,9
1,0,0,0,0,0,0,0,0,0,0,0,0,0,2998,36.226,0.788,-0.085,9.175,4.112,0,1,0.509,0.01,0.00900000000000001,0.003,-0.013,6
1,0,0,0,0,0,0,0,0,0,0,0,0,0,2998.5,42.83,0.801,0.41,8.49,3.91,0,1,0.5,0.00900000000000001,0.00900000000000001,-0.013,-0.0189999999999999,6
1,0,0,0,0,0,0,0,0,0,0,0,0,0,2999,46.846,0.82,1.255,8.275,3.793,0,1,0.491,0.00900000000000001,0.01,-0.0189999999999999,-0.025,6
1,0,0,0,0,0,0,0,0,0,0,0,0,0,2999.5,48.133,0.845,1.77,8.29,3.486,0,1,0.481,0.01,0.00900000000000001,-0.025,-0.029,6
1,0,0,0,0,0,0,0,0,0,0,0,0,0,3000,43.162,0.874,1.35,8.64,3.263,0,1,0.472,0.00900000000000001,0.00999999999999995,-0.029,-0.046,6
1,0,0,0,0,0,0,0,0,0,0,0,0,0,3000.5,36.586,0.92,1.01,8.74,3.187,0,1,0.462,0.00999999999999995,0.00900000000000001,-0.046,-0.0349999999999999,6
1,0,0,0,0,0,0,0,0,0,0,0,0,0,3001,32.746,0.955,0.625,8.535,3.173,0,1,0.453,0.00900000000000001,0.01,-0.0349999999999999,-0.019,6
1,0,0,0,0,0,0,0,0,0,0,0,0,0,3001.5,30.957,0.974,0.565,8.555,3.315,0,1,0.443,0.01,0.00900000000000001,-0.019,-0.00700000000000001,6
1,0,0,0,0,0,0,0,0,0,0,0,0,0,3002,30.765,0.981,0.545,8.575,3.441,0,1,0.434,0.00900000000000001,0.00900000000000001,-0.00700000000000001,-0.00600000000000001,6
1,0,0,0,0,0,0,0,0,0,0,0,0,0,3002.5,31.265,0.987,0.625,8.425,3.618,0,1,0.425,0.00900000000000001,0.01,-0.00600000000000001,-0.00700000000000001,6
1,0,0,0,0,0,0,0,0,0,0,0,0,0,3003,33.124,0.994,0.755,8.045,3.943,0,1,0.415,0.01,0.00899999999999995,-0.00700000000000001,-0.003,8
1,0,0,0,0,0,0,0,0,0,0,0,0,0,3003.5,35.211,0.997,0.635,7.555,4.07,0,1,0.406,0.00899999999999995,0.01,-0.003,0.00900000000000001,6
1,0,0,0,0,0,0,0,0,0,0,0,0,0,3004,36.386,0.988,0.125,7.135,3.885,0,1,0.396,0.01,0.00900000000000001,0.00900000000000001,0.037,6
1,0,0,0,0,0,0,0,0,0,0,0,0,0,3004.5,38.017,0.951,-0.175,6.875,3.654,0,1,0.387,0.00900000000000001,0.01,0.037,0.0479999999999999,6
1,0,0,0,0,0,0,0,0,0,0,0,0,0,3005,41.016,0.903,0.055,6.825,3.438,0,1,0.377,0.01,0.00900000000000001,0.0479999999999999,0.049,6
1,0,0,0,0,0,0,0,0,0,0,0,0,0,3005.5,49.654,0.854,1.52,7.51,3.33,0,1,0.368,0.00900000000000001,0.01,0.049,0.0549999999999999,6
1,0,0,0,0,0,0,0,0,0,0,0,0,0,3006,62.068,0.799,3.1,9.13,3.209,0,1,0.358,0.01,0.00900000000000001,0.0549999999999999,0.0590000000000001,4
1,0,0,0,0,0,0,0,0,0,0,0,0,0,3006.5,71.222,0.74,4,10.98,3.087,0,1,0.349,0.00900000000000001,0.00899999999999995,0.0590000000000001,0.049,4
1,0,0,0,0,0,0,0,0,0,0,0,0,0,3007,73.309,0.691,4.015,12.425,2.98,0,1,0.34,0.00899999999999995,0.01,0.049,0.0639999999999999,4
1,0,0,0,0,0,0,0,0,0,0,0,0,0,3007.5,69.469,0.627,3.19,13.37,2.904,0,1,0.33,0.01,0.00900000000000001,0.0639999999999999,0.0679999999999999,4
1,0,0,0,0,0,0,0,0,0,0,0,0,0,3008,65.857,0.559,2.1,14.08,2.859,0,1,0.321,0.00900000000000001,0.01,0.0679999999999999,0.055,4
1,0,0,0,0,0,0,0,0,0,0,0,0,0,3008.5,58.369,0.504,0.715,14.235,2.83,0,1,0.311,0.01,0.00900000000000001,0.055,0.069,7
1,0,0,0,0,0,0,0,0,0,0,0,0,0,3009,56.125,0.435,-0.775,13.415,2.786,0,1,0.302,0.00900000000000001,0.01,0.069,0.057,7
1,0,0,0,0,0,0,0,0,0,0,0,0,0,3009.5,56.769,0.378,-1.155,12.805,2.726,0,1,0.292,0.01,0.00900000000000001,0.057,0.08,7
1,0,0,0,0,0,0,0,0,0,0,0,0,0,3010,62.587,0.298,-0.18,12.87,2.588,0,1,0.283,0.00900000000000001,0.00899999999999995,0.08,0.046,7
1,0,0,0,0,0,0,0,0,0,0,0,0,0,3010.5,64.674,0.252,0.24,14.42,2.465,0,1,0.274,0.00899999999999995,0.01,0.046,0.04,7
1,0,0,0,0,0,0,0,0,0,0,0,0,0,3011,64.253,0.212,0.24,16.36,2.374,0,1,0.264,0.01,0.00900000000000001,0.04,0.046,7
1,0,0,0,0,0,0,0,0,0,0,0,0,0,3011.5,61.553,0.166,-0.295,18.395,2.329,0,1,0.255,0.00900000000000001,0.01,0.046,0.052,7
1,0,0,0,0,0,0,0,0,0,0,0,0,0,3012,60.221,0.114,-0.59,19.27,2.315,0,1,0.245,0.01,0.00900000000000001,0.052,0.021,7
1,0,0,0,0,0,0,0,0,0,0,0,0,0,3012.5,59.116,0.093,-0.655,19.655,2.302,0,1,0.236,0.00900000000000001,0.00999999999999998,0.021,0.012,7
1,0,0,0,0,0,0,0,0,0,0,0,0,0,3013,57.997,0.081,-0.8,19.69,2.258,0,1,0.226,0.00999999999999998,0.00900000000000001,0.012,-0.01,7
1,0,0,0,0,0,0,0,0,0,0,0,0,0,3013.5,57.363,0.091,-1.105,19.095,2.243,0,1,0.217,0.00900000000000001,0.00900000000000001,-0.01,-0.053,7
1,0,0,0,0,0,0,0,0,0,0,0,0,0,3014,57.863,0.144,-1.27,18.12,2.261,0,1,0.208,0.00900000000000001,0.00999999999999998,-0.053,-0.062,7
1,0,0,0,0,0,0,0,0,0,0,0,0,0,3014.5,59.038,0.206,-1.26,17.03,2.326,0,1,0.198,0.00999999999999998,0.00900000000000001,-0.062,-0.084,7
1,0,0,0,0,0,0,0,0,0,0,0,0,0,3015,60.213,0.29,-1.04,16.68,2.409,0,1,0.189,0.00900000000000001,0.01,-0.084,-0.078,7
1,0,0,0,0,0,0,0,0,0,0,0,0,0,3015.5,61.16,0.368,-0.14,16.68,2.781,0,1,0.179,0.01,0.00899999999999998,-0.078,-0.1,7
1,0,0,0,0,0,0,0,0,0,0,0,0,0,3016,58.46,0.468,-0.25,15.21,3.327,0,1,0.17,0.00899999999999998,0.01,-0.1,-0.0959999999999999,7
1,0,0,0,0,0,0,0,0,0,0,0,0,0,3016.5,53.48,0.564,0.36,11.47,3.796,0,1,0.16,0.01,0.00900000000000001,-0.0959999999999999,-0.0930000000000001,6
1,0,0,0,0,0,0,0,0,0,0,0,0,0,3017,51.692,0.657,0.825,8.125,4.062,0,1,0.151,0.00900000000000001,0.00900000000000001,-0.0930000000000001,-0.15,6
1,0,0,0,0,0,0,0,0,0,0,0,0,0,3017.5,67.238,0.807,1.7,7.13,4.173,0,1,0.142,0.00900000000000001,0.00999999999999998,-0.15,-0.083,8
1,0,0,0,0,0,0,0,0,0,0,0,0,0,3018,74.796,0.89,2.905,7.335,4.19,0,1,0.132,0.00999999999999998,0.00900000000000001,-0.083,-0.035,5
1,0,0,0,0,0,0,0,0,0,0,0,0,0,3018.5,75.743,0.925,3.055,7.765,4.302,0,1,0.123,0.00900000000000001,0.01,-0.035,-0.003,4
1,0,0,0,0,0,0,0,0,0,0,0,0,0,3019,70.991,0.928,2.325,7.785,4.444,0,1,0.113,0.01,0.00900000000000001,-0.003,-0.001,4
1,0,0,0,0,0,0,0,0,0,0,0,0,0,3019.5,57.348,0.929,1.355,7.395,4.492,0,1,0.104,0.00900000000000001,0.01,-0.001,0,8
1,0,0,0,0,0,0,0,0,0,0,0,0,0,3020,46.213,0.929,0.67,7.43,4.385,0,1,0.094,0.01,0.00899999999999999,0,0.003,6
1,0,0,0,0,0,0,0,0,0,0,0,0,0,3020.5,42.116,0.926,0.19,7.17,4.201,0,1,0.085,0.00899999999999999,0.01,0.003,0.00800000000000001,8
1,0,0,0,0,0,0,0,0,0,0,0,0,0,3021,44.925,0.918,-0.19,6.69,4.093,0,1,0.075,0.01,0.00899999999999999,0.00800000000000001,0.00600000000000001,8
1,0,0,0,0,0,0,0,0,0,0,0,0,0,3021.5,55.903,0.912,0.07,5.72,4.034,0,1,0.066,0.00899999999999999,0.009,0.00600000000000001,0.00600000000000001,8
1,0,0,0,0,0,0,0,0,0,0,0,0,0,3022,66.196,0.906,0.495,5.375,3.958,0,1,0.057,0.009,0.01,0.00600000000000001,0.012,8
1,0,0,0,0,0,0,0,0,0,0,0,0,0,3022.5,73.526,0.894,1.44,5.26,3.82,0,1,0.047,0.01,-0.078,0.012,0.185,8
0,0,0,1,0,0,0,0,0,0,0,0,0,0,3032,72.392,0.709,-0.74,18.41,2.629,1,0,0.125,-0.078,0.062,0.185,-0.0830000000000001,2
0,0,0,1,0,0,0,0,0,0,0,0,0,0,3032.5,69.928,0.792,-0.69,19.32,2.616,1,0,0.063,0.062,-0.937,-0.0830000000000001,-0.0569999999999999,2
0,0,1,0,0,0,0,0,0,0,0,0,0,0,3033,64.72,0.849,-0.96,16.33,2.914,0,1,1,-0.937,0.023,-0.0569999999999999,-0.043,8
0,0,1,0,0,0,0,0,0,0,0,0,0,0,3033.5,52.445,0.892,0.91,11.35,3.292,0,1,0.977,0.023,0.022,-0.043,-0.038,8
0,0,1,0,0,0,0,0,0,0,0,0,0,0,3034,43.362,0.93,-0.02,6.92,3.571,0,1,0.955,0.022,0.0459999999999999,-0.038,-0.0439999999999999,8
0,0,1,0,0,0,0,0,0,0,0,0,0,0,3034.5,42.064,0.974,0.015,5.495,3.435,0,1,0.909,0.0459999999999999,0.023,-0.0439999999999999,0.018,6
0,0,1,0,0,0,0,0,0,0,0,0,0,0,3035,45.642,0.956,0.005,5.475,3.375,0,1,0.886,0.023,0.022,0.018,0.0239999999999999,6
0,0,1,0,0,0,0,0,0,0,0,0,0,0,3035.5,53.266,0.932,-0.105,5.545,3.299,0,1,0.864,0.022,0.023,0.0239999999999999,0.038,6
0,0,1,0,0,0,0,0,0,0,0,0,0,0,3036,59.043,0.894,0.17,6.99,3.114,0,1,0.841,0.023,0.023,0.038,0.0600000000000001,6
0,0,1,0,0,0,0,0,0,0,0,0,0,0,3036.5,62.331,0.834,-0.245,9.835,2.813,0,1,0.818,0.023,0.0229999999999999,0.0600000000000001,-0.05,6
0,0,1,0,0,0,0,0,0,0,0,0,0,0,3037,60.946,0.884,-1.69,16.08,2.745,0,1,0.795,0.0229999999999999,0.022,-0.05,-0.034,6
0,0,1,0,0,0,0,0,0,0,0,0,0,0,3037.5,53.914,0.918,-0.72,19.54,3.152,0,1,0.773,0.022,0.023,-0.034,-0.004,3
0,0,1,0,0,0,0,0,0,0,0,0,0,0,3038,45.287,0.922,-0.86,18.44,3.962,0,1,0.75,0.023,0.023,-0.004,-0.003,8
0,0,1,0,0,0,0,0,0,0,0,0,0,0,3038.5,30.049,0.925,0.445,13.565,4.571,0,1,0.727,0.023,0.022,-0.003,-0.0219999999999999,8
0,0,1,0,0,0,0,0,0,0,0,0,0,0,3039,23.017,0.947,0.54,9.59,4.806,0,1,0.705,0.022,0.0229999999999999,-0.0219999999999999,-0.026,9
0,0,1,0,0,0,0,0,0,0,0,0,0,0,3039.5,21.228,0.973,-0.03,7.57,4.824,0,1,0.682,0.0229999999999999,0.023,-0.026,-0.012,9
0,0,1,0,0,0,0,0,0,0,0,0,0,0,3040,20.109,0.985,0.225,6.725,4.81,0,1,0.659,0.023,0.023,-0.012,-0.01,8
0,0,1,0,0,0,0,0,0,0,0,0,0,0,3040.5,19.256,0.995,0.415,6.505,4.859,0,1,0.636,0.023,0.022,-0.01,-0.004,8
0,0,1,0,0,0,0,0,0,0,0,0,0,0,3041,18.38,0.999,0.44,6.29,4.892,0,1,0.614,0.022,0.023,-0.004,0.012,8
0,0,1,0,0,0,0,0,0,0,0,0,0,0,3041.5,17.275,0.987,0.185,6.075,4.91,0,1,0.591,0.023,0.023,0.012,0.012,8
0,0,1,0,0,0,0,0,0,0,0,0,0,0,3042,16.39,0.975,0.015,5.815,4.88,0,1,0.568,0.023,0.0229999999999999,0.012,0.012,8
0,0,1,0,0,0,0,0,0,0,0,0,0,0,3042.5,16.197,0.963,-0.205,5.445,4.834,0,1,0.545,0.0229999999999999,0.022,0.012,0.00600000000000001,8
0,0,1,0,0,0,0,0,0,0,0,0,0,0,3043,16.469,0.957,-0.225,5.335,4.76,0,1,0.523,0.022,0.023,0.00600000000000001,-0.016,8
0,0,1,0,0,0,0,0,0,0,0,0,0,0,3043.5,20.38,0.973,-0.295,5.255,4.669,0,1,0.5,0.023,0.023,-0.016,-0.0319999999999999,6
0,0,1,0,0,0,0,0,0,0,0,0,0,0,3044,31.86,1.005,-0.185,5.045,4.547,0,1,0.477,0.023,0.022,-0.0319999999999999,-0.034,6
0,0,1,0,0,0,0,0,0,0,0,0,0,0,3044.5,39.608,1.039,0.44,5.16,4.517,0,1,0.455,0.022,0.023,-0.034,-0.0250000000000001,6
0,0,1,0,0,0,0,0,0,0,0,0,0,0,3045,43.291,1.064,0.96,5.09,4.488,0,1,0.432,0.023,0.023,-0.0250000000000001,-0.0249999999999999,6
0,0,1,0,0,0,0,0,0,0,0,0,0,0,3045.5,44.001,1.089,1.295,4.875,4.396,0,1,0.409,0.023,0.023,-0.0249999999999999,-0.0230000000000001,6
0,0,1,0,0,0,0,0,0,0,0,0,0,0,3046,38.574,1.112,0.7,4.09,4.275,0,1,0.386,0.023,0.022,-0.0230000000000001,-0.0159999999999998,6
0,0,1,0,0,0,0,0,0,0,0,0,0,0,3046.5,35.19,1.128,0.195,3.575,4.245,0,1,0.364,0.022,0.023,-0.0159999999999998,-0.00300000000000011,6
0,0,1,0,0,0,0,0,0,0,0,0,0,0,3047,32.946,1.131,-0.215,3.205,4.434,0,1,0.341,0.023,0.023,-0.00300000000000011,0.00300000000000011,6
0,0,1,0,0,0,0,0,0,0,0,0,0,0,3047.5,31.613,1.128,-0.095,3.545,4.405,0,1,0.318,0.023,0.023,0.00300000000000011,0.0359999999999998,6
0,0,1,0,0,0,0,0,0,0,0,0,0,0,3048,32.113,1.092,-0.005,4.715,4.329,0,1,0.295,0.023,0.022,0.0359999999999998,0.04,6
0,0,1,0,0,0,0,0,0,0,0,0,0,0,3048.5,32.368,1.052,0.29,5.42,4.285,0,1,0.273,0.022,0.023,0.04,0.0740000000000001,6
0,0,1,0,0,0,0,0,0,0,0,0,0,0,3049,31.507,0.978,0.405,5.865,4.224,0,1,0.25,0.023,0.023,0.0740000000000001,0.098,6
0,0,1,0,0,0,0,0,0,0,0,0,0,0,3049.5,30.849,0.88,0.445,6.595,4.04,0,1,0.227,0.023,0.022,0.098,0.108,8
0,0,1,0,0,0,0,0,0,0,0,0,0,0,3050,29.953,0.772,0.91,7.82,3.451,0,1,0.205,0.022,0.023,0.108,0.049,6
0,0,1,0,0,0,0,0,0,0,0,0,0,0,3050.5,28.876,0.723,1.24,9.64,3.141,0,1,0.182,0.023,0.023,0.049,0.018,6
0,0,1,0,0,0,0,0,0,0,0,0,0,0,3051,28.228,0.705,1.21,10.47,3.206,0,1,0.159,0.023,0.023,0.018,0.012,6
0,0,1,0,0,0,0,0,0,0,0,0,0,0,3051.5,28.263,0.693,1.005,10.355,3.38,0,1,0.136,0.023,0.022,0.012,0,7
0,0,1,0,0,0,0,0,0,0,0,0,0,0,3052,28.754,0.693,0.47,9.35,3.646,0,1,0.114,0.022,0.023,0,-0.001,8
0,0,1,0,0,0,0,0,0,0,0,0,0,0,3052.5,34.26,0.694,0.34,7.94,3.974,0,1,0.091,0.023,0.023,-0.001,0,8
0,0,1,0,0,0,0,0,0,0,0,0,0,0,3053,45.01,0.694,0.485,6.185,4.241,0,1,0.068,0.023,0.023,0,-0.013,6
0,0,1,0,0,0,0,0,0,0,0,0,0,0,3053.5,55.98,0.707,0.665,5.945,4.093,0,1,0.045,0.023,0.022,-0.013,-0.01,8
0,0,1,0,0,0,0,0,0,0,0,0,0,0,3054,67.146,0.717,0.965,6.695,3.67,0,1,0.023,0.022,-0.977,-0.01,0.00900000000000001,8
0,0,0,0,0,1,0,0,0,0,0,0,0,0,3054.5,80,0.708,1.965,8.815,3.361,1,0,1,-0.977,0.05,0.00900000000000001,0.018,3
0,0,0,0,0,1,0,0,0,0,0,0,0,0,3055,85.05,0.69,3.215,10.515,3.16,1,0,0.95,0.05,0.0499999999999999,0.018,0.0309999999999999,3
0,0,0,0,0,1,0,0,0,0,0,0,0,0,3055.5,83.946,0.659,3.965,11.115,3.178,1,0,0.9,0.0499999999999999,0.05,0.0309999999999999,0.036,2
0,0,0,0,0,1,0,0,0,0,0,0,0,0,3056,80.973,0.623,4.61,10.99,3.211,1,0,0.85,0.05,0.0499999999999999,0.036,0.031,2
0,0,0,0,0,1,0,0,0,0,0,0,0,0,3056.5,78.782,0.592,4.845,10.905,3.213,1,0,0.8,0.0499999999999999,0.05,0.031,0.018,2
0,0,0,0,0,1,0,0,0,0,0,0,0,0,3057,76.082,0.574,4.82,10.73,3.231,1,0,0.75,0.05,0.05,0.018,0.0119999999999999,2
0,0,0,0,0,1,0,0,0,0,0,0,0,0,3057.5,72.925,0.562,4.535,10.405,3.217,1,0,0.7,0.05,0.0499999999999999,0.0119999999999999,0.012,2
0,0,0,0,0,1,0,0,0,0,0,0,0,0,3058,72.049,0.55,4.24,10.55,3.187,1,0,0.65,0.0499999999999999,0.05,0.012,0.015,2
0,0,0,0,0,1,0,0,0,0,0,0,0,0,3058.5,71.391,0.535,4.115,11.005,3.128,1,0,0.6,0.05,0.0499999999999999,0.015,0.00800000000000001,2
0,0,0,0,0,1,0,0,0,0,0,0,0,0,3059,70.751,0.527,4.055,11.765,3.036,1,0,0.55,0.0499999999999999,0.05,0.00800000000000001,-0.00600000000000001,2
0,0,0,0,0,1,0,0,0,0,0,0,0,0,3059.5,71.261,0.533,4.235,12.565,3.007,1,0,0.5,0.05,0.05,-0.00600000000000001,0.015,2
0,0,0,0,0,1,0,0,0,0,0,0,0,0,3060,73.11,0.518,4.44,12.8,2.978,1,0,0.45,0.05,0.05,0.015,0.027,2
0,0,0,0,0,1,0,0,0,0,0,0,0,0,3060.5,75.425,0.491,3.815,12.085,2.903,1,0,0.4,0.05,0.05,0.027,0.021,2
0,0,0,0,0,1,0,0,0,0,0,0,0,0,3061,76.828,0.47,3.265,11.525,2.687,1,0,0.35,0.05,0.05,0.021,0.012,2
0,0,0,0,0,1,0,0,0,0,0,0,0,0,3061.5,75.04,0.458,3.16,11.69,2.58,1,0,0.3,0.05,0.05,0.012,0.00900000000000001,2
0,0,0,0,0,1,0,0,0,0,0,0,0,0,3062,70.288,0.449,3.695,12.535,2.534,1,0,0.25,0.05,0.05,0.00900000000000001,0.00600000000000001,2
0,0,0,0,1,0,0,0,0,0,0,0,0,0,3062.5,66.266,0.443,4.505,13.995,2.553,1,0,0.2,0.05,0.05,0.00600000000000001,0.002,2
0,0,0,0,1,0,0,0,0,0,0,0,0,0,3063,60.79,0.441,6.07,16.34,2.679,1,0,0.15,0.05,0.05,0.002,-0.003,2
0,0,0,0,1,0,0,0,0,0,0,0,0,0,3063.5,54.67,0.444,6.25,16.74,3.35,1,0,0.1,0.05,0.05,-0.003,-0.001,3
0,0,0,0,1,0,0,0,0,0,0,0,0,0,3064,48.094,0.445,5.995,16.615,3.865,1,0,0.05,0.05,-0.95,-0.001,0,2
0,0,0,0,1,0,0,0,0,0,0,0,0,0,3064.5,41.062,0.445,3.425,13.955,4.24,0,1,1,-0.95,0.036,0,-0.01,5
0,0,0,0,1,0,0,0,0,0,0,0,0,0,3065,39.046,0.455,1.725,12.915,4.507,0,1,0.964,0.036,0.0349999999999999,-0.01,-0.003,8
0,0,0,0,1,0,0,0,0,0,0,0,0,0,3065.5,38.169,0.458,1.1,12.79,4.354,0,1,0.929,0.0349999999999999,0.036,-0.003,-0.00700000000000001,8
0,0,0,0,1,0,0,0,0,0,0,0,0,0,3066,40.493,0.465,0.895,13.365,4.293,0,1,0.893,0.036,0.036,-0.00700000000000001,0.00600000000000001,8
0,0,0,0,1,0,0,0,0,0,0,0,0,0,3066.5,43.948,0.459,0.68,13.98,4.248,0,1,0.857,0.036,0.036,0.00600000000000001,0.036,8
0,0,0,0,1,0,0,0,0,0,0,0,0,0,3067,46.491,0.423,0.57,14.45,4.266,0,1,0.821,0.036,0.0349999999999999,0.036,0.031,9
0,0,0,0,1,0,0,0,0,0,0,0,0,0,3067.5,47.21,0.392,0.565,14.945,4.331,0,1,0.786,0.0349999999999999,0.036,0.031,0.046,9
0,0,0,0,1,0,0,0,0,0,0,0,0,0,3068,46.789,0.346,0.765,15.325,4.395,0,1,0.75,0.036,0.036,0.046,0.021,7
0,0,0,0,1,0,0,0,0,0,0,0,0,0,3068.5,45.912,0.325,0.985,15.625,4.397,0,1,0.714,0.036,0.0349999999999999,0.021,0.021,9
0,0,0,0,1,0,0,0,0,0,0,0,0,0,3069,45.704,0.304,1.205,15.925,4.383,0,1,0.679,0.0349999999999999,0.036,0.021,0.00900000000000001,9
0,0,0,0,1,0,0,0,0,0,0,0,0,0,3069.5,45.527,0.295,1.27,15.89,4.276,0,1,0.643,0.036,0.036,0.00900000000000001,0.00600000000000001,8
0,0,0,0,1,0,0,0,0,0,0,0,0,0,3070,44.887,0.289,1.155,15.315,4.123,0,1,0.607,0.036,0.036,0.00600000000000001,-0.001,7
0,0,0,0,1,0,0,0,0,0,0,0,0,0,3070.5,44.23,0.29,0.815,14.205,3.95,0,1,0.571,0.036,0.0349999999999999,-0.001,0.00899999999999995,7
0,0,0,0,1,0,0,0,0,0,0,0,0,0,3071,44.274,0.281,0.55,12.84,3.785,0,1,0.536,0.0349999999999999,0.036,0.00899999999999995,0.034,7
0,0,0,0,1,0,0,0,0,0,0,0,0,0,3071.5,45.221,0.247,0.545,11.605,3.647,0,1,0.5,0.036,0.036,0.034,0.08,7
0,0,0,0,1,0,0,0,0,0,0,0,0,0,3072,46.396,0.167,1.685,11.385,3.431,0,1,0.464,0.036,0.035,0.08,0.049,7
0,0,0,0,1,0,0,0,0,0,0,0,0,0,3072.5,46.888,0.118,2.92,12.76,3.2,0,1,0.429,0.035,0.036,0.049,0.049,7
0,0,0,0,1,0,0,0,0,0,0,0,0,0,3073,46.475,0.069,4.4,16.76,2.968,0,1,0.393,0.036,0.036,0.049,0.027,7
0,0,0,0,1,0,0,0,0,0,0,0,0,0,3073.5,46.738,0.042,5.065,20.085,2.815,0,1,0.357,0.036,0.036,0.027,0.009,7
0,0,0,0,1,0,0,0,0,0,0,0,0,0,3074,47.914,0.033,4.815,20.915,2.848,0,1,0.321,0.036,0.035,0.009,-0.007,7
0,0,0,0,1,0,0,0,0,0,0,0,0,0,3074.5,51.596,0.04,4.485,20.755,2.99,0,1,0.286,0.035,0.036,-0.007,-0.062,7
0,0,0,0,1,0,0,0,0,0,0,0,0,0,3075,62.89,0.102,4.42,17.02,3.474,0,1,0.25,0.036,0.036,-0.062,-0.118,7
0,0,0,0,1,0,0,0,0,0,0,0,0,0,3075.5,80.38,0.22,3.955,12.965,4.067,0,1,0.214,0.036,0.035,-0.118,-0.127,7
0,0,0,0,1,0,0,0,0,0,0,0,0,0,3076,105.725,0.347,2.42,7.33,4.271,0,1,0.179,0.035,0.036,-0.127,-0.177,6
0,0,0,0,1,0,0,0,0,0,0,0,0,0,3076.5,131.069,0.524,1.655,5.355,3.838,0,1,0.143,0.036,0.036,-0.177,-0.112,6
0,0,0,0,1,0,0,0,0,0,0,0,0,0,3077,145.018,0.636,-0.905,7.135,3.203,0,1,0.107,0.036,0.036,-0.112,-0.09,6
0,0,0,0,1,0,0,0,0,0,0,0,0,0,3077.5,131.376,0.726,-1.94,12.26,2.816,0,1,0.071,0.036,0.035,-0.09,-0.0660000000000001,6
0,0,0,0,0,0,0,1,0,0,0,0,0,0,3078,110.21,0.792,0.27,14.14,2.678,0,1,0.036,0.035,-0.964,-0.0660000000000001,-0.0339999999999999,3
0,0,0,0,0,0,0,1,0,0,0,0,0,0,3078.5,89.045,0.826,3.14,13.7,2.773,1,0,1,-0.964,0.056,-0.0339999999999999,0.0179999999999999,3
0,0,0,0,0,0,0,1,0,0,0,0,0,0,3079,73.807,0.808,4.795,11.855,3.371,1,0,0.944,0.056,0.0549999999999999,0.0179999999999999,0.027,2
0,0,0,0,0,0,0,1,0,0,0,0,0,0,3079.5,73.158,0.781,4.755,10.905,3.493,1,0,0.889,0.0549999999999999,0.056,0.027,0.018,2
0,0,0,0,0,0,0,1,0,0,0,0,0,0,3080,73.195,0.763,3.975,10.205,3.432,1,0,0.833,0.056,0.0549999999999999,0.018,0.015,2
0,0,0,0,0,0,0,1,0,0,0,0,0,0,3080.5,72.325,0.748,3.68,10,3.387,1,0,0.778,0.0549999999999999,0.056,0.015,0.00600000000000001,2
0,0,0,0,0,0,0,1,0,0,0,0,0,0,3081,71.221,0.742,3.33,9.69,3.374,1,0,0.722,0.056,0.0549999999999999,0.00600000000000001,0,2
0,0,0,0,0,0,0,1,0,0,0,0,0,0,3081.5,70.563,0.742,2.76,9.25,3.329,1,0,0.667,0.0549999999999999,0.056,0,0.00900000000000001,2
0,0,0,0,0,0,0,1,0,0,0,0,0,0,3082,71.519,0.733,1.75,10.04,3.145,1,0,0.611,0.056,0.0549999999999999,0.00900000000000001,0.011,2
0,0,0,0,0,0,0,1,0,0,0,0,0,0,3082.5,74.062,0.722,2.32,12.64,2.945,1,0,0.556,0.0549999999999999,0.056,0.011,0.012,2
0,0,0,0,0,0,0,1,0,0,0,0,0,0,3083,77.061,0.71,2.765,15.055,2.776,1,0,0.5,0.056,0.056,0.012,0.015,2
0,0,0,0,0,0,0,1,0,0,0,0,0,0,3083.5,78.693,0.695,3.04,15.66,2.793,1,0,0.444,0.056,0.055,0.015,0.0119999999999999,2
0,0,0,0,0,0,0,1,0,0,0,0,0,0,3084,79.192,0.683,2.505,14.075,2.951,1,0,0.389,0.055,0,0.0119999999999999,0,2
0,0,0,0,0,0,0,1,0,0,0,0,0,0,3084.5,79.192,0.683,2.505,14.075,2.951,1,0,0.389,0,0.056,0,0.021,2
0,0,0,0,0,0,0,1,0,0,0,0,0,0,3085,78.999,0.662,2.395,12.335,2.984,1,0,0.333,0.056,0.055,0.021,0.022,2
0,0,0,0,0,0,0,1,0,0,0,0,0,0,3085.5,78.114,0.64,2.395,11.095,2.909,1,0,0.278,0.055,0.056,0.022,0.015,2
0,0,0,0,0,0,0,1,0,0,0,0,0,0,3086,77.246,0.625,2.705,12.075,2.708,1,0,0.222,0.056,0.055,0.015,0.005,2
0,0,0,0,0,0,0,1,0,0,0,0,0,0,3086.5,76.369,0.62,2.305,15.615,2.601,1,0,0.167,0.055,0.056,0.005,-0.013,2
0,0,0,0,0,0,0,1,0,0,0,0,0,0,3087,72.301,0.633,0.98,21.27,2.759,1,0,0.111,0.056,0.055,-0.013,-0.034,2
0,0,0,0,0,0,0,1,0,0,0,0,0,0,3087.5,61.107,0.667,-1.74,21.21,3.849,1,0,0.056,0.055,-0.944,-0.034,-0.013,2
0,0,0,0,0,0,1,0,0,0,0,0,0,0,3088,41.149,0.68,-2.295,18.875,4.854,0,1,1,-0.944,0.0620000000000001,-0.013,-0.00600000000000001,8
0,0,0,0,0,0,1,0,0,0,0,0,0,0,3088.5,28.419,0.686,-0.92,14.54,5.036,0,1,0.938,0.0620000000000001,0.0629999999999999,-0.00600000000000001,-0.001,8
0,0,0,0,0,0,1,0,0,0,0,0,0,0,3089,22.527,0.687,0.36,10.24,5.044,0,1,0.875,0.0629999999999999,0.0620000000000001,-0.001,0.003,8
0,0,0,0,0,0,1,0,0,0,0,0,0,0,3089.5,18.459,0.684,2.27,8.16,4.931,0,1,0.813,0.0620000000000001,0.0629999999999999,0.003,0.005,8
0,0,0,0,0,0,1,0,0,0,0,0,0,0,3090,17.345,0.679,2.67,8.23,4.547,0,1,0.75,0.0629999999999999,0.0620000000000001,0.005,0.003,8
0,0,0,0,0,0,1,0,0,0,0,0,0,0,3090.5,17.617,0.676,2.855,8.725,4.328,0,1,0.688,0.0620000000000001,0.0629999999999999,0.003,0.012,8
0,0,0,0,0,0,1,0,0,0,0,0,0,0,3091,19.292,0.664,2.695,9.465,4.299,0,1,0.625,0.0629999999999999,0.0620000000000001,0.012,0.00900000000000001,8
0,0,0,0,0,0,1,0,0,0,0,0,0,0,3091.5,21.572,0.655,2.535,9.705,4.301,0,1,0.563,0.0620000000000001,0.0629999999999999,0.00900000000000001,0.002,8
0,0,0,0,0,0,1,0,0,0,0,0,0,0,3092,22.975,0.653,1.95,9.21,4.319,0,1,0.5,0.0629999999999999,0.062,0.002,0.003,7
0,0,0,0,0,0,1,0,0,0,0,0,0,0,3092.5,23.922,0.65,1.34,8.59,4.305,0,1,0.438,0.062,0.063,0.003,-0.00700000000000001,8
0,0,0,0,0,0,1,0,0,0,0,0,0,0,3093,24.869,0.657,0.63,7.42,4.291,0,1,0.375,0.063,0.062,-0.00700000000000001,-0.012,8
0,0,0,0,0,0,1,0,0,0,0,0,0,0,3093.5,27.64,0.669,0.42,6.02,4.216,0,1,0.313,0.062,0.063,-0.012,-0.001,8
0,0,0,0,0,0,1,0,0,0,0,0,0,0,3094,34.058,0.67,0.44,4.4,4.109,0,1,0.25,0.063,0.062,-0.001,0.018,6
0,0,0,0,0,0,1,0,0,0,0,0,0,0,3094.5,41.489,0.652,1.11,4.03,3.815,0,1,0.188,0.062,0.063,0.018,0.021,6
0,0,0,0,0,0,1,0,0,0,0,0,0,0,3095,51.235,0.631,1.73,5.19,3.444,0,1,0.125,0.063,0.062,0.021,0.021,6
0,0,0,0,0,0,0,0,0,1,0,0,0,0,3095.5,55.601,0.61,2.42,7.82,3.146,0,1,0.063,0.062,-0.937,0.021,0.00900000000000001,6
0,0,0,0,0,0,0,0,0,1,0,0,0,0,3096,59.512,0.601,3.715,10.375,2.935,1,0,1,-0.937,0.05,0.00900000000000001,0.003,3
0,0,0,0,0,0,0,0,0,1,0,0,0,0,3096.5,62.055,0.598,4.13,12.01,2.844,1,0,0.95,0.05,0.0499999999999999,0.003,0.00600000000000001,2
0,0,0,0,0,0,0,0,0,1,0,0,0,0,3097,64.37,0.592,3.83,12.15,2.768,1,0,0.9,0.0499999999999999,0.05,0.00600000000000001,0.005,2
0,0,0,0,0,0,0,0,0,1,0,0,0,0,3097.5,65.773,0.587,3.32,11.31,2.708,1,0,0.85,0.05,0.0499999999999999,0.005,-0.00600000000000001,2
0,0,0,0,0,0,0,0,0,1,0,0,0,0,3098,66.036,0.593,2.635,9.895,2.663,1,0,0.8,0.0499999999999999,0.05,-0.00600000000000001,-0.004,2
0,0,0,0,0,0,0,0,0,1,0,0,0,0,3098.5,64.712,0.597,2.65,9.32,2.616,1,0,0.75,0.05,0.05,-0.004,-0.003,2
0,0,0,0,0,0,0,0,0,1,0,0,0,0,3099,64.039,0.6,2.545,8.775,2.603,1,0,0.7,0.05,0.0499999999999999,-0.003,-0.01,2
0,0,0,0,0,0,0,0,0,1,0,0,0,0,3099.5,64.332,0.61,2.57,8.69,2.589,1,0,0.65,0.0499999999999999,0.05,-0.01,0.00900000000000001,2
0,0,0,0,0,0,0,0,0,1,0,0,0,0,3100,68.247,0.601,2.545,9.105,2.531,1,0,0.6,0.05,0.0499999999999999,0.00900000000000001,0.018,2
0,0,0,0,0,0,0,0,0,1,0,0,0,0,3100.5,75.809,0.583,2.99,10.63,2.486,1,0,0.55,0.0499999999999999,0.05,0.018,0.0239999999999999,2
0,0,0,0,0,0,0,0,0,1,0,0,0,0,3101,84.739,0.559,3.69,12.42,2.488,1,0,0.5,0.05,0.05,0.0239999999999999,0.018,2
0,0,0,0,0,0,0,0,0,1,0,0,0,0,3101.5,95.768,0.541,4.595,14.775,2.52,1,0,0.45,0.05,0.05,0.018,0.012,2
0,0,0,0,0,0,0,0,0,1,0,0,0,0,3102,94.175,0.529,4.575,15.465,2.6,1,0,0.4,0.05,0.05,0.012,0,2
0,0,0,0,0,0,0,0,0,1,0,0,0,0,3102.5,89.427,0.529,4.575,15.555,2.788,1,0,0.35,0.05,0.05,0,0.002,2
0,0,0,0,0,0,0,0,0,1,0,0,0,0,3103,84.908,0.527,4.35,14.27,3.148,1,0,0.3,0.05,0.05,0.002,-0.003,2
0,0,0,0,0,0,0,0,0,1,0,0,0,0,3103.5,81.3,0.53,3.17,11.82,3.103,1,0,0.25,0.05,0.05,-0.003,-0.004,2
0,0,0,0,0,0,0,0,0,1,0,0,0,0,3104,82.251,0.534,1.84,10.85,2.691,1,0,0.2,0.05,0.05,-0.004,-0.0339999999999999,2
0,0,0,0,0,0,0,0,0,1,0,0,0,0,3104.5,83.203,0.568,0.12,16.21,2.235,1,0,0.15,0.05,0.05,-0.0339999999999999,-0.0790000000000001,2
0,0,0,0,0,0,0,0,0,1,0,0,0,0,3105,82.888,0.647,-0.305,24.225,2.113,1,0,0.1,0.05,0.05,-0.0790000000000001,-0.084,2
0,0,0,0,0,0,0,0,1,0,0,0,0,0,3105.5,70.526,0.731,-3.475,31.335,2.301,1,0,0.05,0.05,-0.95,-0.084,-0.0620000000000001,2
0,0,0,0,0,0,0,0,1,0,0,0,0,0,3106,59.858,0.793,-2.585,25.825,3.329,0,1,1,-0.95,0.056,-0.0620000000000001,-0.0219999999999999,8
0,0,0,0,0,0,0,0,1,0,0,0,0,0,3106.5,43.933,0.815,-2.425,18.585,4.233,0,1,0.944,0.056,0.0549999999999999,-0.0219999999999999,-0.013,8
0,0,0,0,0,0,0,0,1,0,0,0,0,0,3107,30.523,0.828,-0.505,13.435,4.53,0,1,0.889,0.0549999999999999,0.056,-0.013,-0.039,8
0,0,0,0,0,0,0,0,1,0,0,0,0,0,3107.5,21.444,0.867,-0.83,7.75,4.734,0,1,0.833,0.056,0.0549999999999999,-0.039,-0.081,8
0,0,0,0,0,0,0,0,1,0,0,0,0,0,3108,18.52,0.948,0.5,5.3,4.86,0,1,0.778,0.0549999999999999,0.056,-0.081,-0.0860000000000001,8
0,0,0,0,0,0,0,0,1,0,0,0,0,0,3108.5,20.668,1.034,0.725,4.655,4.986,0,1,0.722,0.056,0.0549999999999999,-0.0860000000000001,-0.0429999999999999,8
0,0,0,0,0,0,0,0,1,0,0,0,0,0,3109,23.396,1.077,0.945,4.055,4.972,0,1,0.667,0.0549999999999999,0.056,-0.0429999999999999,-0.0350000000000001,8
0,0,0,0,0,0,0,0,1,0,0,0,0,0,3109.5,25.716,1.112,1,3.38,4.974,0,1,0.611,0.056,0.0549999999999999,-0.0350000000000001,-0.0189999999999999,6
0,0,0,0,0,0,0,0,1,0,0,0,0,0,3110,28.035,1.131,1.335,2.125,4.991,0,1,0.556,0.0549999999999999,0.056,-0.0189999999999999,0.00300000000000011,8
0,0,0,0,0,0,0,0,1,0,0,0,0,0,3110.5,31.494,1.128,1.565,1.855,5.024,0,1,0.5,0.056,0.111,0.00300000000000011,-0.0170000000000001,6
0,0,0,0,0,0,0,0,1,0,0,0,0,0,3111,42.743,1.145,0.74,2.92,4.996,0,1,0.389,0.111,0.056,-0.0170000000000001,-0.0129999999999999,6
0,0,0,0,0,0,0,0,1,0,0,0,0,0,3111.5,47.021,1.158,0.415,2.815,4.874,0,1,0.333,0.056,0.055,-0.0129999999999999,0,6
0,0,0,0,0,0,0,0,1,0,0,0,0,0,3112,49.443,1.158,0.265,2.475,4.72,0,1,0.278,0.055,0.056,0,0.0859999999999999,6
0,0,0,0,0,0,0,0,1,0,0,0,0,0,3112.5,48.343,1.072,0.175,2.025,4.435,0,1,0.222,0.056,0.055,0.0859999999999999,0.0790000000000001,6
0,0,0,0,0,0,0,0,1,0,0,0,0,0,3113,47.243,0.993,0.305,2.325,4.07,0,1,0.167,0.055,0.056,0.0790000000000001,0.0569999999999999,6
0,0,0,0,0,0,0,0,1,0,0,0,0,0,3113.5,47.738,0.936,0.625,3.575,3.745,0,1,0.111,0.056,0.055,0.0569999999999999,0.036,6
0,0,0,0,0,0,0,0,0,0,0,1,0,0,3114,55.757,0.9,2.86,7.09,3.514,0,1,0.056,0.055,-0.944,0.036,0.024,6
0,0,0,0,0,0,0,0,0,0,0,1,0,0,3114.5,67.815,0.876,4.345,9.295,3.406,1,0,1,-0.944,0.0620000000000001,0.024,0.024,2
0,0,0,0,0,0,0,0,0,0,0,1,0,0,3115,68.904,0.852,4.72,9.57,3.455,1,0,0.938,0.0620000000000001,0.0629999999999999,0.024,0.018,2
0,0,0,0,0,0,0,0,0,0,0,1,0,0,3115.5,64.085,0.834,3.905,7.665,3.565,1,0,0.875,0.0629999999999999,0.0620000000000001,0.018,0.00600000000000001,2
0,0,0,0,0,0,0,0,0,0,0,1,0,0,3116,53.913,0.828,3.37,5.72,3.645,1,0,0.813,0.0620000000000001,0.0629999999999999,0.00600000000000001,-0.013,2
0,0,0,0,0,0,0,0,0,0,0,1,0,0,3116.5,50.715,0.841,2.665,4.465,3.615,1,0,0.75,0.0629999999999999,0.0620000000000001,-0.013,-0.013,2
0,0,0,0,0,0,0,0,0,0,0,1,0,0,3117,51.22,0.854,2.43,3.86,3.714,1,0,0.688,0.0620000000000001,0.25,-0.013,0.0599999999999999,2
0,0,0,0,0,0,0,0,0,0,0,1,0,0,3119,65.99,0.794,3.075,6.985,3.5,1,0,0.438,0.25,0.063,0.0599999999999999,0.03,2
0,0,0,0,0,0,0,0,0,0,0,1,0,0,3119.5,74.325,0.764,1.485,11.995,3.159,1,0,0.375,0.063,0.062,0.03,0.046,2
0,0,0,0,0,0,0,0,0,0,0,1,0,0,3120,77.227,0.718,1.095,15.315,2.865,1,0,0.313,0.062,0.063,0.046,0.0309999999999999,2
0,0,0,0,0,0,0,0,0,0,0,1,0,0,3120.5,78.863,0.687,1.285,17.905,2.696,1,0,0.25,0.063,0.062,0.0309999999999999,0.018,2
0,0,0,0,0,0,0,0,0,0,0,1,0,0,3121,79.13,0.669,2.755,19.325,2.651,1,0,0.188,0.062,0.063,0.018,0.012,2
0,0,0,0,0,0,0,0,0,0,0,1,0,0,3121.5,76.89,0.657,4.55,19.53,2.671,1,0,0.125,0.063,0.062,0.012,-0.0349999999999999,2
0,0,0,0,0,0,0,0,0,0,1,0,0,0,3122,69.179,0.692,6.11,19.22,3.114,1,0,0.063,0.062,-0.937,-0.0349999999999999,-0.04,2
0,0,0,0,0,0,0,0,0,0,1,0,0,0,3122.5,59.999,0.732,4.62,16.19,4.134,0,1,1,-0.937,0.017,-0.04,-0.029,8
0,0,0,0,0,0,0,0,0,0,1,0,0,0,3123,41.912,0.761,1.64,10.98,4.726,0,1,0.983,0.017,0.017,-0.029,-0.044,8
0,0,0,0,0,0,0,0,0,0,1,0,0,0,3123.5,26.222,0.805,0.755,7.955,4.899,0,1,0.966,0.017,0.018,-0.044,-0.0399999999999999,8
0,0,0,0,0,0,0,0,0,0,1,0,0,0,3124,22.615,0.845,1.58,6.02,4.854,0,1,0.948,0.018,0.0169999999999999,-0.0399999999999999,-0.004,8
0,0,0,0,0,0,0,0,0,0,1,0,0,0,3124.5,20.83,0.849,1.97,4.39,4.778,0,1,0.931,0.0169999999999999,0.017,-0.004,0.013,8
0,0,0,0,0,0,0,0,0,0,1,0,0,0,3125,21.326,0.836,2.77,4.39,4.655,0,1,0.914,0.017,0.017,0.013,0.111,8
0,0,0,0,0,0,0,0,0,0,1,0,0,0,3125.5,23.645,0.725,3.665,5.185,4.408,0,1,0.897,0.017,0.018,0.111,0.138,8
0,0,0,0,0,0,0,0,0,0,1,0,0,0,3126,29.02,0.587,4.805,7.455,3.97,0,1,0.879,0.018,0.017,0.138,0.126,8
0,0,0,0,0,0,0,0,0,0,1,0,0,0,3126.5,35.588,0.461,5.255,11.615,3.606,0,1,0.862,0.017,0.017,0.126,0.136,7
0,0,0,0,0,0,0,0,0,0,1,0,0,0,3127,39.503,0.325,5.335,18.395,3.309,0,1,0.845,0.017,0.017,0.136,0.086,7
0,0,0,0,0,0,0,0,0,0,1,0,0,0,3127.5,41.139,0.239,4.545,21.765,3.342,0,1,0.828,0.017,0.0179999999999999,0.086,0.055,7
0,0,0,0,0,0,0,0,0,0,1,0,0,0,3128,41.862,0.184,2.77,21.54,3.422,0,1,0.81,0.0179999999999999,0.017,0.055,0.015,7
0,0,0,0,0,0,0,0,0,0,1,0,0,0,3128.5,42.586,0.169,-0.02,19,3.485,0,1,0.793,0.017,0.017,0.015,0.03,9
0,0,0,0,0,0,0,0,0,0,1,0,0,0,3129,44.221,0.139,2.425,18.905,3.378,0,1,0.776,0.017,0.017,0.03,0.018,9
0,0,0,0,0,0,0,0,0,0,1,0,0,0,3129.5,47.395,0.121,3.7,20.04,3.209,0,1,0.759,0.017,0.018,0.018,0.018,9
0,0,0,0,0,0,0,0,0,0,1,0,0,0,3130,54.796,0.103,4.59,22.87,3.133,0,1,0.741,0.018,0.017,0.018,0.012,7
0,0,0,0,0,0,0,0,0,0,1,0,0,0,3130.5,58.255,0.091,5.19,25.77,3.166,0,1,0.724,0.017,0.017,0.012,0.015,7
0,0,0,0,0,0,0,0,0,0,1,0,0,0,3131,60.347,0.076,4.065,26.095,3.118,0,1,0.707,0.017,0.017,0.015,0.028,7
0,0,0,0,0,0,0,0,0,0,1,0,0,0,3131.5,61.754,0.048,3.235,25.165,3.06,0,1,0.69,0.017,0.0179999999999999,0.028,0.046,7
0,0,0,0,0,0,0,0,0,0,1,0,0,0,3132,61.794,0.002,2.74,22.4,3.14,0,1,0.672,0.0179999999999999,0.017,0.046,0.049,7
0,0,0,0,0,0,0,0,0,0,1,0,0,0,3132.5,61.833,-0.047,3.65,21.13,3.437,0,1,0.655,0.017,0.017,0.049,0.049,7
0,0,0,0,0,0,0,0,0,0,1,0,0,0,3133,62.358,-0.096,4.43,21.27,3.672,0,1,0.638,0.017,0.017,0.049,0.051,7
0,0,0,0,0,0,0,0,0,0,1,0,0,0,3133.5,63.062,-0.147,4.895,22.325,3.782,0,1,0.621,0.017,0.018,0.051,0.059,7
0,0,0,0,0,0,0,0,0,0,1,0,0,0,3134,63.33,-0.206,5.245,22.895,3.737,0,1,0.603,0.018,0.017,0.059,0.012,7
0,0,0,0,0,0,0,0,0,0,1,0,0,0,3134.5,62.685,-0.218,5.035,22.725,3.584,0,1,0.586,0.017,0.017,0.012,0.012,7
0,0,0,0,0,0,0,0,0,0,1,0,0,0,3135,60.217,-0.23,4.57,21.84,3.444,0,1,0.569,0.017,0.0169999999999999,0.012,-0.013,7
0,0,0,0,0,0,0,0,0,0,1,0,0,0,3135.5,55.926,-0.217,5.185,20.385,3.352,0,1,0.552,0.0169999999999999,0.018,-0.013,-0.032,7
0,0,0,0,0,0,0,0,0,0,1,0,0,0,3136,52.318,-0.185,5.795,18.665,3.496,0,1,0.534,0.018,0.017,-0.032,-0.025,7
0,0,0,0,0,0,0,0,0,0,1,0,0,0,3136.5,47.244,-0.16,5.445,15.725,3.855,0,1,0.517,0.017,0.017,-0.025,-0.022,6
0,0,0,0,0,0,0,0,0,0,1,0,0,0,3137,45.786,-0.138,4.165,11.765,3.966,0,1,0.5,0.017,0.017,-0.022,-0.022,7
0,0,0,0,0,0,0,0,0,0,1,0,0,0,3137.5,46.975,-0.116,5.55,10.25,3.765,0,1,0.483,0.017,0.017,-0.022,-0.013,7
0,0,0,0,0,0,0,0,0,0,1,0,0,0,3138,51.907,-0.103,7.385,11.675,3.44,0,1,0.466,0.017,0.018,-0.013,-0.01,7
0,0,0,0,0,0,0,0,0,0,1,0,0,0,3138.5,58.336,-0.093,6.61,13.74,3.162,0,1,0.448,0.018,0.017,-0.01,-0.003,7
0,0,0,0,0,0,0,0,0,0,1,0,0,0,3139,64.995,-0.09,5.94,16.68,3.024,0,1,0.431,0.017,0.017,-0.003,-0.001,7
0,0,0,0,0,0,0,0,0,0,1,0,0,0,3139.5,67.543,-0.089,5.7,17.72,3.057,0,1,0.414,0.017,0.017,-0.001,0.015,7
0,0,0,0,0,0,0,0,0,0,1,0,0,0,3140,68.041,-0.104,5.755,18.395,3.171,0,1,0.397,0.017,0.018,0.015,0.04,7
0,0,0,0,0,0,0,0,0,0,1,0,0,0,3140.5,66.186,-0.144,5.995,19.265,3.231,0,1,0.379,0.018,0.017,0.04,0.043,7
0,0,0,0,0,0,0,0,0,0,1,0,0,0,3141,62.184,-0.187,6.54,20.72,3.264,0,1,0.362,0.017,0.017,0.043,0.052,7
0,0,0,0,0,0,0,0,0,0,1,0,0,0,3141.5,57.883,-0.239,6,21.62,3.297,0,1,0.345,0.017,0.017,0.052,0.058,7
0,0,0,0,0,0,0,0,0,0,1,0,0,0,3142,54.039,-0.297,5.725,22.245,3.282,0,1,0.328,0.017,0.018,0.058,0.074,7
0,0,0,0,0,0,0,0,0,0,1,0,0,0,3142.5,53.154,-0.371,5.745,23.065,3.222,0,1,0.31,0.018,0.017,0.074,0.061,7
0,0,0,0,0,0,0,0,0,0,1,0,0,0,3143,60.506,-0.432,5.78,23.96,3.115,0,1,0.293,0.017,0.017,0.061,0.024,7
0,0,0,0,0,0,0,0,0,0,1,0,0,0,3143.5,68.99,-0.456,6.14,25.32,2.977,0,1,0.276,0.017,0.017,0.024,0.012,7
0,0,0,0,0,0,0,0,0,0,1,0,0,0,3144,88.891,-0.468,7.025,27.595,2.916,0,1,0.259,0.017,0.018,0.012,-0.013,7
0,0,0,0,0,0,0,0,0,0,1,0,0,0,3144.5,114.955,-0.455,6.925,28.395,2.924,0,1,0.241,0.018,0.017,-0.013,-0.05,7
0,0,0,0,0,0,0,0,0,0,1,0,0,0,3145,139.876,-0.405,6.245,28.025,3.215,0,1,0.224,0.017,0.017,-0.05,-0.052,7
0,0,0,0,0,0,0,0,0,0,1,0,0,0,3145.5,157.729,-0.353,4.685,26.015,3.373,0,1,0.207,0.017,0.017,-0.052,-0.134,7
0,0,0,0,0,0,0,0,0,0,1,0,0,0,3146,167.803,-0.219,4.27,23.37,3.81,0,1,0.19,0.017,0.018,-0.134,-0.162,7
0,0,0,0,0,0,0,0,0,0,1,0,0,0,3146.5,151.183,-0.057,0.925,17.125,4.153,0,1,0.172,0.018,0.017,-0.162,-0.124,8
0,0,0,0,0,0,0,0,0,0,1,0,0,0,3147,123.264,0.067,0.285,14.215,4.404,0,1,0.155,0.017,0.017,-0.124,-0.167,7
0,0,0,0,0,0,0,0,0,0,1,0,0,0,3147.5,108.569,0.234,0.705,12.225,4.499,0,1,0.138,0.017,0.017,-0.167,-0.193,9
0,0,0,0,0,0,0,0,0,0,1,0,0,0,3148,101.072,0.427,1.15,10.76,4.392,0,1,0.121,0.017,0.018,-0.193,-0.198,6
0,0,0,0,0,0,0,0,0,0,1,0,0,0,3148.5,91.748,0.625,1.135,9.605,4.254,0,1,0.103,0.018,0.017,-0.198,-0.124,6
0,0,0,0,0,0,0,0,0,0,1,0,0,0,3149,83.794,0.749,2.075,7.845,4.023,0,1,0.086,0.017,0,-0.124,0,6
0,0,0,0,0,0,0,0,0,0,1,0,0,0,3149.5,83.794,0.749,2.075,7.845,4.023,0,1,0.086,0,0.017,0,-0.022,8
0,0,0,0,0,0,0,0,0,0,1,0,0,0,3150,79.722,0.771,2.89,6.64,4.04,0,1,0.069,0.017,0.017,-0.022,-0.029,6
0,0,0,0,0,0,0,0,0,0,1,0,0,0,3150.5,76.334,0.8,2.96,6.29,3.997,0,1,0.052,0.017,0.018,-0.029,0,8
0,0,0,0,0,0,0,0,0,0,1,0,0,0,3151,73.631,0.8,2.68,6.69,3.828,0,1,0.034,0.018,0.017,0,0.028,6
0,0,0,0,0,0,0,0,0,0,1,0,0,0,3151.5,76.865,0.772,2.42,8.6,3.535,0,1,0.017,0.017,-0.983,0.028,0.02,6
0,0,0,0,0,0,0,0,0,0,0,0,0,1,3152,79.924,0.752,2.62,11.51,3.148,1,0,1,-0.983,0.028,0.02,0.024,3
0,0,0,0,0,0,0,0,0,0,0,0,0,1,3152.5,82.199,0.728,3.725,14.555,2.964,1,0,0.972,0.028,0.028,0.024,0.028,3
0,0,0,0,0,0,0,0,0,0,0,0,0,1,3153,79.953,0.7,5.61,16.93,2.793,1,0,0.944,0.028,0.0269999999999999,0.028,0.0269999999999999,3
0,0,0,0,0,0,0,0,0,0,0,0,0,1,3153.5,75.881,0.673,6.3,17.57,2.969,1,0,0.917,0.0269999999999999,0.028,0.0269999999999999,0.021,3
0,0,0,0,0,0,0,0,0,0,0,0,0,1,3154,67.47,0.652,4.775,15.795,3.282,1,0,0.889,0.028,0.028,0.021,0.012,2
0,0,0,0,0,0,0,0,0,0,0,0,0,1,3154.5,58.832,0.64,4.315,13.575,3.642,1,0,0.861,0.028,0.028,0.012,0.00900000000000001,3
0,0,0,0,0,0,0,0,0,0,0,0,0,1,3155,57.946,0.631,3.595,11.305,3.893,1,0,0.833,0.028,0.0269999999999999,0.00900000000000001,0.00600000000000001,2
0,0,0,0,0,0,0,0,0,0,0,0,0,1,3155.5,65.755,0.625,3.465,10.355,3.911,1,0,0.806,0.0269999999999999,0.028,0.00600000000000001,0.00800000000000001,2
0,0,0,0,0,0,0,0,0,0,0,0,0,1,3156,69.445,0.617,3.39,11.54,3.82,1,0,0.778,0.028,0.028,0.00800000000000001,0.00900000000000001,2
0,0,0,0,0,0,0,0,0,0,0,0,0,1,3156.5,73.389,0.608,3.625,12.775,3.62,1,0,0.75,0.028,0.028,0.00900000000000001,0.003,2
0,0,0,0,0,0,0,0,0,0,0,0,0,1,3157,77.115,0.605,4.14,13.42,3.467,1,0,0.722,0.028,0.028,0.003,0.00900000000000001,2
0,0,0,0,0,0,0,0,0,0,0,0,0,1,3157.5,79.84,0.596,4.875,13.825,3.36,1,0,0.694,0.028,0.0269999999999999,0.00900000000000001,0.019,2
0,0,0,0,0,0,0,0,0,0,0,0,0,1,3158,82.616,0.577,5.235,14.845,3.207,1,0,0.667,0.0269999999999999,0.028,0.019,0.0229999999999999,2
0,0,0,0,0,0,0,0,0,0,0,0,0,1,3158.5,86.078,0.554,5.04,16.15,3.161,1,0,0.639,0.028,0.028,0.0229999999999999,0.015,2
0,0,0,0,0,0,0,0,0,0,0,0,0,1,3159,88.855,0.539,5.56,16.75,3.118,1,0,0.611,0.028,0.028,0.015,0.00900000000000001,2
0,0,0,0,0,0,0,0,0,0,0,0,0,1,3159.5,90.49,0.53,6.36,16.78,3.168,1,0,0.583,0.028,0.0269999999999999,0.00900000000000001,0.00800000000000001,2
0,0,0,0,0,0,0,0,0,0,0,0,0,1,3160,90.975,0.522,7.035,16.995,3.154,1,0,0.556,0.0269999999999999,0.028,0.00800000000000001,0.00900000000000001,2
0,0,0,0,0,0,0,0,0,0,0,0,0,1,3160.5,90.108,0.513,7.505,17.595,3.125,1,0,0.528,0.028,0,0.00900000000000001,0,2
