,Formation,Well Name,Depth,GR,ILD_log10,DeltaPHI,PHIND,PE,NM_M,RELPOS,Facies
0,A1 SH,STUART,2808,66.276,0.63,3.3,10.65,3.591,1,1,4
1,A1 SH,STUART,2808.5,77.252,0.585,6.5,11.95,3.341,1,0.978,2
2,A1 SH,STUART,2809,82.899,0.566,9.4,13.6,3.064,1,0.956,2
3,A1 SH,STUART,2809.5,80.671,0.593,9.5,13.25,2.977,1,0.933,2
4,A1 SH,STUART,2810,75.971,0.638,8.7,12.35,3.02,1,0.911,2
5,A1 SH,STUART,2810.5,73.955,0.667,6.9,12.25,3.086,1,0.889,4
6,A1 SH,STUART,2811,77.962,0.674,6.5,12.45,3.092,1,0.867,4
7,A1 SH,STUART,2811.5,83.894,0.667,6.3,12.65,3.123,1,0.844,4
8,A1 SH,STUART,2812,84.424,0.653,6.7,13.05,3.121,1,0.822,4
9,A1 SH,STUART,2812.5,83.16,0.642,7.3,12.95,3.127,1,0.8,4
10,A1 SH,STUART,2813,79.063,0.651,7.3,12.05,3.147,1,0.778,2
11,A1 SH,STUART,2813.5,69.002,0.677,6.2,10.8,3.096,1,0.756,2
12,A1 SH,STUART,2814,63.983,0.69,4.4,9.7,3.103,1,0.733,2
13,A1 SH,STUART,2814.5,61.797,0.675,3.5,9.15,3.101,1,0.711,2
14,A1 SH,STUART,2815,61.372,0.646,2.8,9.3,3.065,1,0.689,2
15,A1 SH,STUART,2815.5,63.535,0.621,2.8,9.8,2.982,1,0.667,2
16,A1 SH,STUART,2816,65.126,0.6,3.3,10.55,2.914,1,0.644,2
17,A1 SH,STUART,2816.5,75.93,0.576,3.4,11.9,2.845,1,0.6,2
18,A1 SH,STUART,2817,85.077,0.584,4.4,12.9,2.854,1,0.578,2
19,A1 SH,STUART,2817.5,89.459,0.598,6.6,13.5,2.986,1,0.556,4
20,A1 SH,STUART,2818,88.619,0.61,7.2,14.8,2.988,1,0.533,4
21,A1 SH,STUART,2818.5,81.593,0.636,6.4,13.9,2.998,1,0.511,4
22,A1 SH,STUART,2819,66.595,0.702,2.8,11.4,2.988,1,0.489,4
23,A1 SH,STUART,2819.5,55.081,0.789,2.7,8.15,3.028,1,0.467,2
24,A1 SH,STUART,2820,48.112,0.84,1,7.5,3.073,1,0.444,6
25,A1 SH,STUART,2820.5,43.73,0.846,0.4,7.1,3.146,1,0.422,6
26,A1 SH,STUART,2821,44.097,0.84,0.7,6.65,3.205,1,0.4,6
27,A1 SH,STUART,2821.5,46.839,0.842,0.8,6.6,3.254,1,0.378,6
28,A1 SH,STUART,2822,50.348,0.843,1.1,6.75,3.23,1,0.356,6
29,A1 SH,STUART,2822.5,57.129,0.822,2.2,7.3,3.237,1,0.333,2
30,A1 SH,STUART,2823,64.465,0.777,4.4,8.4,3.259,1,0.311,2
31,A1 SH,STUART,2823.5,70.267,0.729,7.1,9.85,3.289,1,0.289,2
32,A1 SH,STUART,2824,76.566,0.664,10.7,11.55,3.381,1,0.244,2
33,A1 SH,STUART,2824.5,76.778,0.643,10.7,12.25,3.452,1,0.222,2
34,A1 SH,STUART,2825,73.971,0.632,9.7,12.55,3.396,1,0.2,2
35,A1 SH,STUART,2825.5,74.314,0.622,8.8,13.1,3.144,1,0.178,2
36,A1 SH,STUART,2826,77.031,0.583,4.8,16.2,3.034,1,0.156,4
37,A1 SH,STUART,2826.5,74.469,0.517,4.8,19.2,2.931,1,0.133,3
38,A1 SH,STUART,2827,73.327,0.489,6.3,20.35,2.88,1,0.111,3
39,A1 SH,STUART,2827.5,74.575,0.526,4.9,19.25,2.795,1,0.089,3
40,A1 SH,STUART,2828,70.536,0.558,6.5,17.05,3.009,1,0.067,4
41,A1 SH,STUART,2828.5,62.939,0.528,7.6,18.8,3.073,1,0.044,4
42,A1 SH,STUART,2829,57.137,0.511,10.9,19.15,3.313,1,0.022,8
43,A1 LM,STUART,2829.5,47.345,0.584,7,16.3,3.527,2,1,8
44,A1 LM,STUART,2830,35.733,0.73,6.4,10.2,3.928,2,0.987,8
45,A1 LM,STUART,2830.5,29.327,0.873,2.7,7.85,4.33,2,0.974,8
46,A1 LM,STUART,2831,28.242,0.963,1.4,6.3,4.413,2,0.961,6
47,A1 LM,STUART,2831.5,34.558,1.018,1.8,5.6,4.511,2,0.947,6
48,A1 LM,STUART,2832,43.754,1.054,1.8,5.2,4.412,2,0.934,6
49,A1 LM,STUART,2832.5,53.612,1.067,1.5,5.05,4.226,2,0.921,6
50,A1 LM,STUART,2833,60.719,1.039,1.9,4.85,3.931,2,0.908,5
51,A1 LM,STUART,2833.5,66.538,0.94,2.7,5.45,3.703,2,0.895,6
52,A1 LM,STUART,2834,75.522,0.801,4,7.3,3.501,2,0.882,4
53,A1 LM,STUART,2834.5,95.979,0.692,6.5,9.55,3.346,2,0.868,2
54,A1 LM,STUART,2835,130.26,0.644,8.3,11.15,3.242,2,0.855,4
55,A1 LM,STUART,2835.5,160.167,0.643,9.3,12.15,3.294,2,0.842,4
56,A1 LM,STUART,2836,176.528,0.673,9.1,12.05,3.298,2,0.829,4
57,A1 LM,STUART,2836.5,175.622,0.72,8.9,12.15,3.349,2,0.816,4
58,A1 LM,STUART,2837,153.965,0.756,7.6,11.9,3.31,2,0.803,4
59,A1 LM,STUART,2837.5,120.076,0.766,7.2,12.2,3.365,2,0.789,4
60,A1 LM,STUART,2838,91.434,0.787,7.1,12.15,3.392,2,0.776,4
61,A1 LM,STUART,2838.5,69.312,0.874,4.6,10.4,3.293,2,0.763,4
62,A1 LM,STUART,2839,54.828,1.029,0.8,8.2,3.395,2,0.75,5
63,A1 LM,STUART,2839.5,50.854,1.149,0.3,6.85,3.5,2,0.737,6
64,A1 LM,STUART,2840,54.632,1.09,1,7.4,3.576,2,0.724,5
65,A1 LM,STUART,2840.5,56.835,0.924,4.1,8.45,3.555,2,0.711,5
66,A1 LM,STUART,2841,60.393,0.788,7.1,10.05,3.591,2,0.697,2
67,A1 LM,STUART,2841.5,58.94,0.733,8.1,11.15,3.576,2,0.684,6
68,A1 LM,STUART,2842,49.719,0.754,6.1,10.75,3.669,2,0.671,6
69,A1 LM,STUART,2842.5,41.404,0.819,3.5,9.55,3.872,2,0.658,6
70,A1 LM,STUART,2843,36.084,0.882,1.6,8.2,4.125,2,0.645,6
71,A1 LM,STUART,2843.5,29.344,0.897,0.1,7.25,4.23,2,0.632,8
72,A1 LM,STUART,2844,24.072,0.841,-0.6,6.8,4.302,2,0.618,8
73,A1 LM,STUART,2844.5,22.62,0.733,-2.5,7.65,4.348,2,0.605,8
74,A1 LM,STUART,2845,22.408,0.597,-3.8,9.5,4.29,2,0.592,8
75,A1 LM,STUART,2845.5,21.184,0.469,-2.7,11.05,4.255,2,0.579,8
76,A1 LM,STUART,2846,21.796,0.375,-2.3,13.35,4.213,2,0.566,8
77,A1 LM,STUART,2846.5,23.925,0.314,-1.8,15.1,4.363,2,0.553,8
78,A1 LM,STUART,2847,24.464,0.278,-1.3,16.15,4.495,2,0.539,8
79,A1 LM,STUART,2847.5,26.039,0.257,-1.9,16.55,4.602,2,0.526,8
80,A1 LM,STUART,2848,27.491,0.247,-2.5,16.45,4.544,2,0.513,8
81,A1 LM,STUART,2848.5,28.193,0.249,-2.4,16.3,4.587,2,0.5,8
82,A1 LM,STUART,2849,28.634,0.265,-1.9,16.15,4.678,2,0.487,9
83,A1 LM,STUART,2849.5,29.809,0.299,-1,15.2,4.866,2,0.474,9
84,A1 LM,STUART,2850,31.172,0.349,-1.5,14.15,4.783,2,0.461,9
85,A1 LM,STUART,2850.5,33.448,0.418,-1.1,12.65,4.688,2,0.447,8
86,A1 LM,STUART,2851,33.514,0.503,-1.2,11.3,4.628,2,0.434,8
87,A1 LM,STUART,2851.5,35.146,0.593,-0.5,10.05,4.387,2,0.421,8
88,A1 LM,STUART,2852,35.953,0.671,-0.7,9.45,4.291,2,0.408,8
89,A1 LM,STUART,2852.5,35.178,0.729,-0.6,9,4.178,2,0.395,8
90,A1 LM,STUART,2853,36.109,0.773,0.1,8.35,4.203,2,0.382,8
91,A1 LM,STUART,2853.5,38.769,0.82,1.3,7.55,4.262,2,0.368,5
92,A1 LM,STUART,2854,39.511,0.873,1.3,7.05,4.387,2,0.355,5
93,A1 LM,STUART,2854.5,40.523,0.927,2.6,6.5,4.006,2,0.342,5
94,A1 LM,STUART,2855,42.694,0.964,2.8,6.8,3.718,2,0.329,5
95,A1 LM,STUART,2855.5,45.297,0.959,3,7.3,3.594,2,0.316,5
96,A1 LM,STUART,2856,48.145,0.915,3.8,8.2,3.46,2,0.303,5
97,A1 LM,STUART,2856.5,51.041,0.862,5.9,8.75,3.333,2,0.289,6
98,A1 LM,STUART,2857,56.125,0.825,7.4,9.3,3.336,2,0.276,6
99,A1 LM,STUART,2857.5,62.205,0.807,6.4,9.9,3.362,2,0.263,2
100,A1 LM,STUART,2858,64.865,0.794,4.7,10.25,3.244,2,0.25,2
101,A1 LM,STUART,2858.5,68.186,0.771,4.1,10.25,3.174,2,0.237,4
102,A1 LM,STUART,2859,72.421,0.743,4.1,10.55,3.174,2,0.224,4
103,A1 LM,STUART,2859.5,74.322,0.73,4.5,10.65,3.187,2,0.211,4
104,A1 LM,STUART,2860,72.543,0.748,4.1,10.35,3.359,2,0.197,4
105,A1 LM,STUART,2860.5,65.672,0.814,3.5,9.05,3.618,2,0.184,4
106,A1 LM,STUART,2861,57.153,0.951,1.7,6.75,3.902,2,0.171,5
107,A1 LM,STUART,2861.5,46.056,1.148,0.1,4.55,4.221,2,0.158,6
108,A1 LM,STUART,2862,37.961,1.324,0,3.3,4.561,2,0.145,6
109,A1 LM,STUART,2862.5,33.579,1.402,-0.2,2.8,4.799,2,0.132,6
110,A1 LM,STUART,2863,31.212,1.439,-0.4,2.7,4.874,2,0.118,6
111,A1 LM,STUART,2863.5,30.176,1.486,-0.5,2.55,4.787,2,0.105,6
112,A1 LM,STUART,2864,29.858,1.507,-0.7,2.75,4.622,2,0.092,6
113,A1 LM,STUART,2864.5,29.923,1.433,-0.6,3.3,4.375,2,0.079,6
114,A1 LM,STUART,2865,34.428,1.279,0,4,4.115,2,0.066,6
115,A1 LM,STUART,2865.5,39.935,1.134,0.8,4.6,3.979,2,0.053,6
116,A1 LM,STUART,2866,39.935,1.134,0.8,4.6,3.979,2,0.053,6
117,A1 LM,STUART,2866.5,46.823,1.05,1.3,5.15,3.727,2,0.039,5
118,A1 LM,STUART,2867,57.969,1.01,2,5.2,3.537,2,0.026,6
119,A1 LM,STUART,2867.5,71.246,0.954,2.3,5.65,3.482,2,0.013,6
120,B1 SH,STUART,2868,82.548,0.843,3.2,7.2,3.532,1,1,4
121,B1 SH,STUART,2868.5,92.119,0.718,4.9,8.95,3.484,1,0.968,4
122,B1 SH,STUART,2869,93.564,0.635,7,11.1,3.402,1,0.935,4
123,B1 SH,STUART,2869.5,86.26,0.615,9,11.9,3.486,1,0.903,2
124,B1 SH,STUART,2870,77.097,0.637,9.5,11.25,3.56,1,0.871,2
125,B1 SH,STUART,2870.5,67.68,0.651,9.2,10.7,3.473,1,0.839,2
126,B1 SH,STUART,2871,64.049,0.639,8.5,10.65,3.401,1,0.806,2
127,B1 SH,STUART,2871.5,67.566,0.621,7.5,11.45,3.307,1,0.774,2
128,B1 SH,STUART,2872,69.728,0.604,7.1,12.45,3.28,1,0.742,4
129,B1 SH,STUART,2872.5,67.966,0.582,8.3,13.45,3.253,1,0.71,4
130,B1 SH,STUART,2873,65.803,0.565,9.6,13.5,3.284,1,0.677,2
131,B1 SH,STUART,2873.5,62.351,0.575,10.1,11.85,3.405,1,0.645,2
132,B1 SH,STUART,2874,59.512,0.621,10.1,9.65,3.504,1,0.613,2
133,B1 SH,STUART,2874.5,61.176,0.691,9.9,8.15,3.587,1,0.581,1
134,B1 SH,STUART,2875,65.754,0.751,9.6,7.7,3.605,1,0.548,2
135,B1 SH,STUART,2875.5,66.66,0.768,9,8.2,3.505,1,0.516,2
136,B1 SH,STUART,2876,64.604,0.742,8,8.9,3.411,1,0.484,2
137,B1 SH,STUART,2876.5,61.699,0.696,7,9.2,3.319,1,0.452,2
138,B1 SH,STUART,2877,58.353,0.657,5.6,9.3,3.265,1,0.419,2
139,B1 SH,STUART,2877.5,55.929,0.64,4.2,9.2,3.167,1,0.387,2
140,B1 SH,STUART,2878,57.414,0.64,4,9.1,3.181,1,0.355,2
141,B1 SH,STUART,2878.5,60.393,0.64,3.8,9.3,3.133,1,0.323,2
142,B1 SH,STUART,2879,65.901,0.636,4.2,9.9,3.163,1,0.29,2
143,B1 SH,STUART,2879.5,71.385,0.635,5.8,10.8,3.131,1,0.258,2
144,B1 SH,STUART,2880,75.816,0.625,4.9,13.55,2.997,1,0.226,4
145,B1 SH,STUART,2880.5,75.334,0.587,5.6,15.9,2.938,1,0.194,4
146,B1 SH,STUART,2881,72.69,0.558,4.8,18.5,2.969,1,0.129,3
147,B1 SH,STUART,2881.5,68.635,0.558,6.9,19.45,3.104,1,0.097,3
148,B1 SH,STUART,2882,60.695,0.52,7.5,21.25,3.147,1,0.065,5
149,B1 SH,STUART,2882.5,51.645,0.501,5.6,18.1,3.354,1,0.032,8
150,B1 LM,STUART,2883,41.918,0.548,7,10.9,3.764,2,1,8
151,B1 LM,STUART,2883.5,32.991,0.633,7.7,6.35,4.109,2,0.968,8
152,B1 LM,STUART,2884,28.258,0.705,5,6.1,4.154,2,0.935,8
153,B1 LM,STUART,2884.5,26.635,0.769,4.1,5.35,4.321,2,0.903,8
154,B1 LM,STUART,2885,25.541,0.847,3.6,4.8,4.476,2,0.871,8
155,B1 LM,STUART,2885.5,23.795,0.948,2.3,4.45,4.565,2,0.839,6
156,B1 LM,STUART,2886,20.719,1.061,2.2,3.5,4.615,2,0.806,6
157,B1 LM,STUART,2886.5,18.499,1.139,2.4,3.2,4.696,2,0.774,6
158,B1 LM,STUART,2887,19.446,1.118,1.5,4.65,4.668,2,0.742,8
159,B1 LM,STUART,2887.5,21.388,1.019,1,7.1,4.579,2,0.71,8
160,B1 LM,STUART,2888,24.178,0.908,1.2,9.2,4.292,2,0.677,8
161,B1 LM,STUART,2888.5,27.638,0.812,0,11.1,4.046,2,0.645,8
162,B1 LM,STUART,2889,31.669,0.724,0.9,11.45,3.822,2,0.613,8
163,B1 LM,STUART,2889.5,39.389,0.627,3.4,11.2,3.629,2,0.581,8
164,B1 LM,STUART,2890,49.385,0.535,6.4,11.5,3.517,2,0.548,8
165,B1 LM,STUART,2890.5,58.516,0.488,9,11.4,3.474,2,0.516,2
166,B1 LM,STUART,2891,66.619,0.511,9.2,10.8,3.613,2,0.484,2
167,B1 LM,STUART,2891.5,67.296,0.602,6.4,9.5,3.862,2,0.452,2
168,B1 LM,STUART,2892,57.798,0.745,3.7,8.25,4.052,2,0.419,4
169,B1 LM,STUART,2892.5,48.169,0.912,1.1,7.45,4.241,2,0.387,5
170,B1 LM,STUART,2893,41.437,1.045,0.4,6.3,4.476,2,0.355,6
171,B1 LM,STUART,2893.5,39.348,1.117,0.1,5.35,4.712,2,0.323,6
172,B1 LM,STUART,2894,49.312,1.144,1,4.5,4.56,2,0.29,6
173,B1 LM,STUART,2894.5,61.984,1.143,0.7,4.85,4.605,2,0.258,6
174,B1 LM,STUART,2895,73.506,1.122,0.9,5.75,4.574,2,0.226,6
175,B1 LM,STUART,2895.5,74.208,1.095,0.3,6.85,4.478,2,0.194,6
176,B1 LM,STUART,2896,67.819,1.072,-0.7,7.55,4.444,2,0.161,6
177,B1 LM,STUART,2896.5,61.625,1.057,-1.2,7.4,4.439,2,0.129,6
178,B1 LM,STUART,2897,61.625,1.057,-1.2,7.4,4.439,2,0.129,6
179,B1 LM,STUART,2897.5,55.481,1.041,-0.9,6.55,4.335,2,0.097,6
180,B1 LM,STUART,2898,57.251,0.98,-0.1,5.75,3.907,2,0.065,6
181,B1 LM,STUART,2898.5,67.28,0.84,-0.6,7.1,3.58,2,0.032,6
182,B2 SH,STUART,2899,76.02,0.686,0.7,9.45,3.23,1,1,2
183,B2 SH,STUART,2899.5,84.457,0.603,2.5,12.45,2.967,1,0.947,2
184,B2 SH,STUART,2900,89.019,0.595,4.6,14.9,2.794,1,0.895,4
185,B2 SH,STUART,2900.5,89.933,0.591,3.9,18.55,2.789,1,0.842,4
186,B2 SH,STUART,2901,89.386,0.539,4.5,22.55,2.861,1,0.789,3
187,B2 SH,STUART,2901.5,89.427,0.479,6.2,25.4,2.935,1,0.737,3
188,B2 SH,STUART,2902,87.517,0.461,7.6,24.4,3.128,1,0.684,3
189,B2 SH,STUART,2902.5,83.747,0.485,8.7,23.15,3.284,1,0.632,3
190,B2 SH,STUART,2903,78.304,0.541,6.1,21.25,3.332,1,0.579,3
191,B2 SH,STUART,2903.5,71.858,0.635,8.5,15.95,3.485,1,0.526,4
192,B2 SH,STUART,2904,64.701,0.737,5,15.7,3.471,1,0.474,5
193,B2 SH,STUART,2904.5,64.293,0.752,1.7,17.15,3.45,1,0.421,2
194,B2 SH,STUART,2905,67.158,0.686,-0.3,19.95,3.276,1,0.368,3
195,B2 SH,STUART,2905.5,72.478,0.631,0.2,20.4,3.171,1,0.316,3
196,B2 SH,STUART,2906,78.068,0.614,5,18.1,3.252,1,0.211,2
197,B2 SH,STUART,2906.5,73.008,0.592,2.4,20.1,3.175,1,0.158,3
198,B2 SH,STUART,2907,64.644,0.543,1.7,22.35,3.302,1,0.105,5
199,B2 SH,STUART,2907.5,49.801,0.538,0,20.8,3.551,1,0.053,8
200,B2 LM,STUART,2908,35.937,0.628,-2.8,16.8,3.96,2,1,8
201,B2 LM,STUART,2908.5,24.203,0.743,-0.3,12.35,4.454,2,0.963,8
202,B2 LM,STUART,2909,15.986,0.777,-0.2,11.5,4.657,2,0.926,8
203,B2 LM,STUART,2909.5,12.036,0.773,-0.5,10.55,4.594,2,0.889,8
204,B2 LM,STUART,2910,12.746,0.787,-1.2,9.2,4.437,2,0.852,8
205,B2 LM,STUART,2910.5,14.843,0.809,-1.6,7.7,4.351,2,0.815,8
206,B2 LM,STUART,2911,17.087,0.806,-1,6.8,4.242,2,0.778,8
207,B2 LM,STUART,2911.5,17.977,0.765,0.3,6.45,4.105,2,0.741,8
208,B2 LM,STUART,2912,18.834,0.701,-0.1,7.15,4.279,2,0.704,8
209,B2 LM,STUART,2912.5,19.258,0.644,0.4,7.4,4.669,2,0.667,8
210,B2 LM,STUART,2913,19.062,0.61,0.6,7.8,5.19,2,0.63,8
211,B2 LM,STUART,2913.5,18.638,0.6,1.8,7.6,5.527,2,0.593,8
212,B2 LM,STUART,2914,19.462,0.598,3.4,6.8,6.321,2,0.556,8
213,B2 LM,STUART,2914.5,19.552,0.581,3.1,6.95,6.16,2,0.519,8
214,B2 LM,STUART,2915,20.653,0.529,0.9,8.65,5.865,2,0.481,9
215,B2 LM,STUART,2915.5,23.371,0.45,-1,11.3,5.315,2,0.444,9
216,B2 LM,STUART,2916,25.468,0.391,-1.3,13.75,4.918,2,0.407,9
217,B2 LM,STUART,2916.5,26.292,0.377,-2.3,14.85,4.521,2,0.37,8
218,B2 LM,STUART,2917,27.736,0.411,-3.6,14.1,4.443,2,0.333,8
219,B2 LM,STUART,2917.5,29.784,0.482,-3.1,11.85,4.347,2,0.296,8
220,B2 LM,STUART,2918,31.041,0.578,-2.2,9.4,4.416,2,0.259,6
221,B2 LM,STUART,2918.5,30.837,0.683,-0.4,7.4,4.394,2,0.222,8
222,B2 LM,STUART,2919,32.64,0.807,1,5.6,4.343,2,0.185,5
223,B2 LM,STUART,2919.5,33.571,0.942,1.6,4.5,4.086,2,0.148,5
224,B2 LM,STUART,2920,39.56,1.003,1.9,4.55,3.811,2,0.111,5
225,B2 LM,STUART,2920.5,47.475,0.931,1.5,6.15,3.625,2,0.074,5
226,B2 LM,STUART,2921,56.443,0.821,2.3,8.05,3.393,2,0.037,6
227,B3 SH,STUART,2921.5,64.799,0.751,3.4,9.6,3.12,1,1,2
228,B3 SH,STUART,2922,69.72,0.711,3,12.4,3.03,1,0.95,4
229,B3 SH,STUART,2922.5,72.511,0.637,3.5,16.35,2.984,1,0.9,4
230,B3 SH,STUART,2923,74.698,0.525,5.4,20.8,2.915,1,0.85,3
231,B3 SH,STUART,2923.5,74.698,0.525,5.4,20.8,2.915,1,0.85,3
232,B3 SH,STUART,2924,73.425,0.458,5.2,21.6,2.92,1,0.8,3
233,B3 SH,STUART,2924.5,71.328,0.486,3.1,17.35,2.995,1,0.75,2
234,B3 SH,STUART,2925,68.937,0.587,4.1,13.25,3.122,1,0.7,4
235,B3 SH,STUART,2925.5,66.562,0.671,1.3,13.25,3.243,1,0.65,4
236,B3 SH,STUART,2926,64.636,0.663,3.2,13.3,3.324,1,0.6,4
237,B3 SH,STUART,2926.5,66.619,0.625,4,13.6,3.33,1,0.55,4
238,B3 SH,STUART,2927,66.619,0.625,4,13.6,3.33,1,0.55,4
239,B3 SH,STUART,2927.5,65.624,0.635,3.2,12.4,3.309,1,0.5,4
240,B3 SH,STUART,2928,65.322,0.68,3.3,9.65,3.315,1,0.45,4
241,B3 SH,STUART,2928.5,67.035,0.707,2.4,8.6,3.232,1,0.4,2
242,B3 SH,STUART,2929,68.194,0.693,3,8.8,3.157,1,0.35,2
243,B3 SH,STUART,2929.5,69.149,0.646,3,10.4,3.034,1,0.3,2
244,B3 SH,STUART,2930,72.201,0.588,3.2,13.2,3.052,1,0.25,4
245,B3 SH,STUART,2930.5,73.776,0.542,4.4,16,3.132,1,0.2,4
246,B3 SH,STUART,2931,72.609,0.525,5.5,17.55,3.31,1,0.15,3
247,B3 SH,STUART,2931.5,66.864,0.55,5.3,16.55,3.625,1,0.1,2
248,B3 SH,STUART,2932,53.702,0.62,5.7,13.75,4.003,1,0.05,4
249,B3 LM,STUART,2932.5,40.474,0.713,4.7,11.15,4.278,2,1,4
250,B3 LM,STUART,2933,28.12,0.774,2.2,10.5,4.537,2,0.9,8
251,B3 LM,STUART,2933.5,20.213,0.769,-1.1,10.95,4.682,2,0.8,8
252,B3 LM,STUART,2934,19.193,0.732,-1,11.1,4.546,2,0.7,8
253,B3 LM,STUART,2934.5,20.449,0.699,-0.7,10.65,4.386,2,0.6,8
254,B3 LM,STUART,2935,21.355,0.679,-0.1,9.95,4.28,2,0.5,8
255,B3 LM,STUART,2935.5,21.641,0.668,1.3,8.95,4.221,2,0.4,8
256,B3 LM,STUART,2936,24.203,0.653,2.6,8.3,4.099,2,0.3,8
257,B3 LM,STUART,2936.5,34.574,0.613,2.4,9,3.66,2,0.2,8
258,B3 LM,STUART,2937,45.231,0.548,2.3,10.45,3.496,2,0.1,6
259,B4 SH,STUART,2937.5,56.427,0.498,2.9,11.35,3.338,1,1,2
260,B4 SH,STUART,2938,67.06,0.504,1.7,11.65,3.135,1,0.944,2
261,B4 SH,STUART,2938.5,70.838,0.558,2,10.8,3.012,1,0.889,2
262,B4 SH,STUART,2939,69.932,0.612,3.3,10.05,3.066,1,0.833,2
263,B4 SH,STUART,2939.5,74.526,0.633,4.1,10.25,3.109,1,0.778,2
264,B4 SH,STUART,2940,77.611,0.626,5,11,3.063,1,0.722,2
265,B4 SH,STUART,2940.5,78.59,0.605,5.9,11.55,3.092,1,0.667,2
266,B4 SH,STUART,2941,76.729,0.591,5.7,11.95,3.051,1,0.611,2
267,B4 SH,STUART,2941.5,74.11,0.608,3.7,10.95,3.07,1,0.556,2
268,B4 SH,STUART,2942,66.407,0.653,2.2,9.6,2.997,1,0.5,2
269,B4 SH,STUART,2942.5,64.081,0.693,1.4,8.6,3.093,1,0.444,2
270,B4 SH,STUART,2943,65.885,0.705,0.9,8.55,3.106,1,0.389,2
271,B4 SH,STUART,2943.5,70.299,0.696,1.4,9,3.085,1,0.333,2
272,B4 SH,STUART,2944,70.299,0.696,1.4,9,3.085,1,0.333,2
273,B4 SH,STUART,2944.5,74.551,0.677,3.1,9.65,3.066,1,0.278,2
274,B4 SH,STUART,2945,79.659,0.643,3.4,12.5,2.902,1,0.222,4
275,B4 SH,STUART,2945.5,80.402,0.573,-2.8,19.3,2.982,1,0.167,2
276,B4 SH,STUART,2946,74.649,0.483,-0.5,23.95,3.14,1,0.111,3
277,B4 SH,STUART,2946.5,63.429,0.461,0.2,24.2,3.394,1,0.056,3
278,B4 LM,STUART,2947,47.916,0.598,-7.6,18.9,3.762,2,1,3
279,B4 LM,STUART,2947.5,32.469,0.912,-1.4,9.8,4.314,2,0.929,8
280,B4 LM,STUART,2948,20.718,1.222,-2.9,7.85,4.863,2,0.857,9
281,B4 LM,STUART,2948.5,15.015,1.233,-1.6,6.4,4.813,2,0.786,9
282,B4 LM,STUART,2949,14.084,1.084,-1.1,6.55,4.644,2,0.714,8
283,B4 LM,STUART,2949.5,15.937,0.962,-0.4,7.4,4.634,2,0.643,8
284,B4 LM,STUART,2950,19.348,0.901,-1,7.9,4.545,2,0.571,8
285,B4 LM,STUART,2950.5,21.469,0.906,-1.1,6.75,4.576,2,0.5,8
286,B4 LM,STUART,2951,22.587,0.969,-1.4,5.5,4.527,2,0.429,8
287,B4 LM,STUART,2951.5,25.721,1.079,-0.9,4.45,4.512,2,0.357,6
288,B4 LM,STUART,2952,29.45,1.2,0,4,4.437,2,0.286,6
289,B4 LM,STUART,2952.5,36.313,1.169,-3.3,6.95,3.97,2,0.214,6
290,B4 LM,STUART,2953,49.491,0.909,-8.9,13.85,3.695,2,0.143,8
291,B5 SH,STUART,2953.5,69.222,0.469,-6,27.9,3.351,1,1,3
292,B5 SH,STUART,2954,70.968,0.444,-2.5,28.85,3.49,1,0.75,3
293,B5 SH,STUART,2954.5,65.379,0.501,-0.3,22.75,3.9,1,0.5,3
294,B5 SH,STUART,2955,54.093,0.56,-0.5,16.75,4.126,1,0.25,9
295,B5 LM,STUART,2955.5,41.633,0.541,3.9,11.55,4.482,2,1,8
296,B5 LM,STUART,2956,33.644,0.439,3.8,11.7,4.707,2,0.976,8
297,B5 LM,STUART,2956.5,28.977,0.321,1.3,14.45,4.447,2,0.951,8
298,B5 LM,STUART,2957,24.611,0.232,-1.1,17.25,4.481,2,0.927,8
299,B5 LM,STUART,2957.5,24.154,0.184,-2.9,19.65,4.327,2,0.902,8
300,B5 LM,STUART,2958,25.639,0.173,-2.4,20.5,4.302,2,0.878,8
301,B5 LM,STUART,2958.5,25.957,0.191,-2.4,19.9,4.294,2,0.854,8
302,B5 LM,STUART,2959,38.965,0.266,-2.1,17.05,4.228,2,0.805,9
303,B5 LM,STUART,2959.5,45.354,0.301,0.2,14.8,4.127,2,0.78,8
304,B5 LM,STUART,2960,53.645,0.327,2.6,12.6,3.908,2,0.756,7
305,B5 LM,STUART,2960.5,60.164,0.338,3.8,12.2,3.74,2,0.732,7
306,B5 LM,STUART,2961,64.032,0.334,5.5,13.15,3.538,2,0.707,2
307,B5 LM,STUART,2961.5,66.774,0.323,7.9,14.75,3.558,2,0.683,2
308,B5 LM,STUART,2962,68.423,0.313,8.1,15.75,3.476,2,0.659,2
309,B5 LM,STUART,2962.5,63.502,0.318,6.1,14.75,3.682,2,0.634,7
310,B5 LM,STUART,2963,57.904,0.349,2.8,12.9,3.937,2,0.61,7
311,B5 LM,STUART,2963.5,52.935,0.415,2.3,10.25,4.133,2,0.585,8
312,B5 LM,STUART,2964,45.125,0.507,2.3,8.45,4.248,2,0.561,6
313,B5 LM,STUART,2964.5,39.927,0.605,3.5,6.75,4.468,2,0.537,8
314,B5 LM,STUART,2965,36.215,0.703,2.4,6,4.575,2,0.512,8
315,B5 LM,STUART,2965.5,31.253,0.787,2.3,4.45,4.557,2,0.488,5
316,B5 LM,STUART,2966,28.446,0.832,2.2,3.4,4.573,2,0.463,5
317,B5 LM,STUART,2966.5,27.296,0.821,1.2,4.4,4.79,2,0.439,5
318,B5 LM,STUART,2967,28.944,0.755,-0.4,7.3,4.887,2,0.415,8
319,B5 LM,STUART,2967.5,31.596,0.659,-1.6,11,4.824,2,0.39,9
320,B5 LM,STUART,2968,33.212,0.574,-3.1,14.45,4.765,2,0.366,9
321,B5 LM,STUART,2968.5,34.689,0.517,-3,16.4,4.766,2,0.341,9
322,B5 LM,STUART,2969,39.266,0.493,-1.9,16.15,4.705,2,0.317,9
323,B5 LM,STUART,2969.5,50.103,0.499,-2,14.6,4.453,2,0.293,9
324,B5 LM,STUART,2970,65.167,0.525,-1.6,13.1,4.366,2,0.268,8
325,B5 LM,STUART,2970.5,76.436,0.557,-0.6,11.7,4.289,2,0.244,8
326,B5 LM,STUART,2971,92.886,0.628,-0.2,9.4,4.272,2,0.195,6
327,B5 LM,STUART,2971.5,99.643,0.683,-0.3,7.95,4.395,2,0.171,6
328,B5 LM,STUART,2972,101.585,0.757,0,6.5,4.51,2,0.146,6
329,B5 LM,STUART,2972.5,95.775,0.85,1.6,4.9,4.53,2,0.122,6
330,B5 LM,STUART,2973,87.036,0.951,2.1,3.95,4.456,2,0.098,6
331,B5 LM,STUART,2973.5,72.331,1.019,2.6,3.6,4.056,2,0.073,6
332,B5 LM,STUART,2974,58.859,0.991,3.4,3.9,3.712,2,0.049,6
333,B5 LM,STUART,2974.5,60.932,0.857,1.3,7.35,3.371,2,0.024,6
334,C SH,STUART,2975,67.655,0.675,-0.8,14.4,3.131,1,1,2
335,C SH,STUART,2975.5,77.219,0.528,6.8,20.9,3.008,1,0.977,3
336,C SH,STUART,2976,82.115,0.459,10.6,24.2,2.988,1,0.953,3
337,C SH,STUART,2976.5,84.865,0.446,9.4,23.7,3.134,1,0.93,3
338,C SH,STUART,2977,84.384,0.449,13.3,21.45,3.409,1,0.907,3
339,C SH,STUART,2977.5,81.772,0.443,14.8,20.9,3.483,1,0.884,3
340,C SH,STUART,2978,78.998,0.444,16.5,20.65,3.438,1,0.837,3
341,C SH,STUART,2978.5,79.896,0.457,14.9,20.15,3.423,1,0.814,3
342,C SH,STUART,2979,79.194,0.462,14.8,19.9,3.45,1,0.791,3
343,C SH,STUART,2979.5,78.99,0.451,13.5,19.65,3.393,1,0.767,3
344,C SH,STUART,2980,79.21,0.441,15.1,18.95,3.475,1,0.744,3
345,C SH,STUART,2980.5,78.1,0.451,15.6,17.5,3.478,1,0.721,2
346,C SH,STUART,2981,78.59,0.489,14.3,16.75,3.505,1,0.698,3
347,C SH,STUART,2981.5,79.439,0.544,12.7,15.25,3.478,1,0.674,2
348,C SH,STUART,2982,81.299,0.576,11.5,14.65,3.453,1,0.651,3
349,C SH,STUART,2982.5,78.933,0.494,11.9,14.85,3.479,1,0.605,2
350,C SH,STUART,2983,79.471,0.441,13.4,16.3,3.494,1,0.581,3
351,C SH,STUART,2983.5,81.895,0.431,14.2,16.8,3.441,1,0.558,3
352,C SH,STUART,2984,82.768,0.468,14.3,16.05,3.493,1,0.535,3
353,C SH,STUART,2984.5,79.022,0.537,12.9,15.05,3.5,1,0.512,2
354,C SH,STUART,2985,76.746,0.601,11.4,13.8,3.441,1,0.488,2
355,C SH,STUART,2985.5,73.066,0.638,11.1,13.25,3.426,1,0.465,2
356,C SH,STUART,2986,70.356,0.651,11,13.1,3.447,1,0.442,2
357,C SH,STUART,2986.5,74.608,0.621,10.5,14.85,3.399,1,0.395,4
358,C SH,STUART,2987,73.008,0.585,11.1,15.15,3.393,1,0.372,4
359,C SH,STUART,2987.5,70.438,0.546,12.1,15.15,3.439,1,0.349,2
360,C SH,STUART,2988,68.08,0.5,13.5,14.65,3.478,1,0.326,2
361,C SH,STUART,2988.5,66.75,0.46,13.6,15.2,3.461,1,0.302,2
362,C SH,STUART,2989,69.451,0.455,13.4,14.8,3.494,1,0.279,2
363,C SH,STUART,2989.5,75.946,0.494,14.2,14,3.541,1,0.256,2
364,C SH,STUART,2990,80.344,0.556,11.8,13.6,3.522,1,0.233,2
365,C SH,STUART,2990.5,83.772,0.616,10.4,12.9,3.476,1,0.186,2
366,C SH,STUART,2991,84.767,0.618,10.7,12.55,3.39,1,0.163,2
367,C SH,STUART,2991.5,84.09,0.616,9.4,13.4,3.289,1,0.14,4
368,C SH,STUART,2992,86.628,0.601,8.8,14.4,3.19,1,0.116,4
369,C SH,STUART,2992.5,90.43,0.556,2,21.4,3.045,1,0.093,3
370,C SH,STUART,2993,87.077,0.498,2,26.4,3.088,1,0.07,3
371,C SH,STUART,2993.5,76.623,0.479,5.3,28.45,3.224,1,0.047,5
372,C SH,STUART,2994,62.768,0.546,3.2,26.3,3.334,1,0.023,5
373,C LM,STUART,2994.5,43.738,0.703,1.8,19.3,3.876,2,1,8
374,C LM,STUART,2995,27.859,0.855,6.9,11.75,4.508,2,0.993,8
375,C LM,STUART,2995.5,18.034,0.879,5.3,9.55,4.815,2,0.985,8
376,C LM,STUART,2996,13.203,0.83,3,9.1,4.863,2,0.978,8
377,C LM,STUART,2996.5,12.762,0.767,2,8.9,5.024,2,0.97,8
378,C LM,STUART,2997,14.843,0.702,1.8,9.2,4.616,2,0.963,8
379,C LM,STUART,2997.5,19.087,0.644,0.4,10.4,4.172,2,0.955,8
380,C LM,STUART,2998,19.087,0.644,0.4,10.4,4.172,2,0.955,8
381,C LM,STUART,2998.5,25.207,0.601,-0.2,10.7,3.97,2,0.948,8
382,C LM,STUART,2999,27.997,0.587,1.1,10.25,3.933,2,0.94,8
383,C LM,STUART,2999.5,28.822,0.602,2.2,10,3.875,2,0.933,8
384,C LM,STUART,3000,28.618,0.622,1.9,10.35,3.969,2,0.925,8
385,C LM,STUART,3000.5,24.815,0.612,0.7,11.15,4.118,2,0.918,8
386,C LM,STUART,3001,23.371,0.575,0.2,11.8,4.243,2,0.91,8
387,C LM,STUART,3001.5,23.052,0.542,0.1,12.35,4.196,2,0.903,8
388,C LM,STUART,3002,23.109,0.522,-0.1,12.15,4.192,2,0.896,8
389,C LM,STUART,3002.5,24.138,0.511,-0.3,12.05,3.978,2,0.888,8
390,C LM,STUART,3003,24.448,0.511,-0.1,11.75,3.975,2,0.881,8
391,C LM,STUART,3003.5,25.419,0.523,0,11.6,3.962,2,0.873,8
392,C LM,STUART,3004,26.724,0.56,-0.7,11.35,3.99,2,0.866,8
393,C LM,STUART,3004.5,29.213,0.623,-0.8,10.7,3.885,2,0.858,8
394,C LM,STUART,3005,34.036,0.686,0.4,9.4,3.816,2,0.851,8
395,C LM,STUART,3005.5,38.157,0.716,1.7,7.75,3.66,2,0.843,6
396,C LM,STUART,3006,40.45,0.701,1.8,6.8,3.544,2,0.836,6
397,C LM,STUART,3006.5,41.576,0.662,3.5,6.45,3.392,2,0.828,6
398,C LM,STUART,3007,40.123,0.633,3.7,7.35,3.24,2,0.821,6
399,C LM,STUART,3007.5,36.663,0.632,3.4,8.1,3.212,2,0.813,6
400,C LM,STUART,3008,32.706,0.65,3.8,8.3,3.253,2,0.806,5
401,C LM,STUART,3008.5,30.323,0.672,3.4,8.7,3.289,2,0.799,5
402,C LM,STUART,3009,28.601,0.694,3,9.4,3.314,2,0.791,6
403,C LM,STUART,3009.5,28.169,0.721,2.4,9.7,3.262,2,0.784,6
404,C LM,STUART,3010,29.442,0.756,1.4,9.8,3.31,2,0.776,6
405,C LM,STUART,3010.5,30.878,0.795,0.7,9.55,3.359,2,0.769,6
406,C LM,STUART,3011,32.151,0.832,0.1,9.35,3.409,2,0.761,6
407,C LM,STUART,3011.5,33.677,0.856,0.4,9.1,3.417,2,0.754,6
408,C LM,STUART,3012,33.701,0.872,1.1,8.95,3.444,2,0.746,6
409,C LM,STUART,3012.5,35.105,0.889,1.5,8.75,3.466,2,0.739,6
410,C LM,STUART,3013,37.104,0.914,1.6,8.6,3.49,2,0.731,6
411,C LM,STUART,3013.5,37.349,0.939,2.1,7.95,3.418,2,0.724,6
412,C LM,STUART,3014,37.936,0.952,2.4,7.7,3.504,2,0.716,6
413,C LM,STUART,3014.5,39.087,0.953,2.1,7.75,3.511,2,0.709,6
414,C LM,STUART,3015,38.059,0.951,1.7,7.55,3.55,2,0.701,6
415,C LM,STUART,3015.5,37.202,0.952,2.2,7.3,3.603,2,0.694,6
416,C LM,STUART,3016,37.218,0.951,1.8,7.5,3.675,2,0.687,6
417,C LM,STUART,3016.5,37.781,0.949,1.4,7.6,3.741,2,0.679,6
418,C LM,STUART,3017,40.164,0.948,1.5,7.35,3.735,2,0.672,5
419,C LM,STUART,3017.5,40.956,0.95,1.6,7.3,3.747,2,0.664,5
420,C LM,STUART,3018,41.013,0.952,1.5,7.25,3.64,2,0.657,5
421,C LM,STUART,3018.5,42.547,0.95,1.9,7.15,3.683,2,0.649,5
422,C LM,STUART,3019,41.192,0.945,2,7,3.644,2,0.642,5
423,C LM,STUART,3019.5,42.726,0.941,2.3,7.15,3.704,2,0.634,5
424,C LM,STUART,3020,44.407,0.942,3.4,7,3.695,2,0.627,5
425,C LM,STUART,3020.5,45.387,0.946,3.8,6.8,3.788,2,0.619,5
426,C LM,STUART,3021,45.052,0.945,2.6,7.5,3.917,2,0.612,5
427,C LM,STUART,3021.5,46.129,0.935,2.4,7.4,3.948,2,0.604,5
428,C LM,STUART,3022,47.826,0.925,2.5,7.05,4.016,2,0.597,5
429,C LM,STUART,3022.5,50.054,0.925,2.3,6.75,3.935,2,0.59,5
430,C LM,STUART,3023,55.562,0.933,1.8,6.9,3.974,2,0.582,5
431,C LM,STUART,3023.5,63.029,0.947,2,6.8,3.859,2,0.575,5
432,C LM,STUART,3024,75.399,0.966,1.9,6.45,3.681,2,0.567,4
433,C LM,STUART,3024.5,102.116,0.987,0.2,6.9,3.561,2,0.56,6
434,C LM,STUART,3025,140.778,0.993,-0.4,7,3.513,2,0.552,6
435,C LM,STUART,3025.5,183.358,0.981,-0.3,7.35,3.437,2,0.545,4
436,C LM,STUART,3026,213.999,0.977,0.2,7.8,3.412,2,0.537,4
437,C LM,STUART,3026.5,220.413,1.004,0,8,3.528,2,0.53,4
438,C LM,STUART,3027,200.306,1.027,0,8,3.671,2,0.522,4
439,C LM,STUART,3027.5,162.149,0.999,-0.2,8.5,3.746,2,0.515,4
440,C LM,STUART,3028,121.202,0.95,0.2,9.2,3.892,2,0.507,4
441,C LM,STUART,3028.5,92.805,0.916,1.3,9.95,3.924,2,0.5,4
442,C LM,STUART,3029,77.758,0.894,1.9,10.65,3.953,2,0.493,4
443,C LM,STUART,3029.5,67.623,0.879,2.9,10.85,3.889,2,0.485,4
444,C LM,STUART,3030,62.376,0.873,2.5,11.45,3.799,2,0.478,4
445,C LM,STUART,3030.5,59.463,0.873,2.1,11.25,3.773,2,0.47,4
446,C LM,STUART,3031,55.211,0.872,2.7,10.45,3.784,2,0.463,4
447,C LM,STUART,3031.5,51.727,0.866,2.3,10.35,3.787,2,0.455,5
448,C LM,STUART,3032,52.38,0.858,2.1,10.75,3.776,2,0.448,5
449,C LM,STUART,3032.5,53.122,0.851,2.5,11.05,3.724,2,0.44,5
450,C LM,STUART,3033,51.245,0.844,2.7,11.25,3.697,2,0.433,5
451,C LM,STUART,3033.5,52.208,0.836,1.5,11.75,3.653,2,0.425,5
452,C LM,STUART,3034,54.95,0.826,1.3,12.05,3.647,2,0.418,5
453,C LM,STUART,3034.5,54.436,0.817,2,12,3.65,2,0.41,4
454,C LM,STUART,3035,54.811,0.81,1.8,12.1,3.678,2,0.403,4
455,C LM,STUART,3035.5,55.603,0.801,1.6,12.2,3.644,2,0.396,4
456,C LM,STUART,3036,54.289,0.785,1.3,12.75,3.656,2,0.388,5
457,C LM,STUART,3036.5,52.38,0.768,2,13,3.598,2,0.381,4
458,C LM,STUART,3037,53.645,0.758,2,13.7,3.582,2,0.373,5
459,C LM,STUART,3037.5,53.93,0.757,2.1,13.75,3.581,2,0.366,5
460,C LM,STUART,3038,56.072,0.755,2.9,13.75,3.645,2,0.358,5
461,C LM,STUART,3038.5,59.017,0.75,4,13.7,3.694,2,0.351,4
462,C LM,STUART,3039,62.144,0.742,4.4,14.1,3.65,2,0.343,4
463,C LM,STUART,3039.5,64.814,0.73,4.8,14.2,3.66,2,0.336,4
464,C LM,STUART,3040,66.705,0.714,5.6,14.6,3.689,2,0.328,4
465,C LM,STUART,3040.5,67.568,0.695,6.5,15.45,3.674,2,0.321,4
466,C LM,STUART,3041,67.683,0.676,6.7,15.65,3.603,2,0.313,4
467,C LM,STUART,3041.5,67.683,0.662,6,15.4,3.562,2,0.306,4
468,C LM,STUART,3042,67.683,0.666,5.7,15.25,3.57,2,0.299,4
469,C LM,STUART,3042.5,67.683,0.701,6,15.2,3.603,2,0.291,4
470,C LM,STUART,3043,67.683,0.778,5.1,15.65,3.537,2,0.284,5
471,C LM,STUART,3043.5,67.683,0.882,4.9,15.75,3.547,2,0.276,5
472,C LM,STUART,3044,67.683,0.973,4.4,15.8,3.533,2,0.269,5
473,C LM,STUART,3044.5,67.683,1.017,3.5,16.25,3.495,2,0.261,5
474,A1 LM,CRAWFORD,2972.5,49.675,0.845,3.905,11.175,3.265,2,1,6
475,A1 LM,CRAWFORD,2973,34.435,0.879,3.085,8.175,3.831,2,0.991,6
476,A1 LM,CRAWFORD,2973.5,26.178,0.92,2.615,4.945,4.306,2,0.981,5
477,A1 LM,CRAWFORD,2974,19.463,0.967,0.82,3.82,4.578,2,0.972,8
478,A1 LM,CRAWFORD,2974.5,19.26,0.995,0.32,3.63,4.643,2,0.962,8
479,A1 LM,CRAWFORD,2975,19.985,1.008,0.06,4.32,4.614,2,0.953,8
480,A1 LM,CRAWFORD,2975.5,22.298,1.002,-0.01,5.5,4.491,2,0.943,8
481,A1 LM,CRAWFORD,2976,24.611,0.956,0.05,6.87,4.369,2,0.934,8
482,A1 LM,CRAWFORD,2976.5,24.677,0.824,0.31,6.94,4.047,2,0.915,8
483,A1 LM,CRAWFORD,2977,24.946,0.667,0.965,5.915,3.893,2,0.906,6
484,A1 LM,CRAWFORD,2977.5,29.31,0.559,2.11,6.15,3.52,2,0.896,6
485,A1 LM,CRAWFORD,2978,37.322,0.522,3.375,8.445,3.125,2,0.887,1
486,A1 LM,CRAWFORD,2978.5,42.142,0.51,3.985,10.785,2.843,2,0.877,1
487,A1 LM,CRAWFORD,2979,52.434,0.492,4.42,13.15,2.674,2,0.868,2
488,A1 LM,CRAWFORD,2979.5,63.181,0.473,5.18,14.13,2.644,2,0.858,2
489,A1 LM,CRAWFORD,2980,69.405,0.465,5.52,14.56,2.663,2,0.849,2
490,A1 LM,CRAWFORD,2980.5,77.785,0.475,5.82,14.94,2.68,2,0.84,2
491,A1 LM,CRAWFORD,2981,83.577,0.469,5.965,15.395,2.666,2,0.83,2
492,A1 LM,CRAWFORD,2981.5,84.058,0.513,6.025,15.855,2.622,2,0.821,3
493,A1 LM,CRAWFORD,2982,81.82,0.544,5.95,16.05,2.609,2,0.811,3
494,A1 LM,CRAWFORD,2982.5,80.257,0.563,5.74,16.1,2.626,2,0.802,3
495,A1 LM,CRAWFORD,2983,79.833,0.579,5.135,15.715,2.662,2,0.792,4
496,A1 LM,CRAWFORD,2983.5,80.323,0.583,4.565,15.275,2.693,2,0.783,4
497,A1 LM,CRAWFORD,2984,84.704,0.59,4.365,15.165,2.711,2,0.774,4
498,A1 LM,CRAWFORD,2984.5,96.674,0.596,4.725,15.565,2.744,2,0.764,4
499,A1 LM,CRAWFORD,2985,112.662,0.609,4.88,15.71,2.824,2,0.755,4
500,A1 LM,CRAWFORD,2985.5,131.484,0.634,5.11,15.6,2.935,2,0.745,4
501,A1 LM,CRAWFORD,2986,138.169,0.659,5.33,15.1,3,2,0.736,4
502,A1 LM,CRAWFORD,2986.5,135.045,0.682,5.1,14.46,3.048,2,0.726,4
503,A1 LM,CRAWFORD,2987,117.726,0.707,4.415,13.315,3.097,2,0.717,4
504,A1 LM,CRAWFORD,2987.5,98.382,0.729,3.395,11.695,3.193,2,0.708,4
505,A1 LM,CRAWFORD,2988,91.348,0.771,3.235,10.985,3.308,2,0.698,4
506,A1 LM,CRAWFORD,2988.5,87.05,0.831,3.21,10.64,3.493,2,0.689,4
507,A1 LM,CRAWFORD,2989,82.98,0.928,2.835,10.115,3.526,2,0.679,4
508,A1 LM,CRAWFORD,2989.5,67.264,1.019,0.475,8.435,3.217,2,0.67,6
509,A1 LM,CRAWFORD,2990,57.069,1.047,-2.385,7.115,3.157,2,0.66,6
510,A1 LM,CRAWFORD,2990.5,46.874,1.066,-3.97,6.6,3.159,2,0.651,6
511,A1 LM,CRAWFORD,2991,39.325,1.06,-3.69,7.15,3.224,2,0.642,6
512,A1 LM,CRAWFORD,2991.5,43.946,1.042,-2.73,7.29,3.272,2,0.632,6
513,A1 LM,CRAWFORD,2992,51.73,1.005,-0.9,7.98,3.29,2,0.623,6
514,A1 LM,CRAWFORD,2992.5,58.374,0.956,1.46,9.41,3.277,2,0.613,5
515,A1 LM,CRAWFORD,2993,67.754,0.904,3.985,11.545,3.296,2,0.604,4
516,A1 LM,CRAWFORD,2993.5,71.206,0.874,5.045,12.915,3.328,2,0.594,4
517,A1 LM,CRAWFORD,2994,69.188,0.852,4.86,12.85,3.33,2,0.585,4
518,A1 LM,CRAWFORD,2994.5,58.452,0.841,3.455,11.265,3.332,2,0.575,5
519,A1 LM,CRAWFORD,2995,38.715,0.816,2.185,9.855,3.365,2,0.566,6
520,A1 LM,CRAWFORD,2995.5,30.541,0.801,0.96,8.76,3.476,2,0.557,6
521,A1 LM,CRAWFORD,2996,21.684,0.792,-0.04,8.28,3.774,2,0.547,6
522,A1 LM,CRAWFORD,2996.5,21.252,0.793,-0.505,9.225,4.041,2,0.538,8
523,A1 LM,CRAWFORD,2997,23.117,0.793,-0.555,9.895,4.292,2,0.528,8
524,A1 LM,CRAWFORD,2997.5,28.85,0.791,-0.46,9.89,4.371,2,0.519,8
525,A1 LM,CRAWFORD,2998,36.226,0.788,-0.085,9.175,4.112,2,0.509,8
526,A1 LM,CRAWFORD,2998.5,42.83,0.801,0.41,8.49,3.91,2,0.5,5
527,A1 LM,CRAWFORD,2999,46.846,0.82,1.255,8.275,3.793,2,0.491,5
528,A1 LM,CRAWFORD,2999.5,48.133,0.845,1.77,8.29,3.486,2,0.481,5
529,A1 LM,CRAWFORD,3000,43.162,0.874,1.35,8.64,3.263,2,0.472,6
530,A1 LM,CRAWFORD,3000.5,36.586,0.92,1.01,8.74,3.187,2,0.462,6
531,A1 LM,CRAWFORD,3001,32.746,0.955,0.625,8.535,3.173,2,0.453,6
532,A1 LM,CRAWFORD,3001.5,30.957,0.974,0.565,8.555,3.315,2,0.443,6
533,A1 LM,CRAWFORD,3002,30.765,0.981,0.545,8.575,3.441,2,0.434,6
534,A1 LM,CRAWFORD,3002.5,31.265,0.987,0.625,8.425,3.618,2,0.425,6
535,A1 LM,CRAWFORD,3003,33.124,0.994,0.755,8.045,3.943,2,0.415,6
536,A1 LM,CRAWFORD,3003.5,35.211,0.997,0.635,7.555,4.07,2,0.406,6
537,A1 LM,CRAWFORD,3004,36.386,0.988,0.125,7.135,3.885,2,0.396,6
538,A1 LM,CRAWFORD,3004.5,38.017,0.951,-0.175,6.875,3.654,2,0.387,6
539,A1 LM,CRAWFORD,3005,41.016,0.903,0.055,6.825,3.438,2,0.377,6
540,A1 LM,CRAWFORD,3005.5,49.654,0.854,1.52,7.51,3.33,2,0.368,6
541,A1 LM,CRAWFORD,3006,62.068,0.799,3.1,9.13,3.209,2,0.358,2
542,A1 LM,CRAWFORD,3006.5,71.222,0.74,4,10.98,3.087,2,0.349,4
543,A1 LM,CRAWFORD,3007,73.309,0.691,4.015,12.425,2.98,2,0.34,4
544,A1 LM,CRAWFORD,3007.5,69.469,0.627,3.19,13.37,2.904,2,0.33,4
545,A1 LM,CRAWFORD,3008,65.857,0.559,2.1,14.08,2.859,2,0.321,2
546,A1 LM,CRAWFORD,3008.5,58.369,0.504,0.715,14.235,2.83,2,0.311,1
547,A1 LM,CRAWFORD,3009,56.125,0.435,-0.775,13.415,2.786,2,0.302,1
548,A1 LM,CRAWFORD,3009.5,56.769,0.378,-1.155,12.805,2.726,2,0.292,1
549,A1 LM,CRAWFORD,3010,62.587,0.298,-0.18,12.87,2.588,2,0.283,1
550,A1 LM,CRAWFORD,3010.5,64.674,0.252,0.24,14.42,2.465,2,0.274,1
551,A1 LM,CRAWFORD,3011,64.253,0.212,0.24,16.36,2.374,2,0.264,1
552,A1 LM,CRAWFORD,3011.5,61.553,0.166,-0.295,18.395,2.329,2,0.255,1
553,A1 LM,CRAWFORD,3012,60.221,0.114,-0.59,19.27,2.315,2,0.245,1
554,A1 LM,CRAWFORD,3012.5,59.116,0.093,-0.655,19.655,2.302,2,0.236,1
555,A1 LM,CRAWFORD,3013,57.997,0.081,-0.8,19.69,2.258,2,0.226,1
556,A1 LM,CRAWFORD,3013.5,57.363,0.091,-1.105,19.095,2.243,2,0.217,1
557,A1 LM,CRAWFORD,3014,57.863,0.144,-1.27,18.12,2.261,2,0.208,1
558,A1 LM,CRAWFORD,3014.5,59.038,0.206,-1.26,17.03,2.326,2,0.198,1
559,A1 LM,CRAWFORD,3015,60.213,0.29,-1.04,16.68,2.409,2,0.189,1
560,A1 LM,CRAWFORD,3015.5,61.16,0.368,-0.14,16.68,2.781,2,0.179,1
561,A1 LM,CRAWFORD,3016,58.46,0.468,-0.25,15.21,3.327,2,0.17,2
562,A1 LM,CRAWFORD,3016.5,53.48,0.564,0.36,11.47,3.796,2,0.16,6
563,A1 LM,CRAWFORD,3017,51.692,0.657,0.825,8.125,4.062,2,0.151,6
564,A1 LM,CRAWFORD,3017.5,67.238,0.807,1.7,7.13,4.173,2,0.142,4
565,A1 LM,CRAWFORD,3018,74.796,0.89,2.905,7.335,4.19,2,0.132,4
566,A1 LM,CRAWFORD,3018.5,75.743,0.925,3.055,7.765,4.302,2,0.123,4
567,A1 LM,CRAWFORD,3019,70.991,0.928,2.325,7.785,4.444,2,0.113,4
568,A1 LM,CRAWFORD,3019.5,57.348,0.929,1.355,7.395,4.492,2,0.104,6
569,A1 LM,CRAWFORD,3020,46.213,0.929,0.67,7.43,4.385,2,0.094,5
570,A1 LM,CRAWFORD,3020.5,42.116,0.926,0.19,7.17,4.201,2,0.085,5
571,A1 LM,CRAWFORD,3021,44.925,0.918,-0.19,6.69,4.093,2,0.075,5
572,A1 LM,CRAWFORD,3021.5,55.903,0.912,0.07,5.72,4.034,2,0.066,6
573,A1 LM,CRAWFORD,3022,66.196,0.906,0.495,5.375,3.958,2,0.057,6
574,A1 LM,CRAWFORD,3022.5,73.526,0.894,1.44,5.26,3.82,2,0.047,6
575,B1 SH,CRAWFORD,3032,72.392,0.709,-0.74,18.41,2.629,1,0.125,2
576,B1 SH,CRAWFORD,3032.5,69.928,0.792,-0.69,19.32,2.616,1,0.063,2
577,B1 LM,CRAWFORD,3033,64.72,0.849,-0.96,16.33,2.914,2,1,2
578,B1 LM,CRAWFORD,3033.5,52.445,0.892,0.91,11.35,3.292,2,0.977,5
579,B1 LM,CRAWFORD,3034,43.362,0.93,-0.02,6.92,3.571,2,0.955,5
580,B1 LM,CRAWFORD,3034.5,42.064,0.974,0.015,5.495,3.435,2,0.909,6
581,B1 LM,CRAWFORD,3035,45.642,0.956,0.005,5.475,3.375,2,0.886,6
582,B1 LM,CRAWFORD,3035.5,53.266,0.932,-0.105,5.545,3.299,2,0.864,6
583,B1 LM,CRAWFORD,3036,59.043,0.894,0.17,6.99,3.114,2,0.841,6
584,B1 LM,CRAWFORD,3036.5,62.331,0.834,-0.245,9.835,2.813,2,0.818,1
585,B1 LM,CRAWFORD,3037,60.946,0.884,-1.69,16.08,2.745,2,0.795,2
586,B1 LM,CRAWFORD,3037.5,53.914,0.918,-0.72,19.54,3.152,2,0.773,8
587,B1 LM,CRAWFORD,3038,45.287,0.922,-0.86,18.44,3.962,2,0.75,9
588,B1 LM,CRAWFORD,3038.5,30.049,0.925,0.445,13.565,4.571,2,0.727,9
589,B1 LM,CRAWFORD,3039,23.017,0.947,0.54,9.59,4.806,2,0.705,8
590,B1 LM,CRAWFORD,3039.5,21.228,0.973,-0.03,7.57,4.824,2,0.682,8
591,B1 LM,CRAWFORD,3040,20.109,0.985,0.225,6.725,4.81,2,0.659,8
592,B1 LM,CRAWFORD,3040.5,19.256,0.995,0.415,6.505,4.859,2,0.636,8
593,B1 LM,CRAWFORD,3041,18.38,0.999,0.44,6.29,4.892,2,0.614,8
594,B1 LM,CRAWFORD,3041.5,17.275,0.987,0.185,6.075,4.91,2,0.591,8
595,B1 LM,CRAWFORD,3042,16.39,0.975,0.015,5.815,4.88,2,0.568,8
596,B1 LM,CRAWFORD,3042.5,16.197,0.963,-0.205,5.445,4.834,2,0.545,8
597,B1 LM,CRAWFORD,3043,16.469,0.957,-0.225,5.335,4.76,2,0.523,8
598,B1 LM,CRAWFORD,3043.5,20.38,0.973,-0.295,5.255,4.669,2,0.5,8
599,B1 LM,CRAWFORD,3044,31.86,1.005,-0.185,5.045,4.547,2,0.477,6
600,B1 LM,CRAWFORD,3044.5,39.608,1.039,0.44,5.16,4.517,2,0.455,6
601,B1 LM,CRAWFORD,3045,43.291,1.064,0.96,5.09,4.488,2,0.432,6
602,B1 LM,CRAWFORD,3045.5,44.001,1.089,1.295,4.875,4.396,2,0.409,6
603,B1 LM,CRAWFORD,3046,38.574,1.112,0.7,4.09,4.275,2,0.386,6
604,B1 LM,CRAWFORD,3046.5,35.19,1.128,0.195,3.575,4.245,2,0.364,6
605,B1 LM,CRAWFORD,3047,32.946,1.131,-0.215,3.205,4.434,2,0.341,6
606,B1 LM,CRAWFORD,3047.5,31.613,1.128,-0.095,3.545,4.405,2,0.318,6
607,B1 LM,CRAWFORD,3048,32.113,1.092,-0.005,4.715,4.329,2,0.295,6
608,B1 LM,CRAWFORD,3048.5,32.368,1.052,0.29,5.42,4.285,2,0.273,6
609,B1 LM,CRAWFORD,3049,31.507,0.978,0.405,5.865,4.224,2,0.25,6
610,B1 LM,CRAWFORD,3049.5,30.849,0.88,0.445,6.595,4.04,2,0.227,6
611,B1 LM,CRAWFORD,3050,29.953,0.772,0.91,7.82,3.451,2,0.205,6
612,B1 LM,CRAWFORD,3050.5,28.876,0.723,1.24,9.64,3.141,2,0.182,6
613,B1 LM,CRAWFORD,3051,28.228,0.705,1.21,10.47,3.206,2,0.159,6
614,B1 LM,CRAWFORD,3051.5,28.263,0.693,1.005,10.355,3.38,2,0.136,6
615,B1 LM,CRAWFORD,3052,28.754,0.693,0.47,9.35,3.646,2,0.114,6
616,B1 LM,CRAWFORD,3052.5,34.26,0.694,0.34,7.94,3.974,2,0.091,6
617,B1 LM,CRAWFORD,3053,45.01,0.694,0.485,6.185,4.241,2,0.068,6
618,B1 LM,CRAWFORD,3053.5,55.98,0.707,0.665,5.945,4.093,2,0.045,6
619,B1 LM,CRAWFORD,3054,67.146,0.717,0.965,6.695,3.67,2,0.023,2
620,B2 SH,CRAWFORD,3054.5,80,0.708,1.965,8.815,3.361,1,1,2
621,B2 SH,CRAWFORD,3055,85.05,0.69,3.215,10.515,3.16,1,0.95,2
622,B2 SH,CRAWFORD,3055.5,83.946,0.659,3.965,11.115,3.178,1,0.9,4
623,B2 SH,CRAWFORD,3056,80.973,0.623,4.61,10.99,3.211,1,0.85,2
624,B2 SH,CRAWFORD,3056.5,78.782,0.592,4.845,10.905,3.213,1,0.8,2
625,B2 SH,CRAWFORD,3057,76.082,0.574,4.82,10.73,3.231,1,0.75,2
626,B2 SH,CRAWFORD,3057.5,72.925,0.562,4.535,10.405,3.217,1,0.7,2
627,B2 SH,CRAWFORD,3058,72.049,0.55,4.24,10.55,3.187,1,0.65,2
628,B2 SH,CRAWFORD,3058.5,71.391,0.535,4.115,11.005,3.128,1,0.6,2
629,B2 SH,CRAWFORD,3059,70.751,0.527,4.055,11.765,3.036,1,0.55,2
630,B2 SH,CRAWFORD,3059.5,71.261,0.533,4.235,12.565,3.007,1,0.5,2
631,B2 SH,CRAWFORD,3060,73.11,0.518,4.44,12.8,2.978,1,0.45,2
632,B2 SH,CRAWFORD,3060.5,75.425,0.491,3.815,12.085,2.903,1,0.4,2
633,B2 SH,CRAWFORD,3061,76.828,0.47,3.265,11.525,2.687,1,0.35,2
634,B2 SH,CRAWFORD,3061.5,75.04,0.458,3.16,11.69,2.58,1,0.3,2
635,B2 SH,CRAWFORD,3062,70.288,0.449,3.695,12.535,2.534,1,0.25,2
636,B2 LM,CRAWFORD,3062.5,66.266,0.443,4.505,13.995,2.553,1,0.2,1
637,B2 LM,CRAWFORD,3063,60.79,0.441,6.07,16.34,2.679,1,0.15,4
638,B2 LM,CRAWFORD,3063.5,54.67,0.444,6.25,16.74,3.35,1,0.1,7
639,B2 LM,CRAWFORD,3064,48.094,0.445,5.995,16.615,3.865,1,0.05,8
640,B2 LM,CRAWFORD,3064.5,41.062,0.445,3.425,13.955,4.24,2,1,8
641,B2 LM,CRAWFORD,3065,39.046,0.455,1.725,12.915,4.507,2,0.964,8
642,B2 LM,CRAWFORD,3065.5,38.169,0.458,1.1,12.79,4.354,2,0.929,8
643,B2 LM,CRAWFORD,3066,40.493,0.465,0.895,13.365,4.293,2,0.893,8
644,B2 LM,CRAWFORD,3066.5,43.948,0.459,0.68,13.98,4.248,2,0.857,8
645,B2 LM,CRAWFORD,3067,46.491,0.423,0.57,14.45,4.266,2,0.821,9
646,B2 LM,CRAWFORD,3067.5,47.21,0.392,0.565,14.945,4.331,2,0.786,9
647,B2 LM,CRAWFORD,3068,46.789,0.346,0.765,15.325,4.395,2,0.75,9
648,B2 LM,CRAWFORD,3068.5,45.912,0.325,0.985,15.625,4.397,2,0.714,9
649,B2 LM,CRAWFORD,3069,45.704,0.304,1.205,15.925,4.383,2,0.679,9
650,B2 LM,CRAWFORD,3069.5,45.527,0.295,1.27,15.89,4.276,2,0.643,8
651,B2 LM,CRAWFORD,3070,44.887,0.289,1.155,15.315,4.123,2,0.607,8
652,B2 LM,CRAWFORD,3070.5,44.23,0.29,0.815,14.205,3.95,2,0.571,8
653,B2 LM,CRAWFORD,3071,44.274,0.281,0.55,12.84,3.785,2,0.536,6
654,B2 LM,CRAWFORD,3071.5,45.221,0.247,0.545,11.605,3.647,2,0.5,6
655,B2 LM,CRAWFORD,3072,46.396,0.167,1.685,11.385,3.431,2,0.464,1
656,B2 LM,CRAWFORD,3072.5,46.888,0.118,2.92,12.76,3.2,2,0.429,1
657,B2 LM,CRAWFORD,3073,46.475,0.069,4.4,16.76,2.968,2,0.393,1
658,B2 LM,CRAWFORD,3073.5,46.738,0.042,5.065,20.085,2.815,2,0.357,7
659,B2 LM,CRAWFORD,3074,47.914,0.033,4.815,20.915,2.848,2,0.321,7
660,B2 LM,CRAWFORD,3074.5,51.596,0.04,4.485,20.755,2.99,2,0.286,7
661,B2 LM,CRAWFORD,3075,62.89,0.102,4.42,17.02,3.474,2,0.25,7
662,B2 LM,CRAWFORD,3075.5,80.38,0.22,3.955,12.965,4.067,2,0.214,7
663,B2 LM,CRAWFORD,3076,105.725,0.347,2.42,7.33,4.271,2,0.179,6
664,B2 LM,CRAWFORD,3076.5,131.069,0.524,1.655,5.355,3.838,2,0.143,6
665,B2 LM,CRAWFORD,3077,145.018,0.636,-0.905,7.135,3.203,2,0.107,6
666,B2 LM,CRAWFORD,3077.5,131.376,0.726,-1.94,12.26,2.816,2,0.071,2
667,B3 SH,CRAWFORD,3078,110.21,0.792,0.27,14.14,2.678,2,0.036,4
668,B3 SH,CRAWFORD,3078.5,89.045,0.826,3.14,13.7,2.773,1,1,4
669,B3 SH,CRAWFORD,3079,73.807,0.808,4.795,11.855,3.371,1,0.944,4
670,B3 SH,CRAWFORD,3079.5,73.158,0.781,4.755,10.905,3.493,1,0.889,4
671,B3 SH,CRAWFORD,3080,73.195,0.763,3.975,10.205,3.432,1,0.833,4
672,B3 SH,CRAWFORD,3080.5,72.325,0.748,3.68,10,3.387,1,0.778,4
673,B3 SH,CRAWFORD,3081,71.221,0.742,3.33,9.69,3.374,1,0.722,4
674,B3 SH,CRAWFORD,3081.5,70.563,0.742,2.76,9.25,3.329,1,0.667,4
675,B3 SH,CRAWFORD,3082,71.519,0.733,1.75,10.04,3.145,1,0.611,2
676,B3 SH,CRAWFORD,3082.5,74.062,0.722,2.32,12.64,2.945,1,0.556,4
677,B3 SH,CRAWFORD,3083,77.061,0.71,2.765,15.055,2.776,1,0.5,4
678,B3 SH,CRAWFORD,3083.5,78.693,0.695,3.04,15.66,2.793,1,0.444,4
679,B3 SH,CRAWFORD,3084,79.192,0.683,2.505,14.075,2.951,1,0.389,4
680,B3 SH,CRAWFORD,3084.5,79.192,0.683,2.505,14.075,2.951,1,0.389,4
681,B3 SH,CRAWFORD,3085,78.999,0.662,2.395,12.335,2.984,1,0.333,2
682,B3 SH,CRAWFORD,3085.5,78.114,0.64,2.395,11.095,2.909,1,0.278,2
683,B3 SH,CRAWFORD,3086,77.246,0.625,2.705,12.075,2.708,1,0.222,2
684,B3 SH,CRAWFORD,3086.5,76.369,0.62,2.305,15.615,2.601,1,0.167,4
685,B3 SH,CRAWFORD,3087,72.301,0.633,0.98,21.27,2.759,1,0.111,3
686,B3 SH,CRAWFORD,3087.5,61.107,0.667,-1.74,21.21,3.849,1,0.056,2
687,B3 LM,CRAWFORD,3088,41.149,0.68,-2.295,18.875,4.854,2,1,9
688,B3 LM,CRAWFORD,3088.5,28.419,0.686,-0.92,14.54,5.036,2,0.938,9
689,B3 LM,CRAWFORD,3089,22.527,0.687,0.36,10.24,5.044,2,0.875,8
690,B3 LM,CRAWFORD,3089.5,18.459,0.684,2.27,8.16,4.931,2,0.813,8
691,B3 LM,CRAWFORD,3090,17.345,0.679,2.67,8.23,4.547,2,0.75,8
692,B3 LM,CRAWFORD,3090.5,17.617,0.676,2.855,8.725,4.328,2,0.688,8
693,B3 LM,CRAWFORD,3091,19.292,0.664,2.695,9.465,4.299,2,0.625,8
694,B3 LM,CRAWFORD,3091.5,21.572,0.655,2.535,9.705,4.301,2,0.563,8
695,B3 LM,CRAWFORD,3092,22.975,0.653,1.95,9.21,4.319,2,0.5,8
696,B3 LM,CRAWFORD,3092.5,23.922,0.65,1.34,8.59,4.305,2,0.438,8
697,B3 LM,CRAWFORD,3093,24.869,0.657,0.63,7.42,4.291,2,0.375,8
698,B3 LM,CRAWFORD,3093.5,27.64,0.669,0.42,6.02,4.216,2,0.313,6
699,B3 LM,CRAWFORD,3094,34.058,0.67,0.44,4.4,4.109,2,0.25,6
700,B3 LM,CRAWFORD,3094.5,41.489,0.652,1.11,4.03,3.815,2,0.188,6
701,B3 LM,CRAWFORD,3095,51.235,0.631,1.73,5.19,3.444,2,0.125,2
702,B4 SH,CRAWFORD,3095.5,55.601,0.61,2.42,7.82,3.146,2,0.063,2
703,B4 SH,CRAWFORD,3096,59.512,0.601,3.715,10.375,2.935,1,1,2
704,B4 SH,CRAWFORD,3096.5,62.055,0.598,4.13,12.01,2.844,1,0.95,2
705,B4 SH,CRAWFORD,3097,64.37,0.592,3.83,12.15,2.768,1,0.9,2
706,B4 SH,CRAWFORD,3097.5,65.773,0.587,3.32,11.31,2.708,1,0.85,2
707,B4 SH,CRAWFORD,3098,66.036,0.593,2.635,9.895,2.663,1,0.8,2
708,B4 SH,CRAWFORD,3098.5,64.712,0.597,2.65,9.32,2.616,1,0.75,2
709,B4 SH,CRAWFORD,3099,64.039,0.6,2.545,8.775,2.603,1,0.7,2
710,B4 SH,CRAWFORD,3099.5,64.332,0.61,2.57,8.69,2.589,1,0.65,2
711,B4 SH,CRAWFORD,3100,68.247,0.601,2.545,9.105,2.531,1,0.6,2
712,B4 SH,CRAWFORD,3100.5,75.809,0.583,2.99,10.63,2.486,1,0.55,2
713,B4 SH,CRAWFORD,3101,84.739,0.559,3.69,12.42,2.488,1,0.5,2
714,B4 SH,CRAWFORD,3101.5,95.768,0.541,4.595,14.775,2.52,1,0.45,4
715,B4 SH,CRAWFORD,3102,94.175,0.529,4.575,15.465,2.6,1,0.4,4
716,B4 SH,CRAWFORD,3102.5,89.427,0.529,4.575,15.555,2.788,1,0.35,3
717,B4 SH,CRAWFORD,3103,84.908,0.527,4.35,14.27,3.148,1,0.3,2
718,B4 SH,CRAWFORD,3103.5,81.3,0.53,3.17,11.82,3.103,1,0.25,2
719,B4 SH,CRAWFORD,3104,82.251,0.534,1.84,10.85,2.691,1,0.2,2
720,B4 SH,CRAWFORD,3104.5,83.203,0.568,0.12,16.21,2.235,1,0.15,2
721,B4 SH,CRAWFORD,3105,82.888,0.647,-0.305,24.225,2.113,1,0.1,3
722,B4 LM,CRAWFORD,3105.5,70.526,0.731,-3.475,31.335,2.301,1,0.05,3
723,B4 LM,CRAWFORD,3106,59.858,0.793,-2.585,25.825,3.329,2,1,3
724,B4 LM,CRAWFORD,3106.5,43.933,0.815,-2.425,18.585,4.233,2,0.944,9
725,B4 LM,CRAWFORD,3107,30.523,0.828,-0.505,13.435,4.53,2,0.889,9
726,B4 LM,CRAWFORD,3107.5,21.444,0.867,-0.83,7.75,4.734,2,0.833,8
727,B4 LM,CRAWFORD,3108,18.52,0.948,0.5,5.3,4.86,2,0.778,8
728,B4 LM,CRAWFORD,3108.5,20.668,1.034,0.725,4.655,4.986,2,0.722,8
729,B4 LM,CRAWFORD,3109,23.396,1.077,0.945,4.055,4.972,2,0.667,6
730,B4 LM,CRAWFORD,3109.5,25.716,1.112,1,3.38,4.974,2,0.611,6
731,B4 LM,CRAWFORD,3110,28.035,1.131,1.335,2.125,4.991,2,0.556,6
732,B4 LM,CRAWFORD,3110.5,31.494,1.128,1.565,1.855,5.024,2,0.5,6
733,B4 LM,CRAWFORD,3111,42.743,1.145,0.74,2.92,4.996,2,0.389,6
734,B4 LM,CRAWFORD,3111.5,47.021,1.158,0.415,2.815,4.874,2,0.333,6
735,B4 LM,CRAWFORD,3112,49.443,1.158,0.265,2.475,4.72,2,0.278,6
736,B4 LM,CRAWFORD,3112.5,48.343,1.072,0.175,2.025,4.435,2,0.222,6
737,B4 LM,CRAWFORD,3113,47.243,0.993,0.305,2.325,4.07,2,0.167,6
738,B4 LM,CRAWFORD,3113.5,47.738,0.936,0.625,3.575,3.745,2,0.111,6
739,B5 SH,CRAWFORD,3114,55.757,0.9,2.86,7.09,3.514,2,0.056,5
740,B5 SH,CRAWFORD,3114.5,67.815,0.876,4.345,9.295,3.406,1,1,4
741,B5 SH,CRAWFORD,3115,68.904,0.852,4.72,9.57,3.455,1,0.938,4
742,B5 SH,CRAWFORD,3115.5,64.085,0.834,3.905,7.665,3.565,1,0.875,4
743,B5 SH,CRAWFORD,3116,53.913,0.828,3.37,5.72,3.645,1,0.813,6
744,B5 SH,CRAWFORD,3116.5,50.715,0.841,2.665,4.465,3.615,1,0.75,6
745,B5 SH,CRAWFORD,3117,51.22,0.854,2.43,3.86,3.714,1,0.688,6
746,B5 SH,CRAWFORD,3119,65.99,0.794,3.075,6.985,3.5,1,0.438,2
747,B5 SH,CRAWFORD,3119.5,74.325,0.764,1.485,11.995,3.159,1,0.375,4
748,B5 SH,CRAWFORD,3120,77.227,0.718,1.095,15.315,2.865,1,0.313,4
749,B5 SH,CRAWFORD,3120.5,78.863,0.687,1.285,17.905,2.696,1,0.25,4
750,B5 SH,CRAWFORD,3121,79.13,0.669,2.755,19.325,2.651,1,0.188,4
751,B5 SH,CRAWFORD,3121.5,76.89,0.657,4.55,19.53,2.671,1,0.125,3
752,B5 LM,CRAWFORD,3122,69.179,0.692,6.11,19.22,3.114,1,0.063,2
753,B5 LM,CRAWFORD,3122.5,59.999,0.732,4.62,16.19,4.134,2,1,5
754,B5 LM,CRAWFORD,3123,41.912,0.761,1.64,10.98,4.726,2,0.983,6
755,B5 LM,CRAWFORD,3123.5,26.222,0.805,0.755,7.955,4.899,2,0.966,8
756,B5 LM,CRAWFORD,3124,22.615,0.845,1.58,6.02,4.854,2,0.948,8
757,B5 LM,CRAWFORD,3124.5,20.83,0.849,1.97,4.39,4.778,2,0.931,8
758,B5 LM,CRAWFORD,3125,21.326,0.836,2.77,4.39,4.655,2,0.914,8
759,B5 LM,CRAWFORD,3125.5,23.645,0.725,3.665,5.185,4.408,2,0.897,8
760,B5 LM,CRAWFORD,3126,29.02,0.587,4.805,7.455,3.97,2,0.879,8
761,B5 LM,CRAWFORD,3126.5,35.588,0.461,5.255,11.615,3.606,2,0.862,7
762,B5 LM,CRAWFORD,3127,39.503,0.325,5.335,18.395,3.309,2,0.845,7
763,B5 LM,CRAWFORD,3127.5,41.139,0.239,4.545,21.765,3.342,2,0.828,7
764,B5 LM,CRAWFORD,3128,41.862,0.184,2.77,21.54,3.422,2,0.81,7
765,B5 LM,CRAWFORD,3128.5,42.586,0.169,-0.02,19,3.485,2,0.793,7
766,B5 LM,CRAWFORD,3129,44.221,0.139,2.425,18.905,3.378,2,0.776,7
767,B5 LM,CRAWFORD,3129.5,47.395,0.121,3.7,20.04,3.209,2,0.759,7
768,B5 LM,CRAWFORD,3130,54.796,0.103,4.59,22.87,3.133,2,0.741,7
769,B5 LM,CRAWFORD,3130.5,58.255,0.091,5.19,25.77,3.166,2,0.724,7
770,B5 LM,CRAWFORD,3131,60.347,0.076,4.065,26.095,3.118,2,0.707,7
771,B5 LM,CRAWFORD,3131.5,61.754,0.048,3.235,25.165,3.06,2,0.69,7
772,B5 LM,CRAWFORD,3132,61.794,0.002,2.74,22.4,3.14,2,0.672,7
773,B5 LM,CRAWFORD,3132.5,61.833,-0.047,3.65,21.13,3.437,2,0.655,7
774,B5 LM,CRAWFORD,3133,62.358,-0.096,4.43,21.27,3.672,2,0.638,7
775,B5 LM,CRAWFORD,3133.5,63.062,-0.147,4.895,22.325,3.782,2,0.621,7
776,B5 LM,CRAWFORD,3134,63.33,-0.206,5.245,22.895,3.737,2,0.603,7
777,B5 LM,CRAWFORD,3134.5,62.685,-0.218,5.035,22.725,3.584,2,0.586,7
778,B5 LM,CRAWFORD,3135,60.217,-0.23,4.57,21.84,3.444,2,0.569,7
779,B5 LM,CRAWFORD,3135.5,55.926,-0.217,5.185,20.385,3.352,2,0.552,7
780,B5 LM,CRAWFORD,3136,52.318,-0.185,5.795,18.665,3.496,2,0.534,7
781,B5 LM,CRAWFORD,3136.5,47.244,-0.16,5.445,15.725,3.855,2,0.517,7
782,B5 LM,CRAWFORD,3137,45.786,-0.138,4.165,11.765,3.966,2,0.5,7
783,B5 LM,CRAWFORD,3137.5,46.975,-0.116,5.55,10.25,3.765,2,0.483,7
784,B5 LM,CRAWFORD,3138,51.907,-0.103,7.385,11.675,3.44,2,0.466,1
785,B5 LM,CRAWFORD,3138.5,58.336,-0.093,6.61,13.74,3.162,2,0.448,1
786,B5 LM,CRAWFORD,3139,64.995,-0.09,5.94,16.68,3.024,2,0.431,1
787,B5 LM,CRAWFORD,3139.5,67.543,-0.089,5.7,17.72,3.057,2,0.414,1
788,B5 LM,CRAWFORD,3140,68.041,-0.104,5.755,18.395,3.171,2,0.397,7
789,B5 LM,CRAWFORD,3140.5,66.186,-0.144,5.995,19.265,3.231,2,0.379,7
790,B5 LM,CRAWFORD,3141,62.184,-0.187,6.54,20.72,3.264,2,0.362,7
791,B5 LM,CRAWFORD,3141.5,57.883,-0.239,6,21.62,3.297,2,0.345,7
792,B5 LM,CRAWFORD,3142,54.039,-0.297,5.725,22.245,3.282,2,0.328,7
793,B5 LM,CRAWFORD,3142.5,53.154,-0.371,5.745,23.065,3.222,2,0.31,7
794,B5 LM,CRAWFORD,3143,60.506,-0.432,5.78,23.96,3.115,2,0.293,7
795,B5 LM,CRAWFORD,3143.5,68.99,-0.456,6.14,25.32,2.977,2,0.276,7
796,B5 LM,CRAWFORD,3144,88.891,-0.468,7.025,27.595,2.916,2,0.259,7
797,B5 LM,CRAWFORD,3144.5,114.955,-0.455,6.925,28.395,2.924,2,0.241,7
798,B5 LM,CRAWFORD,3145,139.876,-0.405,6.245,28.025,3.215,2,0.224,7
799,B5 LM,CRAWFORD,3145.5,157.729,-0.353,4.685,26.015,3.373,2,0.207,7
800,B5 LM,CRAWFORD,3146,167.803,-0.219,4.27,23.37,3.81,2,0.19,7
801,B5 LM,CRAWFORD,3146.5,151.183,-0.057,0.925,17.125,4.153,2,0.172,7
802,B5 LM,CRAWFORD,3147,123.264,0.067,0.285,14.215,4.404,2,0.155,7
803,B5 LM,CRAWFORD,3147.5,108.569,0.234,0.705,12.225,4.499,2,0.138,8
804,B5 LM,CRAWFORD,3148,101.072,0.427,1.15,10.76,4.392,2,0.121,8
805,B5 LM,CRAWFORD,3148.5,91.748,0.625,1.135,9.605,4.254,2,0.103,8
806,B5 LM,CRAWFORD,3149,83.794,0.749,2.075,7.845,4.023,2,0.086,8
807,B5 LM,CRAWFORD,3149.5,83.794,0.749,2.075,7.845,4.023,2,0.086,8
808,B5 LM,CRAWFORD,3150,79.722,0.771,2.89,6.64,4.04,2,0.069,4
809,B5 LM,CRAWFORD,3150.5,76.334,0.8,2.96,6.29,3.997,2,0.052,6
810,B5 LM,CRAWFORD,3151,73.631,0.8,2.68,6.69,3.828,2,0.034,4
811,B5 LM,CRAWFORD,3151.5,76.865,0.772,2.42,8.6,3.535,2,0.017,4
812,C SH,CRAWFORD,3152,79.924,0.752,2.62,11.51,3.148,1,1,4
813,C SH,CRAWFORD,3152.5,82.199,0.728,3.725,14.555,2.964,1,0.972,4
814,C SH,CRAWFORD,3153,79.953,0.7,5.61,16.93,2.793,1,0.944,4
815,C SH,CRAWFORD,3153.5,75.881,0.673,6.3,17.57,2.969,1,0.917,4
816,C SH,CRAWFORD,3154,67.47,0.652,4.775,15.795,3.282,1,0.889,4
817,C SH,CRAWFORD,3154.5,58.832,0.64,4.315,13.575,3.642,1,0.861,4
818,C SH,CRAWFORD,3155,57.946,0.631,3.595,11.305,3.893,1,0.833,4
819,C SH,CRAWFORD,3155.5,65.755,0.625,3.465,10.355,3.911,1,0.806,2
820,C SH,CRAWFORD,3156,69.445,0.617,3.39,11.54,3.82,1,0.778,2
821,C SH,CRAWFORD,3156.5,73.389,0.608,3.625,12.775,3.62,1,0.75,2
822,C SH,CRAWFORD,3157,77.115,0.605,4.14,13.42,3.467,1,0.722,4
823,C SH,CRAWFORD,3157.5,79.84,0.596,4.875,13.825,3.36,1,0.694,4
824,C SH,CRAWFORD,3158,82.616,0.577,5.235,14.845,3.207,1,0.667,4
825,C SH,CRAWFORD,3158.5,86.078,0.554,5.04,16.15,3.161,1,0.639,4
826,C SH,CRAWFORD,3159,88.855,0.539,5.56,16.75,3.118,1,0.611,4
827,C SH,CRAWFORD,3159.5,90.49,0.53,6.36,16.78,3.168,1,0.583,3
828,C SH,CRAWFORD,3160,90.975,0.522,7.035,16.995,3.154,1,0.556,3
829,C SH,CRAWFORD,3160.5,90.108,0.513,7.505,17.595,3.125,1,0.528,3
